participant_id,sample_id,timestamp,segment_id,BPM,ECG,RESP,label
6,0,500,1,0.2594214,0.016016012,2.1378987,0.2779
6,0,1000,1,0.37163472,-0.006092687,2.3824165,0.3229
6,0,1500,1,0.42698264,0.022346882,1.7965577,0.3686
6,0,2000,1,0.43592596,-0.02735539,1.4538684,0.4155
6,0,2500,1,0.43721348,-0.10073145,1.2636213,0.4628
6,0,3000,1,0.30795294,0.07954562,1.1064881,0.5105
6,0,3500,1,0.027472476,-0.7920654,0.7870414,0.5587
6,0,4000,1,-0.048927218,-0.20680997,0.6029581,0.6071
6,0,4500,1,-0.035677183,0.13699345,0.45719624,0.6413
6,0,5000,1,0.028321309,0.036578417,0.029229078,0.663
6,0,5500,1,0.115282156,0.11307056,-0.75641406,0.6798
6,0,6000,2,0.20868105,0.09472655,-1.4977211,0.6925
6,0,6500,2,0.2776322,0.32619578,0.8404401,0.7019
6,0,7000,2,0.5178406,-0.6295307,0.70887387,0.7097
6,0,7500,2,0.5178406,0.061732702,0.5606868,0.716
6,0,8000,2,0.5656439,-0.03394476,0.41882518,0.7201
6,0,8500,2,0.5746141,-0.15929788,-0.018673446,0.7229
6,0,9000,2,0.60175973,-0.098663464,-0.14373359,0.7244
6,0,9500,2,0.64493847,-0.1776842,-0.48602772,0.7241
6,0,10000,2,0.7047405,-0.069020696,-1.8012776,0.7225
6,0,10500,2,0.767818,-0.03342776,-2.1033282,0.7197
6,0,11000,2,0.829341,-0.060908534,-2.8415751,0.7157
6,0,11500,2,0.8991297,-0.043321215,-3.1148257,0.7106
6,0,12000,2,1.0032736,-0.23912232,1.9975417,0.7043
6,0,12500,2,1.1121917,-0.016667638,1.9810385,0.6969
6,0,13000,2,1.1490492,-0.02935288,1.6513904,0.6884
6,0,13500,2,1.095189,0.1924344,1.3129362,0.679
6,0,14000,2,0.8666821,0.2800937,1.1155542,0.6689
6,0,14500,2,0.41450253,0.06740087,0.8586772,0.6582
6,0,15000,2,-0.14665405,0.14772351,0.80581784,0.6478
6,0,15500,2,-0.42058447,-0.46219268,0.57251394,0.637
6,0,16000,2,-0.46689573,0.37670174,0.54342544,0.6259
6,0,16500,2,-0.511547,0.050269455,0.5721083,0.6145
6,0,17000,2,-0.56468195,-0.43175092,0.44234547,0.603
6,0,17500,2,-0.6600531,0.04203509,0.2741033,0.5915
6,0,18000,2,-0.7275098,0.14268982,-0.23467018,0.5799
6,0,18500,2,-0.8043864,0.11711725,0.06792111,0.5683
6,0,19000,2,-0.705296,-0.53166777,0.2595128,0.5567
6,0,19500,2,-0.6150871,-0.10091475,0.21086036,0.5451
6,0,20000,2,-0.52965915,-0.30394912,-0.06429231,0.5334
6,0,20500,2,-0.45145482,-0.047250398,0.027541868,0.5226
6,0,21000,2,-0.3421895,0.09247526,-0.30747554,0.5117
6,0,21500,2,-0.28873515,-0.07467007,-0.78625363,0.5007
6,0,22000,2,-0.20856734,-0.31445357,-0.73152053,0.4895
6,0,22500,2,-0.07620312,-0.19699171,-1.6555645,0.4771
6,0,23000,2,0.10520752,0.077609226,-2.9755857,0.4646
6,0,23500,2,0.18550552,-0.015896842,-1.1838956,0.4518
6,0,24000,3,0.43150166,-0.4165747,1.3439019,0.4389
6,0,24500,3,0.55335766,-0.0057636886,1.1874334,0.4268
6,0,25000,3,0.6831749,-0.07157748,0.9868045,0.4144
6,0,25500,3,0.6939397,-0.1772894,0.5860907,0.4018
6,0,26000,3,0.5918595,-0.18007179,0.19182162,0.389
6,0,26500,3,0.51341635,0.09592974,0.15406832,0.3761
6,0,27000,3,0.43722945,0.17713597,-0.47726542,0.3632
6,0,27500,3,0.37232128,-0.045962602,0.029769208,0.3504
6,0,28000,3,0.39383453,0.15656887,0.7204296,0.3375
6,0,28500,3,0.4791621,0.13935284,0.7118751,0.3246
6,0,29000,3,0.39334348,0.29671752,0.61133635,0.3119
6,0,29500,3,0.31998748,-0.34816653,0.36187294,0.2994
6,0,30000,3,0.16283612,0.08806668,0.025418412,0.2872
6,0,30500,3,0.10530223,0.076175734,-0.1390157,0.2753
6,0,31000,3,0.018626256,0.11636995,-0.9901533,0.2637
6,0,31500,3,-0.031278536,0.04183299,-1.2072041,0.2532
6,0,32000,3,0.092124335,0.44372344,0.7145483,0.242
6,0,32500,3,0.39704993,0.2351572,0.65248305,0.2312
6,0,33000,3,0.36358902,-0.23632112,0.46036232,0.2209
6,0,33500,3,0.51321304,-0.09682577,0.3656693,0.2111
6,0,34000,3,0.58607155,0.190216,-0.52983594,0.2016
6,0,34500,3,0.60183746,0.10260371,0.3693761,0.1931
6,0,35000,4,0.7136528,0.07510884,0.42288446,0.1848
6,0,35500,4,0.6219825,-0.09406218,0.5379973,0.1761
6,0,36000,4,0.60609883,0.034510426,0.39712518,0.1677
6,0,36500,4,0.4976691,0.12733969,0.11205936,0.1597
6,0,37000,4,0.35798913,-0.017353835,-0.24882004,0.1521
6,0,37500,4,0.27529982,0.09902233,-0.25657678,0.1451
6,0,38000,4,0.16234443,0.26481876,-1.9464842,0.1384
6,0,38500,4,0.17734592,-0.22956255,-3.1905046,0.132
6,0,39000,4,0.13380857,0.10920248,-3.645832,0.1251
6,0,39500,4,0.11751855,0.0054175598,-0.84934044,0.1187
6,0,40000,4,0.25714287,0.24253617,1.8353935,0.1128
6,0,40500,4,0.35900456,0.0836346,1.6478924,0.1072
6,0,41000,4,0.38333252,0.028442753,1.1490364,0.1017
6,0,41500,4,0.42672935,-0.1117858,0.5473943,0.0965
6,0,42000,4,0.45164087,-0.20301238,0.001111149,0.0907
6,0,42500,4,0.44062614,0.06379129,-1.7124298,0.0851
6,0,43000,4,0.37240294,-0.20404637,0.5814633,0.0799
6,0,43500,4,0.56976104,-0.12307515,1.1360357,0.0747
6,0,44000,4,0.5159049,0.1273632,1.0303737,0.0695
6,0,44500,4,0.63637316,-0.022448612,0.87958175,0.0643
6,0,45000,4,0.5958084,-0.2637267,0.7194926,0.0587
6,0,45500,4,0.46118996,-0.11840337,0.6132398,0.0533
6,0,46000,4,0.2507127,0.03113114,0.20923968,0.0479
6,0,46500,4,0.053228706,-0.036496848,-0.13549334,0.0425
6,0,47000,4,-0.011338716,0.24625856,-0.45477027,0.0369
6,0,47500,4,-0.07703491,-0.6103971,-1.7202128,0.0308
6,0,48000,4,0.040242568,-0.08866191,-0.9030598,0.025
6,0,48500,4,0.1916016,0.23032093,0.9548692,0.0191
6,0,49000,4,0.30364388,0.09949703,0.91520256,0.0132
6,0,49500,4,0.39883405,-0.12962691,0.8100869,0.0074
6,0,50000,4,0.5165178,0.08208831,0.73585,0.0016
6,0,50500,4,0.5703205,0.108013384,0.49000987,-0.0045
6,0,51000,4,0.48279202,0.106725596,0.39589757,-0.0102
6,0,51500,4,0.44462755,0.37382537,0.3463408,-0.0158
6,0,52000,5,0.2019093,-0.37100372,0.09763695,-0.0212
6,0,52500,5,-0.053989448,0.13198797,0.3925786,-0.0263
6,0,53000,5,-0.078787215,0.1489126,0.19921942,-0.0315
6,0,53500,5,-0.06942723,0.048488162,0.1686197,-0.0364
6,0,54000,5,-0.111094676,0.23009533,0.09502998,-0.041
6,0,54500,5,-0.09157739,-0.40137026,-0.0014249185,-0.0452
6,0,55000,6,-0.019659458,0.2533602,0.04896582,-0.0491
6,0,55500,6,0.08855176,0.27062324,-0.86189646,-0.053
6,0,56000,6,0.19800527,0.026073964,-1.6844546,-0.0565
6,0,56500,6,0.30121505,-0.18442397,-0.5945957,-0.0595
6,0,57000,6,0.44124627,0.012472227,0.5900067,-0.0622
6,0,57500,6,0.5746141,-0.14929633,0.57094955,-0.0645
6,0,58000,6,0.5767422,-0.14359525,0.39764315,-0.0666
6,0,58500,6,0.56977165,-0.1547295,0.056744143,-0.0686
6,0,59000,6,0.47147903,-0.008818675,0.06440954,-0.0703
6,0,59500,6,0.32864594,-0.42452705,0.25571442,-0.0717
6,0,60000,6,0.116417035,-0.019746125,0.27060226,-0.0731
6,0,60500,6,-0.12084856,0.18300624,0.0991981,-0.0745
6,0,61000,6,-0.33563548,0.09773453,-0.30491057,-0.0757
6,0,61500,6,-0.6048411,-0.36236045,-0.49119905,-0.077
6,0,62000,6,-0.70696616,0.17112939,0.1802942,-0.0784
6,0,62500,6,-0.7228042,-0.041812524,0.2747733,-0.0799
6,0,63000,6,-0.6274291,-0.36299494,0.33300012,-0.0817
6,0,63500,6,-0.6418535,0.004609164,0.20303126,-0.0834
6,0,64000,6,-0.6540329,0.01653771,0.11674456,-0.0855
6,0,64500,6,-0.66678184,0.060393207,-0.5433196,-0.088
6,0,65000,6,-0.6882375,-0.45009965,-2.0282202,-0.0909
6,0,65500,6,-0.60940903,0.24895164,-3.4399545,-0.0943
6,0,66000,6,-0.49670395,-0.07596727,-4.087335,-0.0985
6,0,66500,6,-0.3341563,0.030153546,-0.98922104,-0.1025
6,0,67000,7,-0.098813325,-0.30199862,2.1203039,-0.1071
6,0,67500,7,0.19037987,0.18239054,1.6871446,-0.1124
6,0,68000,7,0.42914435,-0.023318108,1.4894892,-0.1182
6,0,68500,7,0.54297787,-0.19609872,1.288783,-0.1247
6,0,69000,7,0.5456687,0.009445442,1.0376003,-0.1311
6,0,69500,7,0.33359775,0.1289471,0.75567544,-0.138
6,0,70000,7,0.052402947,-0.12575884,0.25046632,-0.1453
6,0,70500,7,-0.21833737,-0.38242936,0.21409033,-0.1529
6,0,71000,7,-0.34145817,0.10123132,0.065347396,-0.1613
6,0,71500,8,-0.43587857,0.2343864,0.6929344,-0.1692
6,0,72000,8,-0.4726807,0.10326171,0.59184533,-0.1775
6,0,72500,8,-0.38924706,-0.1771719,0.5047553,-0.1859
6,0,73000,8,-0.2834676,0.10462,0.11949073,-0.1943
6,0,73500,8,-0.31756002,0.23936369,-0.052409474,-0.2027
6,0,74000,8,-0.3749042,-0.036919843,-0.5880254,-0.2118
6,0,74500,9,-0.45757377,0.24050108,-0.086104654,-0.2202
6,0,75000,9,-0.3642087,-0.27746943,0.41904435,-0.2285
6,0,75500,9,-0.34161216,0.16218063,0.41086712,-0.2365
6,0,76000,9,-0.28068724,-0.0012564092,0.35637042,-0.2443
6,0,76500,9,-0.19920938,0.026337164,0.31603056,-0.2525
6,0,77000,9,-0.14174193,-0.35569587,0.19141135,-0.2603
6,0,77500,9,-0.10831171,0.2989077,-0.15433511,-0.2675
6,0,78000,9,-0.013635583,0.2797365,0.1883404,-0.2742
6,0,78500,9,0.19533737,0.2812922,0.24605133,-0.2805
6,0,79000,9,0.29948542,0.07036186,0.18639669,-0.2871
6,0,79500,9,0.27231038,-0.19511642,-0.20865382,-0.293
6,0,80000,9,0.22739618,0.027991556,-0.16006002,-0.2984
6,0,80500,9,0.12897108,-0.27196577,-0.37912184,-0.3031
6,0,81000,9,-0.06469536,-0.013203754,-0.47651637,-0.3073
6,0,81500,9,-0.11300705,-0.5196029,-0.5333659,-0.3107
6,0,82000,9,-0.17307705,-0.5380268,-0.97704726,-0.3141
6,0,82500,9,-0.24404518,-0.14114186,-2.380438,-0.3169
6,0,83000,9,-0.2319796,-0.20842676,-3.1417391,-0.3189
6,0,83500,10,-0.29717097,0.22970523,0.06561352,-0.3203
6,0,84000,10,-0.17054123,0.2811136,1.0924845,-0.3212
6,0,84500,10,-0.029255254,-0.04180312,0.82647055,-0.3215
6,0,85000,10,0.054644123,0.037325714,0.6088018,-0.3216
6,0,85500,10,0.12897108,0.20369555,0.26685548,-0.3211
6,0,86000,10,-0.017319193,-0.44441268,-0.04361976,-0.3203
6,0,86500,10,-0.017906703,0.032470636,0.9048809,-0.3193
6,0,87000,10,-0.0049475674,0.18795063,0.75310844,-0.3181
6,0,87500,10,0.034354877,-0.10519643,0.29113007,-0.3167
6,0,88000,10,0.07854962,-0.102056846,-0.17281272,-0.3153
6,0,88500,10,0.06957198,-0.14007027,-0.4626119,-0.3138
6,0,89000,10,0.18550552,-1.0769264,-1.2032849,-0.3125
6,0,89500,10,0.20704809,-0.1555661,-0.39240125,-0.3113
6,0,90000,10,0.4063298,0.07427694,0.8915588,-0.3104
6,0,90500,10,0.43191803,0.19317229,0.750193,-0.3099
6,0,91000,10,0.48731893,0.011776631,0.7723806,-0.3097
6,0,91500,10,0.5272329,0.08885158,0.6339923,-0.3099
6,0,92000,10,0.3974546,0.023272777,0.50428814,-0.3105
6,0,92500,10,0.12829407,0.15544558,0.22522148,-0.3118
6,0,93000,10,-0.13464458,-0.32327074,0.24204281,-0.3135
6,0,93500,10,-0.38575104,0.17524187,-0.14378552,-0.3155
6,0,94000,10,-0.48269475,0.2576983,-0.33771548,-0.3177
6,0,94500,10,-0.49426538,0.5410694,-1.5827045,-0.3203
6,0,95000,10,-0.5296056,-0.27767622,-3.255398,-0.3233
6,0,95500,10,-0.45990038,0.41965955,-1.9700544,-0.3265
6,0,96000,10,-0.27405053,0.4991597,1.3162502,-0.3299
6,0,96500,10,-0.041849736,0.1477799,0.97416705,-0.3335
6,0,97000,10,0.09580626,0.23313151,1.1646333,-0.3369
6,0,97500,10,0.21842681,-0.438016,0.8889732,-0.3403
6,0,98000,10,0.18741496,0.21044001,0.86843514,-0.3434
6,0,98500,10,0.09586619,-0.037685942,0.5324854,-0.3465
6,0,99000,10,-0.0286884,0.18338224,0.17241403,-0.3493
6,0,99500,10,-0.11042783,-0.0070326827,0.0643077,-0.3519
6,0,100000,10,-0.08133191,0.45780927,0.4833623,-0.3541
6,0,100500,10,-0.032834392,-0.33996505,0.48315188,-0.3559
6,0,101000,10,-0.075359814,0.028015057,0.36539385,-0.3576
6,0,101500,10,-0.12926582,0.13790995,0.28737366,-0.3589
6,0,102000,10,-0.1834844,-0.056819554,0.13524726,-0.3599
6,0,102500,11,-0.23212896,0.31678644,-0.70401716,-0.3607
6,0,103000,11,-0.23876864,-0.5896937,-1.5596474,-0.361
6,0,103500,11,-0.23876864,0.006484455,-2.728066,-0.3612
6,0,104000,11,-0.1867066,0.077209726,-4.010026,-0.3612
6,0,104500,11,-0.08891523,-0.15379891,-2.8828928,-0.3611
6,0,105000,11,0.07965767,0.26977724,2.1095524,-0.3611
6,0,105500,11,0.3665186,0.20424074,1.7184691,-0.3611
6,0,106000,11,0.4079762,-0.3027788,1.4756571,-0.3612
6,0,106500,11,0.46944696,-0.13500369,1.2328013,-0.3613
6,0,107000,11,0.35826162,0.012218429,0.5139156,-0.3617
6,0,107500,11,0.16041577,0.048276663,-0.08549479,-0.3625
6,0,108000,11,-0.007844648,0.002616373,-0.18313733,-0.3634
6,0,108500,11,-0.11070926,0.39480138,1.0448732,-0.3646
6,0,109000,11,-0.098813325,-0.15628989,0.91505575,-0.3663
6,0,109500,12,-0.23632222,0.18295924,0.38803288,-0.3684
6,0,110000,12,-0.28411072,0.12387112,-0.17224954,-0.3711
6,0,110500,12,-0.35147664,-0.05727075,-0.42747375,-0.3743
6,0,111000,12,-0.4939084,-0.5241572,-1.6067437,-0.3781
6,0,111500,12,-0.5694845,0.06312859,-3.0209417,-0.3825
6,0,112000,12,-0.573718,0.20456974,-0.59968793,-0.3874
6,0,112500,12,-0.5127918,0.31543753,1.7364166,-0.3929
6,0,113000,12,-0.2857025,-0.24045241,1.4951984,-0.3989
6,0,113500,12,-0.17777948,0.073205344,1.0790861,-0.4053
6,0,114000,12,-0.07785822,-0.018740328,0.585376,-0.4122
6,0,114500,12,-0.054523375,0.10955498,0.013924549,-0.4194
6,0,115000,12,-0.06394743,0.03747611,-0.4435609,-0.4267
6,0,115500,13,-0.04483829,0.28940904,0.48045826,-0.4342
6,0,116000,13,0.0046701888,-0.15299521,0.8775371,-0.4419
6,0,116500,13,-0.13948871,0.021444486,0.9127231,-0.4498
6,0,117000,13,-0.11162937,0.20523244,0.5733027,-0.4577
6,0,117500,13,-0.12447632,-0.060133036,0.18314308,-0.4655
6,0,118000,13,-0.2857025,-0.13829368,-0.19980487,-0.4731
6,0,118500,14,-0.52739173,0.0150008155,-0.6020349,-0.4807
6,0,119000,14,-0.59304684,0.0009760804,-1.8921025,-0.4881
6,0,119500,14,-0.60062814,-0.15727219,-1.897044,-0.4953
6,0,120000,14,-0.43298805,-0.14442246,1.1667737,-0.5025
6,0,120500,14,-0.01546209,-0.27524164,0.7393522,-0.5095
6,0,121000,14,-0.12205892,-1.2875371,0.49001336,-0.5165
6,0,121500,14,-0.1337515,-1.6406794,0.3025673,-0.5237
6,0,122000,14,-0.089267366,-0.8356436,0.16424556,-0.5309
6,0,122500,14,-0.10593863,0.28510857,0.12968548,-0.5382
6,0,123000,14,-0.062397547,-0.0678363,-0.26262617,-0.5459
6,0,123500,14,-0.04508718,0.26698077,-1.9260287,-0.5536
6,0,124000,14,0.0036127958,-0.019168027,-0.39411825,-0.5611
6,0,124500,14,0.105507344,-0.92774904,1.2454737,-0.5686
6,0,125000,14,0.23115663,-0.99395293,0.9996605,-0.5759
6,0,125500,14,0.30695534,-0.27731434,0.8849591,-0.5829
6,0,126000,14,0.32864594,-0.017555933,0.49829563,-0.5897
6,0,126500,14,0.08090348,0.30372047,0.14976713,-0.5963
6,0,127000,14,-0.11844026,0.15444447,-0.32906407,-0.6023
6,0,127500,14,-0.23941208,-0.8885747,-0.9880658,-0.6078
6,0,128000,14,-0.3018603,-0.88906825,-2.508677,-0.6126
6,0,128500,14,-0.32512817,-0.55797356,-0.40196222,-0.6165
6,0,129000,14,-0.22340994,0.53139687,1.0832772,-0.6194
6,0,129500,14,-0.11157891,0.6701543,1.155688,-0.6212
6,0,130000,14,-0.030321732,0.5038127,0.9098535,-0.6217
6,0,130500,14,-0.018734692,0.2765781,0.29576275,-0.6211
6,0,131000,14,-0.13464458,-0.12033036,-0.3962624,-0.6192
6,0,131500,14,-0.14765446,0.22281976,-1.8940666,-0.6161
6,0,132000,14,-0.20237355,0.194493,-3.3700483,-0.6119
6,0,132500,14,-0.21902649,0.19520268,-2.045764,-0.6067
6,0,133000,14,-0.18704048,0.37557375,-3.3210106,-0.6006
6,0,133500,14,-0.12038132,0.1498197,-2.797863,-0.5937
6,0,134000,14,0.002961847,0.45532298,-2.3348227,-0.5859
6,0,134500,14,0.09424979,0.22047918,-1.3028358,-0.5777
6,0,135000,14,0.20592952,0.5404772,3.2430656,-0.5693
6,0,135500,14,0.23749314,0.3003741,2.729595,-0.5608
6,0,136000,14,0.22557598,0.0399906,2.0389662,-0.5525
6,0,136500,15,0.23587428,0.11770004,1.4773551,-0.5445
6,0,137000,15,0.04280089,-0.27018917,0.059637085,-0.5369
6,0,137500,15,-0.18746516,-0.10942171,-2.2294047,-0.5299
6,0,138000,15,-0.316056,0.22838454,1.2897229,-0.5237
6,0,138500,15,-0.39897442,0.019757194,1.7192374,-0.5185
6,0,139000,15,-0.41435468,-0.34062776,1.1717658,-0.5143
6,0,139500,15,-0.403616,0.23354511,-0.3850096,-0.5111
6,0,140000,15,-0.4591119,0.33494714,-1.2508646,-0.5091
6,0,140500,15,-0.5153454,0.058188915,0.33310604,-0.5081
6,0,141000,15,-0.49990174,-0.23574303,1.3288375,-0.5086
6,0,141500,15,-0.47128224,0.15620697,1.1151428,-0.5101
6,0,142000,15,-0.3925918,0.18324594,0.6275274,-0.5125
6,0,142500,15,-0.30621114,-0.11335559,-2.555663,-0.5157
6,0,143000,15,-0.25900868,-0.12832503,-2.3862207,-0.5195
6,0,143500,15,-0.118172154,0.20347464,1.9534591,-0.5237
6,0,144000,15,0.05842143,0.04205859,1.7582762,-0.5285
6,0,144500,15,0.073018715,-0.008940874,1.3990014,-0.5337
6,0,145000,15,0.062993675,-0.18012348,0.82256126,-0.5391
6,0,145500,15,0.054292873,-0.06961759,-0.040587917,-0.5449
6,0,146000,15,-0.07703491,-0.6299302,-0.7051873,-0.5508
6,0,146500,16,-0.13682419,-1.3201174,0.836445,-0.5567
6,0,147000,16,-0.081226066,-1.9778981,1.3809067,-0.5624
6,0,147500,16,-0.07535242,-0.99313515,1.0383835,-0.5681
6,0,148000,16,-0.07858667,-0.44736895,0.7310696,-0.5735
6,0,148500,16,-0.017906703,0.2131566,0.65654963,-0.5783
6,0,149000,16,-0.14855474,-0.41257033,0.5939507,-0.5828
6,0,149500,16,-0.19956675,-0.11460109,0.40711918,-0.5871
6,0,150000,16,-0.25074363,-0.33707455,0.1934709,-0.5909
6,0,150500,16,-0.24357982,-0.07386167,0.24241632,-0.5945
6,0,151000,16,-0.062397547,-0.6748291,0.36268562,-0.5979
6,0,151500,16,-0.062397547,-1.3068681,0.3910119,-0.6007
6,0,152000,16,0.026568515,-0.49178374,0.30141965,-0.6029
6,0,152500,16,0.04146032,0.1287309,0.13512908,-0.6041
6,0,153000,16,0.017913638,0.15857105,0.12046448,-0.6045
6,0,153500,16,0.0005577922,0.34823397,0.19424038,-0.6042
6,0,154000,16,0.051259406,0.7488225,0.13408852,-0.603
6,0,154500,16,0.14498596,-0.17305942,-0.12192504,-0.601
6,0,155000,16,0.09286094,0.26719695,-0.6507676,-0.5981
6,0,155500,16,0.052681863,0.33847684,-2.2441037,-0.5943
6,0,156000,16,0.05174038,0.24922894,-3.7414021,-0.5892
6,0,156500,16,0.07954764,0.14396822,-3.8925982,-0.5835
6,0,157000,16,0.096324414,0.26825914,-3.20953,-0.5771
6,0,157500,16,0.08157352,-0.29493457,2.1240687,-0.5703
6,0,158000,16,0.25333133,-0.54581,1.9808946,-0.5632
6,0,158500,16,0.22408147,-0.9060962,1.7028203,-0.5559
6,0,159000,16,0.19053468,-0.20694156,0.78710854,-0.5486
6,0,159500,16,0.083733775,-0.15883258,0.1789411,-0.5418
6,0,160000,16,-0.09047982,0.08864478,-1.0564935,-0.5357
6,0,160500,16,-0.21148397,-0.41202042,-2.7934675,-0.5303
6,0,161000,16,-0.326491,0.11632765,1.4696113,-0.5257
6,0,161500,16,-0.2535509,0.3663947,1.6183349,-0.522
6,0,162000,16,-0.13916692,0.20687273,1.4308734,-0.5196
6,0,162500,17,-0.08070533,0.39351356,1.106847,-0.5183
6,0,163000,17,-0.04026153,-0.27062628,0.6387601,-0.5179
6,0,163500,17,-0.11916576,0.17400108,-0.043355677,-0.5192
6,0,164000,17,-0.13464458,0.2810525,-1.1619738,-0.5214
6,0,164500,17,-0.13464458,-0.073283575,-3.1710963,-0.5247
6,0,165000,17,-0.12626393,-0.25621143,-3.6880627,-0.5287
6,0,165500,17,-0.062397547,-0.49976432,-3.1089184,-0.5332
6,0,166000,17,-0.042563673,0.2796472,-2.5921917,-0.538
6,0,166500,17,0.023455555,0.34148952,-2.1634703,-0.5429
6,0,167000,17,0.118744746,0.54390347,-0.35923395,-0.5476
6,0,167500,17,0.2976054,0.6265338,3.3520577,-0.5521
6,0,168000,17,0.4441896,0.24965194,2.9969804,-0.5565
6,0,168500,17,0.43012115,-0.3711917,2.1290755,-0.5604
6,0,169000,17,0.42734542,-0.3496987,0.55054283,-0.5639
6,0,169500,17,0.2350592,-0.38856283,-1.7385269,-0.5665
6,0,170000,17,-0.06733554,0.0617844,-2.207973,-0.5687
6,0,170500,17,-0.35258016,0.5606777,0.38494238,-0.5705
6,0,171000,17,-0.6600514,1.0401084,2.618744,-0.5719
6,0,171500,17,-0.6218063,0.009981239,2.353188,-0.5728
6,0,172000,17,-0.6111522,0.28543288,1.9073392,-0.5731
6,0,172500,18,-0.621854,0.05385554,1.5703945,-0.5731
6,0,173000,18,-0.6882375,0.086905785,1.4392196,-0.5731
6,0,173500,18,-0.6254356,-0.09236549,1.2190752,-0.573
6,0,174000,18,-0.63630074,0.4990469,0.91503125,-0.573
6,0,174500,18,-0.6646162,0.59153306,0.8945723,-0.5733
6,0,175000,18,-0.43298805,-0.32484522,0.48044512,-0.574
6,0,175500,18,-0.41957203,0.17803836,0.46450007,-0.5751
6,0,176000,18,-0.33939937,0.060496606,0.33904046,-0.5765
6,0,176500,18,-0.23276822,-0.1119456,-0.0030844072,-0.5788
6,0,177000,18,-0.17689015,-0.40860823,-0.15643348,-0.5815
6,0,177500,18,-0.08142854,-0.24762458,0.0029749004,-0.5847
6,0,178000,18,0.013800626,-0.6295119,-0.28261328,-0.5887
6,0,178500,18,0.09779266,-0.37927097,-0.5065056,-0.5929
6,0,179000,18,0.18337882,0.04893936,-0.6192426,-0.5975
6,0,179500,18,0.25600612,0.123119116,-0.92933005,-0.6025
6,0,180000,18,0.31060338,0.3176982,0.354092,-0.6081
6,0,180500,18,0.41147494,0.4314565,0.49595422,-0.6139
6,0,181000,18,0.32864594,-0.31782344,0.6051554,-0.6201
6,0,181500,18,0.23590113,0.1720412,0.15541762,-0.6268
6,0,182000,18,0.0201694,0.31136736,0.15063438,-0.6336
6,0,182500,18,-0.22978789,0.16729422,-0.008158293,-0.6405
6,0,183000,18,-0.63862675,-0.30872428,-2.05023,-0.6478
6,0,183500,18,-0.866541,-0.05266477,-2.8391185,-0.6553
6,0,184000,18,-0.95121944,-0.11467629,-0.5206345,-0.6627
6,0,184500,18,-0.9847795,-0.25440663,1.1872522,-0.6703
6,0,185000,18,-0.8344387,-0.008278177,0.84090084,-0.678
6,0,185500,18,-0.72741914,-0.16143167,0.20231254,-0.6853
6,0,186000,18,-0.6184871,0.3035043,0.896839,-0.6931
6,0,186500,18,-0.41435468,-0.840085,0.8679744,-0.7006
6,0,187000,18,-0.41005567,-0.062821425,0.6243044,-0.708
6,0,187500,18,-0.38640985,-0.14711083,0.0953889,-0.7151
6,0,188000,18,-0.34841844,0.18862742,-0.3294898,-0.7218
6,0,188500,18,-0.31860775,-0.21116684,-0.9229708,-0.7281
6,0,189000,18,-0.24878547,0.21875428,-0.855719,-0.734
6,0,189500,19,-0.064913064,0.3419548,0.61178344,-0.7395
6,0,190000,19,0.07287384,0.02733356,0.66600376,-0.7443
6,0,190500,19,0.14697923,-0.09742267,0.6659597,-0.7483
6,0,191000,19,0.22931097,0.119354434,0.5071108,-0.7518
6,0,191500,19,0.18550552,-0.38786724,-0.014861612,-0.7543
6,0,192000,19,0.008401589,0.080255315,-1.6660776,-0.7558
6,0,192500,19,-0.08320963,0.2803334,-2.05032,-0.7567
6,0,193000,19,-0.18188079,0.16991681,0.641864,-0.7564
6,0,193500,19,-0.28670746,0.2775228,0.8494734,-0.7551
6,0,194000,19,-0.29892564,-0.5176994,0.6577711,-0.7531
6,0,194500,19,-0.42805985,0.003673868,0.602509,-0.7495
6,0,195000,19,-0.48900288,0.042946886,0.41410467,-0.7449
6,0,195500,19,-0.51183563,-0.42137808,0.46607262,-0.7393
6,0,196000,19,-0.6780062,0.015264015,0.2848811,-0.7318
6,0,196500,19,-0.65853906,0.0830001,-0.029934157,-0.7231
6,0,197000,20,-0.62428916,-0.23063885,-1.665131,-0.7128
6,0,197500,20,-0.57623893,-0.5635947,-1.4033613,-0.7014
6,0,198000,20,-0.38614628,-0.33920366,0.8723167,-0.689
6,0,198500,20,-0.0499433,-0.19428451,1.052219,-0.6748
6,0,199000,20,0.101398245,0.094848745,0.911009,-0.6597
6,0,199500,20,0.09726596,-0.64887583,0.7119515,-0.6436
6,0,200000,20,0.090298206,-0.66199815,0.41752318,-0.6259
6,0,200500,20,0.019846462,-1.2254362,-4.6314707,-0.6075
6,0,201000,21,-0.09298981,-0.11397129,-4.158691,-0.5878
6,0,201500,21,-0.06257528,0.05300014,-2.8209615,-0.5655
6,0,202000,21,-0.115243964,-0.7215234,0.59765047,-0.5426
6,0,202500,21,-0.2752015,0.12267262,-1.2290864,-0.5185
6,0,203000,21,-0.38924706,-0.7735522,-2.5533748,-0.4919
6,0,203500,21,-0.54039615,-0.026170995,-2.4696748,-0.4653
6,0,204000,21,-0.641893,-0.6806665,-2.0612204,-0.438
6,0,204500,21,-0.67732155,-1.5428258,-1.7207716,-0.4095
6,0,205000,21,-0.6375074,-0.90425384,3.0020473,-0.3809
6,0,205500,21,-0.50752276,-0.27516174,3.3490922,-0.3523
6,0,206000,21,-0.3241936,-0.6102091,2.8178434,-0.3239
6,0,206500,22,-0.14574683,-0.20941375,2.3640943,-0.2966
6,0,207000,22,0.0046701888,-0.70132756,2.1052766,-0.2704
6,0,207500,22,0.1239386,0.102881014,1.9645267,-0.2459
6,0,208000,22,0.36809966,0.058588415,1.4284602,-0.2234
6,0,208500,22,0.39891827,0.3031518,1.2031499,-0.203
6,0,209000,22,0.2650432,0.34167752,0.5768215,-0.1865
6,0,209500,22,0.0727069,0.2750788,0.3384592,-0.1725
6,0,210000,22,-0.19771212,-0.10734432,0.10088648,-0.1608
6,0,210500,22,-0.48360986,0.44515222,0.77017283,-0.1537
6,0,211000,22,-0.38003954,0.24557236,0.5759922,-0.1491
6,0,211500,22,-0.24055533,0.15701537,0.47160405,-0.147
6,0,212000,22,-0.24387571,-0.06361102,0.38878778,-0.1491
6,0,212500,22,-0.14174193,-1.4348391,0.23903315,-0.1534
6,0,213000,22,-0.14174193,-0.30128422,0.042538837,-0.1596
6,0,213500,22,-0.10285449,-0.116565675,0.033565868,-0.1682
6,0,214000,22,-0.052938,-0.2420128,-0.4429306,-0.1784
6,0,214500,22,-0.0017825312,-0.069199294,-3.2161996,-0.1895
6,0,215000,22,0.09726596,-0.25260186,-4.42737,-0.2013
6,0,215500,22,0.1278931,0.0001394843,-3.6881647,-0.2133
6,0,216000,22,0.1416869,-0.06326322,-3.0732608,-0.226
6,0,216500,22,0.071153656,0.19904727,-2.534515,-0.2384
6,0,217000,22,0.011210284,0.4076981,2.3726943,-0.2507
6,0,217500,22,-0.00986663,0.6016192,2.7534811,-0.2632
6,0,218000,22,-0.047664355,0.10969128,2.2354188,-0.2757
6,0,218500,22,-0.16996162,0.049414057,0.8769246,-0.288
6,0,219000,22,-0.45597583,-0.5084076,1.6198537,-0.3001
6,0,219500,22,-0.8348648,-0.79424614,1.4415333,-0.3115
6,0,220000,22,-0.76034576,-0.23297474,1.4052194,-0.3231
6,0,220500,22,-0.88339615,0.18232945,1.1974449,-0.3344
6,0,221000,22,-1.088442,-0.18222438,0.9922271,-0.3455
6,0,221500,22,-1.0017802,0.28680527,0.7167397,-0.3558
6,0,222000,22,-1.0244783,0.23672229,0.65560216,-0.3659
6,0,222500,22,-1.1738214,-0.085151024,0.52381593,-0.3759
6,0,223000,22,-1.1178102,0.44308424,-0.040288817,-0.3857
6,0,223500,22,-1.0753299,0.1051793,-0.1725568,-0.3947
6,0,224000,23,-0.9801319,-0.41019213,0.39873594,-0.4035
6,0,224500,23,-0.74927443,0.22223227,0.3783946,-0.4118
6,0,225000,23,-0.5805426,0.4108518,0.4151292,-0.4197
6,0,225500,23,-0.46312955,0.6413387,0.3240534,-0.4267
6,0,226000,23,-0.39555243,-0.38857222,0.06285276,-0.4331
6,0,226500,23,-0.32656088,0.1730329,-0.54485184,-0.439
6,0,227000,23,-0.2663253,0.019226097,-1.3115184,-0.4444
6,0,227500,24,-0.22028184,0.05981511,-2.1392148,-0.4488
6,0,228000,24,-0.19771212,0.39173228,0.51581,-0.4529
6,0,228500,24,0.029535843,0.169522,0.6761168,-0.4565
6,0,229000,24,-0.10315466,0.42787042,0.5219303,-0.4601
6,0,229500,24,-0.11297065,0.28705907,-0.057226572,-0.4635
6,0,230000,24,-0.093971014,0.13579026,-1.5829033,-0.4666
6,0,230500,24,-0.16990528,0.36520562,-2.0395906,-0.4698
6,0,231000,24,-0.16299623,-0.18152408,-2.1429782,-0.4731
6,0,231500,24,-0.18810347,0.3026583,-2.5294018,-0.4766
6,0,232000,24,-0.21006781,0.20978202,-3.3125627,-0.4803
6,0,232500,24,-0.23770183,0.09989183,-2.797711,-0.4841
6,0,233000,24,-0.3055066,-0.12296235,-1.9083817,-0.4881
6,0,233500,24,-0.21570767,0.26045248,2.7789364,-0.4924
6,0,234000,24,-0.19593282,0.23851769,2.5217822,-0.4969
6,0,234500,24,-0.12937644,0.09761704,1.688936,-0.5018
6,0,235000,24,-0.059147567,0.20531704,-0.50627595,-0.5067
6,0,235500,24,-0.16289812,-0.29042727,-3.0756266,-0.5115
6,0,236000,24,-0.2634944,-0.11303599,-2.6146681,-0.5162
6,0,236500,24,-0.32919586,0.006719454,-2.1791506,-0.5206
6,0,237000,24,-0.3913372,-0.3518795,-1.8184372,-0.5249
6,0,237500,24,-0.47582182,-0.38148466,0.20320605,-0.5289
6,0,238000,24,-0.32844272,0.19837987,2.885212,-0.5327
6,0,238500,24,-0.3080915,0.20948122,1.099756,-0.5363
6,0,239000,24,-0.26604527,0.023197578,1.6419477,-0.5397
6,0,239500,24,-0.18959779,0.4039193,2.7554567,-0.5432
6,0,240000,24,-0.17689015,-0.19532321,2.4544275,-0.5467
6,0,240500,24,-0.051849753,0.17952825,2.0530777,-0.5503
6,0,241000,24,-0.10862346,0.22856313,1.0711327,-0.5539
6,0,241500,24,-0.19432299,0.090294465,-0.21851037,-0.5576
6,0,242000,24,-0.27266362,0.48545456,-2.889075,-0.5614
6,0,242500,24,-0.27906013,-0.18193768,-3.3537543,-0.5655
6,0,243000,24,-0.263821,0.08132691,-2.79739,-0.5699
6,0,243500,24,-0.22517392,0.06702488,-2.330879,-0.5747
6,0,244000,24,-0.19079347,-0.114930086,-1.9438953,-0.5797
6,0,244500,24,-0.19079347,0.19947027,-1.6225282,-0.5849
6,0,245000,24,-0.13531837,0.0015400779,1.6856456,-0.5902
6,0,245500,24,0.03876234,0.28504747,3.0537276,-0.5955
6,0,246000,24,0.10617841,0.30812436,2.691699,-0.6006
6,0,246500,24,0.24821208,0.16013615,2.677307,-0.6056
6,0,247000,25,0.32898867,-0.21356383,2.298402,-0.6103
6,0,247500,25,0.24832402,-0.001759307,2.0024614,-0.6147
6,0,248000,25,0.2350592,-0.15760589,1.5105584,-0.6187
6,0,248500,25,-0.09013264,-0.18931665,0.8982896,-0.6222
6,0,249000,25,-0.22664551,0.1259532,0.21561618,-0.6251
6,0,249500,25,-0.36228806,0.22001857,0.5382681,-0.6275
6,0,250000,25,-0.5296056,0.46198756,0.9599355,-0.6293
6,0,250500,25,-0.42864615,-0.006792984,0.91917986,-0.6307
6,0,251000,25,-0.44252816,0.45589638,0.69239193,-0.6315
6,0,251500,25,-0.44584092,0.15632917,0.6780066,-0.632
6,0,252000,25,-0.43298805,-0.32428122,0.33446264,-0.6322
6,0,252500,25,-0.5180755,0.102349915,-0.32279348,-0.6323
6,0,253000,25,-0.5027911,0.24289806,0.09662177,-0.6323
6,0,253500,25,-0.41674185,0.07770323,0.5586737,-0.6323
6,0,254000,25,-0.24970052,0.34981787,0.52426153,-0.6324
6,0,254500,25,-0.19079347,0.1274948,0.21468796,-0.6326
6,0,255000,25,-0.09842152,0.1470655,-0.4357003,-0.6329
6,0,255500,25,-0.06410366,-0.03126107,-0.4000862,-0.6334
6,0,256000,25,-0.038259447,-0.24806637,0.016055884,-0.6341
6,0,256500,25,0.017190736,0.024410173,0.42634964,-0.6349
6,0,257000,25,0.12897108,-0.36057916,0.49672776,-0.636
6,0,257500,25,-0.09061309,-0.1548329,0.37391862,-0.6373
6,0,258000,25,-0.17244707,0.04471878,0.1550835,-0.6388
6,0,258500,25,-0.29078263,-0.03598925,-0.15281336,-0.6405
6,0,259000,25,-0.44531763,-0.3976479,-1.3371023,-0.6421
6,0,259500,25,-0.6342575,0.0026398727,-0.87536705,-0.6437
6,0,260000,25,-0.50645345,0.35618165,0.40410194,-0.6451
6,0,260500,25,-0.44783974,-0.059066143,0.31154436,-0.6465
6,0,261000,25,-0.5296056,0.033246133,0.50884026,-0.6476
6,0,261500,25,-0.2954586,0.20004836,-0.105312355,-0.6484
6,0,262000,25,-0.15597598,0.2760517,-0.68019986,-0.6487
6,0,262500,25,-0.13252835,0.051345747,-2.0280964,-0.6489
6,0,263000,25,-0.18874593,-0.06216813,-4.1153665,-0.6487
6,0,263500,25,-0.31860775,-0.034264356,1.398962,-0.6481
6,0,264000,25,-0.120906614,0.061869,1.2874999,-0.6471
6,0,264500,25,-0.15364666,0.1256853,1.0780892,-0.6457
6,0,265000,25,-0.17689015,-0.021165518,0.77928734,-0.6441
6,0,265500,25,-0.18622604,-0.02691829,0.12851681,-0.6421
6,0,266000,26,-0.24553643,-0.3276605,-1.6385279,-0.6397
6,0,266500,26,-0.24553643,0.048107464,-3.702668,-0.637
6,0,267000,26,-0.18242937,0.21796468,-2.1384733,-0.6339
6,0,267500,26,0.00421044,0.2356601,1.905992,-0.6307
6,0,268000,26,0.16809024,0.089288674,1.7087107,-0.6273
6,0,268500,26,0.12784155,0.32839066,1.414293,-0.6237
6,0,269000,26,0.18550552,-0.6816817,1.0707439,-0.6199
6,0,269500,26,-0.033144984,0.15853345,0.84192884,-0.616
6,0,270000,26,-0.22120737,-0.1541467,-0.062015075,-0.6121
6,0,270500,26,-0.39153457,-0.47182766,-2.183773,-0.6082
6,0,271000,26,-0.69909227,-0.7516549,-1.3219081,-0.6043
6,0,271500,26,-0.7181719,-0.09658607,0.3296365,-0.6005
6,0,272000,26,-0.70855564,-0.07942645,-0.9329449,-0.5971
6,0,272500,26,-0.666344,-0.30615342,-2.3444989,-0.5933
6,0,273000,26,-0.67593837,0.1269684,-3.3619673,-0.5896
6,0,273500,26,-0.6984328,0.023150578,-2.7231045,-0.5861
6,0,274000,26,-0.7196061,0.2961488,2.3634593,-0.5829
6,0,274500,26,-0.5877293,-0.38638672,2.021734,-0.5799
6,0,275000,26,-0.56443006,0.22068126,1.5028337,-0.5766
6,0,275500,26,-0.5240976,-0.37937436,-0.039952077,-0.5734
6,0,276000,26,-0.46367455,-0.3280177,-2.3572729,-0.5705
6,0,276500,26,-0.48717067,0.06975556,2.0997593,-0.5678
6,0,277000,26,-0.3450527,0.30238098,2.0625634,-0.5651
6,0,277500,26,-0.27099943,0.073976144,1.5194631,-0.5621
6,0,278000,26,-0.25460953,0.26055118,0.8176522,-0.5594
6,0,278500,26,-0.22516921,-0.0897946,0.17435716,-0.5567
6,0,279000,26,-0.23098528,0.24526216,-0.34290197,-0.5541
6,0,279500,26,-0.08972929,0.12008763,1.1334515,-0.5511
6,0,280000,26,-0.04352387,-0.06462622,1.0084916,-0.5483
6,0,280500,26,-0.06862407,0.06366439,1.0290416,-0.5455
6,0,281000,26,0.019846462,0.09970853,0.67862725,-0.5425
6,0,281500,26,-0.0027439594,-0.62686116,0.3361735,-0.5393
6,0,282000,26,-0.020387268,-0.18751656,0.05730528,-0.5362
6,0,282500,26,-0.025382824,0.11091328,-1.3420184,-0.5331
6,0,283000,26,-0.02011095,0.111383274,-1.1615905,-0.5301
6,0,283500,26,0.038687114,0.3223371,0.83319926,-0.527
6,0,284000,27,0.23312369,0.39919585,0.78679395,-0.5239
6,0,284500,27,0.073766865,-0.44725615,0.7009385,-0.5211
6,0,285000,27,0.08665393,-0.0032867999,0.5899816,-0.5184
6,0,285500,27,-0.0293298,-0.20378317,0.04685549,-0.5157
6,0,286000,27,-0.13835055,-0.37394118,-0.28835887,-0.5133
6,0,286500,27,-0.19344515,0.23053242,-0.50797164,-0.5111
6,0,287000,27,-0.33810905,-0.49487165,-2.172319,-0.5094
6,0,287500,27,-0.4068251,0.30410117,-2.9617388,-0.5078
6,0,288000,27,-0.40654603,0.3435763,1.078845,-0.5067
6,0,288500,27,-0.34973145,0.3903082,1.2178869,-0.5062
6,0,289000,27,-0.33162856,-0.2436484,1.1782594,-0.5059
6,0,289500,27,-0.17630129,0.073210046,1.0366592,-0.5059
6,0,290000,27,-0.20459689,0.22139567,0.5360752,-0.5066
6,0,290500,27,-0.25555977,-0.18268028,-0.005576412,-0.5075
6,0,291000,27,-0.24553643,-0.36508644,-0.91865295,-0.5089
6,0,291500,27,-0.30940604,-0.1554016,-3.509524,-0.5109
6,0,292000,27,-0.36516383,0.08853198,-3.8378558,-0.5131
6,0,292500,27,-0.38744476,-0.11927757,-3.2137449,-0.5159
6,0,293000,27,-0.37021604,0.048530463,-2.679224,-0.5194
6,0,293500,27,-0.4258903,-0.31452876,-2.235666,-0.5235
6,0,294000,27,-0.31371582,0.17981026,0.92627066,-0.5275
6,0,294500,27,-0.20967825,-0.2416979,2.9219449,-0.5321
6,0,295000,27,-0.13070573,-0.40928972,2.365129,-0.5375
6,0,295500,27,-0.09157739,-0.10968491,1.7242944,-0.5424
6,0,296000,27,-0.112782426,-0.26109472,1.0025208,-0.5477
6,0,296500,27,-0.2061047,0.016815007,-1.9167562,-0.5539
6,0,297000,27,-0.27737314,-0.13780019,-3.0443847,-0.5595
6,0,297500,27,-0.29277816,0.10099632,1.4316099,-0.5656
6,0,298000,27,-0.12038132,-0.19541252,2.3666246,-0.5309
6,0,298500,27,-0.17123926,0.1480196,2.1062174,-0.4957
6,0,299000,27,-0.08927506,0.006099057,1.5503476,-0.4601
6,0,299500,27,-0.096293,-0.2840024,1.2429508,-0.4245
6,0,300000,27,-0.16846837,-0.20866646,1.198234,-0.3882
6,0,300500,27,-0.19771212,-0.3521004,1.121057,-0.3513
6,0,301000,27,-0.2220391,0.060482506,1.0223707,-0.3138
7,0,500,1,0.14831804,1.0115372,0.8501105,0.0557
7,0,1000,1,0.2125793,-0.42232278,0.5893548,0.0627
7,0,1500,1,0.3401262,-1.0426588,0.9418717,0.0696
7,0,2000,1,0.45622104,-0.16193926,0.7169332,0.0768
7,0,2500,1,0.5774251,-0.20834686,0.65146494,0.0841
7,0,3000,1,0.7094962,-0.38714343,0.6308668,0.0919
7,0,3500,1,0.8485366,0.3844802,0.21735358,0.1001
7,0,4000,1,0.9984624,-0.020822419,0.29780975,0.1086
7,0,4500,2,1.1406319,-0.19487672,0.10983115,0.1092
7,0,5000,2,1.2660209,-0.25369695,0.18486793,0.1113
7,0,5500,2,1.3877362,0.040700298,0.29289228,0.114
7,0,6000,2,1.42166,0.18470763,0.2565201,0.1169
7,0,6500,2,1.4105449,0.19485489,0.24273323,0.1199
7,0,7000,2,1.2711204,0.1908082,0.2106736,0.1232
7,0,7500,3,1.0502276,-0.019529926,0.18258835,0.1266
7,0,8000,3,0.7847726,-0.16587315,0.30801675,0.1299
7,0,8500,3,0.44873554,-0.021776514,0.1887603,0.1331
7,0,9000,3,0.08974175,-0.64677024,-0.3207996,0.1363
7,0,9500,3,-0.19016069,-1.4265249,-0.28387034,0.1393
7,0,10000,3,-0.2857025,-1.7239817,0.32398573,0.1421
7,0,10500,3,-0.20833923,-0.6762438,0.04972947,0.1445
7,0,11000,3,0.13466573,-1.2060912,-0.06558179,0.1464
7,0,11500,3,0.29249406,-1.7858194,0.045615908,0.1477
7,0,12000,3,0.24765466,-1.6710413,0.51705104,0.1483
7,0,12500,3,0.101249516,-0.9380279,0.5326894,0.1485
7,0,13000,3,-0.07539016,-0.07586387,-0.09455325,0.1483
7,0,13500,3,-0.047664355,0.12386642,0.13685948,0.1479
7,0,14000,3,0.1297534,0.08861658,0.025671989,0.1469
7,0,14500,3,0.1885176,-0.5930683,-1.147993,0.1459
7,0,15000,3,0.26692277,-0.8471538,-0.71355915,0.1445
7,0,15500,3,0.4060281,-0.23820111,-0.05394349,0.1427
7,0,16000,3,0.5581906,-1.2005029,0.1458663,0.1408
7,0,16500,4,0.6856142,-1.7626485,-0.06692468,0.1389
7,0,17000,4,0.8173719,-1.8087835,-0.13328788,0.1368
7,0,17500,4,0.9130549,-1.340816,0.57659715,0.1345
7,0,18000,4,0.92862356,-1.5673691,0.56254035,0.1323
7,0,18500,4,0.85323256,-1.0001851,0.017774317,0.1301
7,0,19000,4,0.7105209,-0.6614765,-0.1408704,0.1279
7,0,19500,4,0.658639,-0.92659754,-0.7543507,0.1261
7,0,20000,4,0.58689094,-0.25618324,-0.26265445,0.124
7,0,20500,4,0.6643749,-0.07677566,-0.20949568,0.1219
7,0,21000,4,0.763464,0.060924303,-0.26091152,0.1201
7,0,21500,4,0.8906039,-0.038597737,0.053693917,0.1184
7,0,22000,4,1.0993361,0.13412647,-0.08055717,0.1163
7,0,22500,4,1.0216453,-1.5831892,0.29685962,0.1145
7,0,23000,4,1.0588485,-1.8918602,0.6454132,0.1127
7,0,23500,4,0.9227601,-1.0468136,0.8757288,0.1108
7,0,24000,4,0.65231544,-0.29899064,0.42632046,0.1089
7,0,24500,4,0.22533043,0.5616224,-0.18942131,0.1068
7,0,25000,5,-0.024983292,0.28521666,-0.06277085,0.1047
7,0,25500,5,-0.1863917,-1.6727003,0.15915564,0.1023
7,0,26000,5,-0.2881757,-1.4788733,0.3348674,0.1
7,0,26500,5,-0.37021604,-0.21785492,-0.014242112,0.0977
7,0,27000,5,-0.36011663,-0.30434862,-0.38460398,0.0953
7,0,27500,5,-0.30401632,-0.36464933,-0.48185664,0.0932
7,0,28000,5,-0.21934679,-0.9568278,-0.21656229,0.0911
7,0,28500,5,-0.12012152,-0.33555648,-0.17346373,0.0889
7,0,29000,5,0.0046701888,-1.2890552,-0.15715948,0.0869
7,0,29500,5,0.19747865,-1.9603578,-0.099543385,0.0851
7,0,30000,6,0.4469712,-1.5248061,-0.11993698,0.0835
7,0,30500,6,0.6461534,-1.0747268,0.040237088,0.0823
7,0,31000,6,0.79079896,-1.0600581,0.43202376,0.0814
7,0,31500,6,0.88002217,-1.6042075,0.2645056,0.0809
7,0,32000,6,0.8848019,-2.303663,0.049204804,0.0811
7,0,32500,6,0.85642165,-1.7065308,-0.020449072,0.0816
7,0,33000,6,0.82542884,-1.325292,-0.13167246,0.0824
7,0,33500,6,0.8149885,-0.77612776,-0.1545954,0.0836
7,0,34000,6,0.8414471,-0.37953416,-0.21556227,0.0855
7,0,34500,6,0.8381342,-2.3451262,-0.33219776,0.0877
7,0,35000,6,0.90335166,-2.5606673,-0.8134813,0.0902
7,0,35500,6,0.9615056,-0.7639736,-0.21809892,0.0933
7,0,36000,6,0.9460587,0.17915696,0.089484535,0.0971
7,0,36500,6,0.8262991,-0.076300964,0.101901956,0.1008
7,0,37000,7,0.6243398,-0.25263476,-0.13518286,0.1051
7,0,37500,7,0.45479354,-1.6253198,-0.3072354,0.1101
7,0,38000,7,0.3692128,-0.6524055,-0.22891113,0.1145
7,0,38500,7,0.29906985,0.72295386,0.21431619,0.1195
7,0,39000,7,0.37383416,0.91269195,0.92526656,0.1247
7,0,39500,7,0.79329485,-0.05114668,0.30002132,0.1297
7,0,40000,7,0.7635114,-1.433636,-2.0942135,0.1357
7,0,40500,7,0.8360389,-1.3812828,1.1306165,0.1415
7,0,41000,7,0.9348521,-0.4159355,0.40368378,0.1482
7,0,41500,7,1.0449644,-0.5852522,-3.5415294,0.1554
7,0,42000,7,1.0548805,0.5994619,-2.2824352,0.1623
7,0,42500,7,1.0384185,0.6502593,0.9778505,0.1701
7,0,43000,8,1.0944383,0.60362613,1.6693679,0.1783
7,0,43500,8,1.0021772,0.65630347,1.5034229,0.1859
7,0,44000,8,0.89498,0.34991187,1.1617699,0.1946
7,0,44500,8,0.7630736,-0.17824349,0.5548519,0.2035
7,0,45000,8,0.5547498,-1.0401678,0.50769174,0.2117
7,0,45500,8,0.48944527,-1.1181828,0.5832768,0.2209
7,0,46000,8,0.47359607,-0.6106932,0.6194549,0.2301
7,0,46500,8,0.4967274,-0.4793241,0.3631324,0.2386
7,0,47000,8,0.4975389,-0.32140014,-0.9625676,0.2475
7,0,47500,8,0.53875786,-0.44796115,-0.547027,0.2557
7,0,48000,8,0.61077315,-0.73574555,-0.2083769,0.264
7,0,48500,8,0.65854734,-2.2933748,-0.89094585,0.2713
7,0,49000,8,0.70038664,-1.0985792,-0.58841646,0.2777
7,0,49500,8,0.7423403,1.8768643,0.30488044,0.2843
7,0,50000,8,0.7459964,4.449078,-0.27091804,0.2897
7,0,50500,8,0.76531124,3.0816991,0.20310159,0.2946
7,0,51000,9,0.9036138,3.7439167,0.2700455,0.2993
7,0,51500,9,0.7921817,3.2427392,0.33982718,0.3029
7,0,52000,9,0.68396604,1.6400559,0.23339696,0.3055
7,0,52500,9,0.16921431,-0.084356725,0.20942293,0.3079
7,0,53000,9,-0.14003676,-0.3909833,0.2550383,0.3093
7,0,53500,9,-0.25154042,-0.5464351,0.25632164,0.3099
7,0,54000,9,-0.2769189,-0.95258844,0.24907383,0.3103
7,0,54500,9,-0.33162856,-0.4380959,0.033671208,0.3102
7,0,55000,9,-0.1908166,-0.27717805,0.13002485,0.3098
7,0,55500,9,0.01023755,-0.8487377,0.22004518,0.3091
7,0,56000,9,0.19046573,-1.2865548,0.22437993,0.3083
7,0,56500,9,0.3344244,-1.9181002,-0.13188168,0.3073
7,0,57000,10,0.44282135,-1.3774618,0.0055634924,0.306
7,0,57500,10,0.53214806,0.23195651,-0.004519207,0.3047
7,0,58000,10,0.6388044,1.310202,-0.15823273,0.303
7,0,58500,10,0.7448214,0.87693924,-1.0581197,0.3013
7,0,59000,10,0.7951246,-1.1330723,-1.3304303,0.2997
7,0,59500,10,0.85441625,-0.1345572,-0.96279293,0.2982
7,0,60000,10,0.9196724,2.3550918,-0.21568659,0.2969
7,0,60500,10,0.9247499,1.975357,-0.07986851,0.2959
7,0,61000,10,0.9818579,1.2964264,-0.024305552,0.2951
7,0,61500,10,0.9709133,0.87170815,0.19950977,0.2943
7,0,62000,10,0.8204466,0.31571484,0.10972843,0.2935
7,0,62500,10,0.55554914,-0.8111849,0.22108634,0.2928
7,0,63000,10,0.15873127,-0.5668048,0.078456685,0.292
7,0,63500,10,-0.039662242,-0.37699148,0.03840748,0.2913
7,0,64000,10,-0.13577123,-0.4828961,-0.33421993,0.2907
7,0,64500,10,-0.1473502,-0.012259059,-0.6647252,0.29
7,0,65000,10,-0.08888982,0.2974883,0.088906184,0.2893
7,0,65500,10,0.04280089,0.6769317,0.22427663,0.2887
7,0,66000,10,0.32360598,0.16421573,0.14572361,0.2879
7,0,66500,10,0.50317055,-0.29967213,-0.32290086,0.2871
7,0,67000,11,0.5941893,-0.19182643,-0.5780548,0.2863
7,0,67500,11,0.64033794,0.8607055,-1.8450651,0.2853
7,0,68000,11,0.697778,1.0436568,-1.2174058,0.2842
7,0,68500,11,0.7939399,0.65732336,-1.3012758,0.2832
7,0,69000,11,0.9175821,-0.033173963,-1.419492,0.2821
7,0,69500,11,1.054989,1.0840908,-1.3182454,0.2809
7,0,70000,11,1.1511759,0.37431887,-0.7258324,0.2796
7,0,70500,11,1.235827,0.5241777,1.4189141,0.2783
7,0,71000,11,1.2772943,3.11709,0.88547593,0.2773
7,0,71500,11,1.2821779,2.31329,0.3484094,0.2763
7,0,72000,11,1.1841766,1.212856,-0.08420501,0.2755
7,0,72500,11,1.0261405,1.4715899,-0.3296672,0.2747
7,0,73000,11,0.86531514,1.0901773,-1.9532944,0.274
7,0,73500,12,0.56340283,-0.40107417,-1.5502242,0.2735
7,0,74000,12,0.32095173,-0.24989936,0.12589057,0.2731
7,0,74500,12,0.18489869,-0.40244657,1.86281,0.2729
7,0,75000,12,0.23775946,-1.1082047,1.3413745,0.2729
7,0,75500,12,0.4471626,-0.6601887,1.2574313,0.2729
7,0,76000,12,0.49534318,0.54491866,1.1963089,0.2732
7,0,76500,12,0.30276215,0.6979688,0.95705074,0.2738
7,0,77000,12,0.2116355,-0.19515872,0.6938031,0.2747
7,0,77500,12,0.15710717,-0.03626185,0.10959975,0.2761
7,0,78000,12,0.22785664,-0.39050862,-0.14479458,0.2778
7,0,78500,12,0.35230136,-0.8297639,-0.43353334,0.2799
7,0,79000,12,0.48430908,-0.8761903,-1.5424362,0.2822
7,0,79500,12,0.6102031,-1.0119444,0.10836833,0.2845
7,0,80000,12,0.7143051,-0.5668988,-0.5478551,0.2871
7,0,80500,13,0.79886246,-1.0104922,-1.4576874,0.2898
7,0,81000,13,0.894527,-2.082355,-1.7285587,0.2925
7,0,81500,13,0.9855402,-0.68894786,0.77525723,0.2953
7,0,82000,13,1.0472952,0.24881534,0.5343857,0.2979
7,0,82500,13,1.0624887,1.2418597,0.09646244,0.3005
7,0,83000,13,0.9945186,2.27609,0.29684767,0.3031
7,0,83500,13,0.7880342,1.4357996,-0.19605285,0.3055
7,0,84000,13,0.5745431,0.5132032,-1.1354395,0.3077
7,0,84500,14,0.6229036,-0.33888876,-0.89837515,0.3097
7,0,85000,14,0.60128963,-1.0639545,0.07945203,0.3113
7,0,85500,14,0.15303446,-0.98828477,1.556694,0.3127
7,0,86000,14,-0.02405065,0.30910197,0.23183085,0.3135
7,0,86500,14,-0.15869616,0.9580186,0.05179369,0.3137
7,0,87000,14,-0.26105502,-0.10831722,2.1210902,0.3137
7,0,87500,14,-0.32720318,0.07710633,1.8091499,0.3137
7,0,88000,15,-0.055042986,-0.14022067,1.0193775,0.314
7,0,88500,15,-0.12687354,-0.2860892,0.93345314,0.3147
7,0,89000,15,-0.19910128,-0.42792514,0.75094175,0.3157
7,0,89500,15,-0.2804661,-0.39670318,0.48962206,0.3176
7,0,90000,15,-0.44531763,-0.14131576,-0.15414982,0.3204
7,0,90500,15,-0.42513534,-0.09472488,-1.6966677,0.3242
7,0,91000,15,-0.41143656,-0.90407526,-1.4547428,0.3291
7,0,91500,15,-0.31482577,-1.3331363,-0.4234985,0.3351
7,0,92000,15,-0.046009038,1.4932239,-0.1689288,0.3424
7,0,92500,15,0.17734592,1.9045942,-0.11832856,0.3512
7,0,93000,15,0.32410693,1.1087421,-0.084854275,0.361
7,0,93500,15,0.3888989,0.17795846,-0.060303353,0.3719
7,0,94000,16,0.37294674,-0.3730811,-0.06483448,0.3851
7,0,94500,16,0.311899,-0.6652365,-0.028998634,0.3995
7,0,95000,16,0.19696414,-1.8565775,-0.011819556,0.4149
7,0,95500,16,0.05018621,-0.75764275,0.008565279,0.4309
7,0,96000,16,-0.098813325,2.2018397,0.25765577,0.4473
7,0,96500,16,-0.14501631,2.0694366,-0.6657357,0.4642
7,0,97000,16,-0.1392363,0.83720565,-1.1867398,0.4809
7,0,97500,16,-0.16879123,-0.44671094,-0.3887902,0.4973
7,0,98000,16,-0.2173916,-0.8316439,-0.053368635,0.5131
7,0,98500,17,-0.21148397,-0.70282215,0.102499574,0.5281
7,0,99000,17,-0.14278956,-0.44890586,0.16387877,0.542
7,0,99500,17,-0.028354743,-0.56339264,0.029388404,0.555
7,0,100000,17,0.08004533,-1.6138471,1.1053665,0.5667
7,0,100500,17,0.19639787,-0.78378403,1.5793875,0.5773
7,0,101000,17,0.31700298,1.3495737,1.2319268,0.5866
7,0,101500,17,0.373162,1.3248237,1.3456168,0.594
7,0,102000,17,0.31998748,0.07072846,1.3448403,0.6002
7,0,102500,17,0.16651234,-0.9775453,0.9734454,0.6054
7,0,103000,17,0.09333184,-1.2365705,0.56412166,0.6095
7,0,103500,17,0.11664076,-0.3305228,-0.08549274,0.6124
7,0,104000,18,0.17037377,-0.24670808,-0.014223144,0.6138
7,0,104500,18,0.24803603,-0.31590587,0.11570282,0.6141
7,0,105000,18,0.3720959,-0.59167236,0.15689911,0.6133
7,0,105500,18,0.47892934,-1.124335,0.194475,0.6116
7,0,106000,18,0.58072156,-1.410404,0.15587984,0.6088
7,0,106500,18,0.64540094,-0.35524467,0.044089776,0.6052
7,0,107000,18,0.71215147,0.0070578526,-1.2962675,0.6007
7,0,107500,18,0.71215147,-0.5207356,-2.3109062,0.5951
7,0,108000,18,0.71215147,-0.49390343,-1.3142327,0.5889
7,0,108500,18,0.7305804,-0.70984864,-1.0223019,0.5821
7,0,109000,18,0.73240304,-0.70671844,-1.4432156,0.5742
7,0,109500,18,0.6913254,-0.8030821,-1.1843281,0.5657
7,0,110000,18,0.6164113,-2.078332,0.40619797,0.5567
7,0,110500,18,0.64099836,-1.4672408,0.4002227,0.5473
7,0,111000,18,0.6812447,0.40069044,0.26872012,0.5378
7,0,111500,18,0.64156646,0.42436424,1.0311643,0.528
7,0,112000,18,0.613308,0.35762924,0.5912687,0.5184
7,0,112500,18,0.5940759,-0.48261878,0.7717398,0.5091
7,0,113000,19,0.54265285,0.5245114,1.3847661,0.5003
7,0,113500,19,0.5277957,0.98724306,0.9576542,0.4925
7,0,114000,19,0.54563063,0.44992742,0.74141085,0.4851
7,0,114500,19,0.5102481,-0.1753107,0.4181129,0.4782
7,0,115000,19,0.6077228,-0.99290484,-1.3979583,0.4721
7,0,115500,19,0.6838891,-0.36299023,-1.4962746,0.4668
7,0,116000,19,0.7757529,1.7153919,-0.59724087,0.4623
7,0,116500,19,0.9233713,2.0194428,0.847338,0.4587
7,0,117000,19,0.9921316,0.22627895,0.39332154,0.4557
7,0,117500,20,1.084425,-0.91144484,0.38167533,0.453
7,0,118000,20,1.1504002,-1.621776,0.661775,0.4507
7,0,118500,20,1.1526726,-1.192762,0.5358844,0.4489
7,0,119000,20,1.0791065,-0.8368797,0.40493912,0.4476
7,0,119500,20,0.9114613,-0.7599457,0.28356445,0.4466
7,0,120000,20,0.6721094,-0.8469752,0.3402853,0.4456
7,0,120500,20,0.31460238,-0.79038745,0.36263075,0.4443
7,0,121000,20,-0.048655346,-0.5320532,0.28140542,0.4423
7,0,121500,20,-0.272859,-0.53746283,0.13163415,0.4399
7,0,122000,20,-0.38241434,0.0622544,-0.23693399,0.4372
7,0,122500,20,-0.37021604,-0.03332436,-0.4774583,0.4342
7,0,123000,21,-0.32695335,0.48449105,-0.20299953,0.4307
7,0,123500,21,-0.35182735,0.16702631,-0.2560238,0.4267
7,0,124000,21,-0.3793993,-0.83054876,-0.4557125,0.4222
7,0,124500,21,-0.21148397,-1.6956785,0.107741535,0.4172
7,0,125000,21,0.14428602,-0.22631018,0.17479719,0.4113
7,0,125500,21,0.3989036,1.807488,0.06016671,0.4049
7,0,126000,21,0.46337947,1.3001252,-0.2333696,0.3977
7,0,126500,21,0.4007032,0.78500766,-0.38446304,0.3899
7,0,127000,21,0.2982959,-0.056382455,-1.0015705,0.3813
7,0,127500,21,0.20991665,-0.5525169,-0.7963051,0.372
7,0,128000,21,0.16393548,0.33918652,-1.5167692,0.3619
7,0,128500,21,0.1809389,0.85296935,-0.5509342,0.3517
7,0,129000,22,0.27715084,-0.12642153,-1.9851468,0.3412
7,0,129500,22,0.41524187,0.83495903,-1.5328289,0.3303
7,0,130000,22,0.50332284,0.9483836,-1.2554141,0.3198
7,0,130500,22,0.6153043,0.5298976,0.96059906,0.3101
7,0,131000,22,0.7649844,0.20781273,1.1539445,0.3011
7,0,131500,22,0.8758914,0.4698224,0.45982102,0.2929
7,0,132000,22,0.8614098,0.052172944,-0.62375915,0.2857
7,0,132500,23,0.6755242,0.12970848,-1.6122512,0.2799
7,0,133000,23,0.3172027,-0.16028488,-1.7117374,0.2755
7,0,133500,23,-0.06569657,-1.2773287,-0.7695916,0.2724
7,0,134000,23,-0.44531763,-1.2649772,-1.6663525,0.2709
7,0,134500,23,-0.39183894,2.083259,-1.4427516,0.2711
7,0,135000,23,-0.4093746,2.4327073,-1.1170127,0.2731
7,0,135500,23,-0.4579436,2.0906382,-0.22591986,0.2778
7,0,136000,23,-0.57623893,2.0339377,2.0955744,0.2843
7,0,136500,23,-0.23994265,2.130071,2.4258027,0.2927
7,0,137000,23,0.0114079695,1.2876939,1.9729639,0.3029
7,0,137500,23,0.08017374,-0.22839226,1.7920128,0.3139
7,0,138000,24,0.022659522,-0.6518368,1.4703597,0.3255
7,0,138500,24,-0.025382824,-0.8872587,1.2117009,0.3377
7,0,139000,24,-0.068663865,-0.8736664,0.9946739,0.3502
7,0,139500,24,-0.08594029,0.80769444,0.83434576,0.3631
7,0,140000,24,-0.07265257,1.0898154,0.71528625,0.376
7,0,140500,24,-0.023732947,-0.05280577,0.6093997,0.3885
7,0,141000,24,0.07024676,-1.0799438,0.43342268,0.4003
7,0,141500,24,0.21339235,-1.3564293,-0.050747946,0.4115
7,0,142000,24,0.31135958,-1.861146,-0.2927844,0.4218
7,0,142500,24,0.42609277,-1.8797015,-0.8404918,0.4319
7,0,143000,24,0.537466,-1.8189589,-0.751545,0.4405
7,0,143500,25,0.58540165,-0.29792845,-0.39775148,0.4485
7,0,144000,25,0.61470246,0.68165046,-0.142042,0.4555
7,0,144500,25,0.5622374,0.33530903,-0.027714698,0.4621
7,0,145000,25,0.46497262,-0.31786105,0.15980606,0.4678
7,0,145500,25,0.3009368,-0.7135663,0.1484435,0.4727
7,0,146000,25,0.08940651,-0.4807435,0.36809364,0.4767
7,0,146500,25,-0.43298805,-0.7598517,0.5847583,0.4797
7,0,147000,25,-0.59764105,-0.5201481,0.50319004,0.4819
7,0,147500,25,-0.7361027,-0.7670051,0.68449366,0.4837
7,0,148000,25,-0.88947695,-0.51736104,0.8929128,0.4853
7,0,148500,25,-0.9203321,-0.4160718,0.71988714,0.4869
7,0,149000,26,-0.946915,-1.1692809,0.49729854,0.4884
7,0,149500,26,-0.92820066,-0.0016935073,-0.12577452,0.4899
7,0,150000,26,-0.82164234,1.521452,-0.048410013,0.4909
7,0,150500,26,-0.7200307,1.2287045,-0.021802459,0.4918
7,0,151000,26,-0.6161674,0.8329427,-0.0008690321,0.4927
7,0,151500,26,-0.43973145,0.72071195,0.02467402,0.4935
7,0,152000,26,-0.31158376,0.503855,0.07987689,0.4945
7,0,152500,26,-0.17519957,0.38007164,-0.14818184,0.4958
7,0,153000,26,-0.014676675,0.6269051,-0.8171183,0.4976
7,0,153500,27,0.17829283,0.82944596,-0.89712214,0.5
7,0,154000,27,0.33733517,-0.016761638,-2.2007155,0.5031
7,0,154500,27,0.493367,-0.49032676,-1.5013503,0.5067
7,0,155000,27,0.6382283,1.257802,-0.9872347,0.5109
7,0,155500,27,0.79579306,1.9863174,-0.6632653,0.5155
7,0,156000,27,0.9283531,1.5799526,-0.43887365,0.5204
7,0,156500,27,1.0340762,1.0685151,-0.17452094,0.5256
7,0,157000,27,0.97390896,0.31872752,-0.3244375,0.531
7,0,157500,27,0.7031137,-0.33025488,-0.15655749,0.5364
7,0,158000,27,0.2922819,-0.9360586,0.18349558,0.5415
7,0,158500,27,-0.033551622,-1.5773895,1.0367893,0.5465
7,0,159000,27,-0.2489365,-1.0420808,0.9845136,0.5511
7,0,159500,27,-0.13464458,-0.4566232,0.7782106,0.5551
7,0,160000,28,-0.29160306,-0.22701988,0.7062879,0.5584
7,0,160500,28,-0.38601762,0.089180574,0.64426935,0.5607
7,0,161000,28,-0.4660003,-0.8275126,0.55527884,0.5623
7,0,161500,28,-0.6718405,-2.6027179,0.46909717,0.5626
7,0,162000,28,-0.7365395,0.00980734,0.41850305,0.5618
7,0,162500,28,-0.7607825,1.4803977,0.33956164,0.56
7,0,163000,28,-0.6827872,1.2057309,0.24111605,0.5573
7,0,163500,28,-0.5777064,0.41946214,-0.085239455,0.5539
7,0,164000,28,-0.38522738,1.2707881,-2.1449535,0.5497
7,0,164500,28,-0.110689424,0.55466175,-2.9885075,0.545
7,0,165000,28,0.24892236,-0.34717482,1.1755526,0.54
7,0,165500,28,0.58073354,-0.004339595,-0.9145624,0.5348
7,0,166000,28,0.63406074,-0.63649136,-1.454924,0.5295
7,0,166500,28,0.7690658,0.40662652,-1.2256758,0.5243
7,0,167000,28,0.7321291,2.531919,-0.75833035,0.5195
7,0,167500,28,0.4349945,1.8337374,0.7519537,0.515
7,0,168000,28,0.486736,1.1755524,0.7040845,0.5111
7,0,168500,28,0.42174307,-0.57849365,0.59808904,0.5079
7,0,169000,29,0.2639781,-0.7610455,0.5095365,0.5058
7,0,169500,29,0.041709084,-0.68922514,0.42265454,0.5046
7,0,170000,29,-0.19086695,-0.4111885,0.3322788,0.5044
7,0,170500,29,-0.40810615,-0.6612462,0.27608204,0.5051
7,0,171000,29,-0.45821574,-1.1590585,0.25285822,0.5067
7,0,171500,29,-0.458517,-0.96503866,0.29765362,0.5092
7,0,172000,29,-0.4260369,-0.8042336,0.2725115,0.5128
7,0,172500,29,-0.35743198,-0.5421064,0.26788935,0.5174
7,0,173000,30,-0.23120014,-0.34047735,0.25930184,0.5231
7,0,173500,30,-0.09563946,-0.8980405,1.1237758,0.5297
7,0,174000,30,0.07276327,-1.1510262,1.2807791,0.5369
7,0,174500,30,0.2559616,-1.2603477,0.903695,0.5446
7,0,175000,30,0.41744828,0.8013401,0.581149,0.5527
7,0,175500,30,0.555325,3.3171022,0.8569693,0.5612
7,0,176000,30,0.69041336,3.0873861,0.5254947,0.5699
7,0,176500,30,0.796013,1.8664069,0.34170026,0.5785
7,0,177000,30,0.8626637,1.610714,0.23382153,0.5873
7,0,177500,31,0.8178597,2.9474535,0.19271454,0.5961
7,0,178000,31,0.7307338,2.1751108,-0.041327056,0.6048
7,0,178500,31,0.61317325,0.3010979,-0.44627059,0.6131
7,0,179000,31,0.35399702,-0.9501162,-0.4225554,0.6213
7,0,179500,31,0.08500811,-1.8162518,-0.38680944,0.6288
7,0,180000,31,-0.1737044,-2.5511122,-0.13749366,0.6357
7,0,180500,31,-0.47582182,-2.184838,-0.05414133,0.6418
7,0,181000,31,-0.45208836,-1.8488696,-0.03192893,0.6474
7,0,181500,31,-0.51871175,-1.5569727,-0.015855204,0.6523
7,0,182000,32,-0.5856864,-1.8031905,-0.014388889,0.6563
7,0,182500,32,-0.6882375,-1.7236387,-0.07963915,0.6595
7,0,183000,32,-0.7347393,-2.0799582,-0.10537742,0.6617
7,0,183500,32,-0.763212,-1.2552859,-0.08998477,0.663
7,0,184000,32,-0.7941159,0.13933875,-0.047046702,0.6635
7,0,184500,32,-0.79818857,0.59501106,-0.044120494,0.6632
7,0,185000,32,-0.7606138,0.2756099,-0.064259924,0.6622
7,0,185500,32,-0.6936725,0.5222789,0.015726438,0.6608
7,0,186000,32,-0.59006,1.4466189,0.07590253,0.6593
7,0,186500,32,-0.47097424,1.6619296,0.13981633,0.6578
7,0,187000,32,-0.33260322,0.14033043,-0.21964432,0.6564
7,0,187500,32,-0.17030716,-0.43843898,-0.8523886,0.6553
7,0,188000,32,0.03635587,0.15518238,-2.3639793,0.6545
7,0,188500,32,0.33733517,3.6244478,-0.045810916,0.6539
7,0,189000,33,0.58920485,5.723242,-1.2601341,0.6537
7,0,189500,33,0.6572709,5.174289,-0.43002996,0.6541
7,0,190000,33,0.8193497,3.8364122,0.030192032,0.6554
7,0,190500,33,0.8175566,1.344714,0.049414903,0.6575
7,0,191000,33,0.712953,-0.57979554,0.056230567,0.6608
7,0,191500,33,0.5181468,-0.9782362,0.06676352,0.665
7,0,192000,34,0.28903276,-1.3653828,0.115131475,0.6703
7,0,192500,34,0.10573065,-2.3610497,0.40338147,0.6763
7,0,193000,34,0.0035980167,-2.1812427,0.76433384,0.6829
7,0,193500,34,-0.0028803202,1.0696384,1.1632227,0.6899
7,0,194000,34,-0.0028803202,2.9216976,0.5341274,0.6971
7,0,194500,34,0.036410205,0.82503736,-0.10366191,0.7046
7,0,195000,34,0.15865315,-0.9392311,-1.787536,0.7123
7,0,195500,34,0.2863394,0.69463646,0.84710836,0.7199
7,0,196000,35,0.4389317,3.155,0.80586946,0.7273
7,0,196500,35,0.636071,2.7564323,0.6524915,0.7345
7,0,197000,35,0.75202316,0.010117538,0.62975794,0.7409
7,0,197500,35,0.8002005,-1.698536,0.9634865,0.7464
7,0,198000,35,0.7991953,0.5206856,0.8495245,0.7511
7,0,198500,35,0.7112175,2.3991401,0.5794405,0.7548
7,0,199000,35,0.4951015,1.2339637,0.24621473,0.7575
7,0,199500,35,0.24341886,-1.7315863,-0.19212925,0.7593
7,0,200000,36,0.15357171,-3.1771915,-0.40405357,0.7602
7,0,200500,36,0.12114302,-3.9735794,-0.33062783,0.7605
7,0,201000,36,0.09813793,-4.4771776,-0.13453504,0.76
7,0,201500,36,0.11420817,-4.557378,-0.1500917,0.759
7,0,202000,36,0.21184337,-3.9067552,-0.4236987,0.7571
7,0,202500,36,0.3323281,-3.364434,-0.20848836,0.7543
7,0,203000,36,0.38124844,-3.2246332,-0.32338148,0.7503
7,0,203500,36,0.32378563,-2.2591496,-0.41678002,0.7452
7,0,204000,36,0.22173059,-2.0062907,-0.3155016,0.739
7,0,204500,36,0.09795009,-1.8988491,-0.22866106,0.7319
7,0,205000,36,-0.015717268,-1.7378327,-0.15278505,0.7241
7,0,205500,36,-0.106171735,-0.7836853,-0.08934747,0.7155
7,0,206000,36,-0.19079347,-0.36317354,-0.07463939,0.706
7,0,206500,36,-0.21850032,1.0685433,-0.21750161,0.6959
7,0,207000,36,-0.19477405,1.174274,-0.32643697,0.6851
7,0,207500,36,-0.14997491,0.4275273,-0.28849545,0.6734
7,0,208000,36,-0.0989995,0.57774335,-0.42906088,0.6609
7,0,208500,36,-0.032834392,-0.09823576,-0.47168875,0.6476
7,0,209000,36,0.06374635,-0.2632943,0.1212754,0.6336
7,0,209500,36,0.26434162,-0.62637705,0.48583913,0.6191
7,0,210000,36,0.44256467,-0.8676833,0.90366316,0.6043
7,0,210500,36,0.5572953,-0.9878477,0.9108144,0.5895
7,0,211000,36,0.63781935,-0.102211945,0.56996703,0.5748
7,0,211500,36,0.67716575,0.24398845,0.32994816,0.5606
7,0,212000,36,0.6474861,0.22961593,0.38763896,0.547
7,0,212500,36,0.5794118,-0.3929526,0.32264107,0.5341
7,0,213000,36,0.5195569,-0.62618434,-1.965286,0.5221
7,0,213500,36,0.4656415,1.9299881,-1.281422,0.5109
7,0,214000,36,0.43725654,2.856885,-0.81066597,0.5007
7,0,214500,36,0.47147903,1.2542723,-0.22654578,0.4915
7,0,215000,36,0.544727,0.39101788,0.04090707,0.4834
7,0,215500,36,0.6632866,1.9891938,-0.013992328,0.4764
7,0,216000,36,0.7074265,2.3484366,-0.027171358,0.4703
7,0,216500,36,0.71215147,0.87712723,1.1757241,0.4651
7,0,217000,36,0.6504743,-0.7154886,-0.24074379,0.4606
7,0,217500,36,0.42638895,-1.542384,-1.2948357,0.4569
7,0,218000,36,0.10619366,-1.1454426,0.09128176,0.454
7,0,218500,36,-0.247611,0.68209225,0.86219466,0.4517
7,0,219000,37,-0.20460893,0.3858526,0.64763093,0.4501
7,0,219500,37,-0.22159171,-0.23370324,0.50838304,0.4491
7,0,220000,37,-0.17694823,-1.1870798,0.3156483,0.449
7,0,220500,37,-0.11397139,-0.24006231,0.112563305,0.4495
7,0,221000,37,-0.048917044,1.8959932,0.021140568,0.4508
7,0,221500,37,0.027472476,1.0700567,0.043601878,0.4527
7,0,222000,37,0.14240067,-0.3946963,0.10582555,0.4552
7,0,222500,38,0.27032155,-0.21929781,0.085781544,0.4581
7,0,223000,38,0.384297,2.5726068,0.069956146,0.4615
7,0,223500,38,0.488402,2.9174678,0.121198654,0.4652
7,0,224000,38,0.56015253,0.7121909,0.15799862,0.4695
7,0,224500,38,0.6092108,-1.2394798,0.21905012,0.4741
7,0,225000,38,0.6239358,-1.2941452,0.21395202,0.4791
7,0,225500,38,0.61317325,-1.237205,0.5143606,0.4843
7,0,226000,38,0.5723653,-1.3992039,1.1008319,0.4896
7,0,226500,39,0.4465004,-1.6770102,0.29015866,0.4949
7,0,227000,39,0.31088066,-1.0172085,-3.066039,0.5
7,0,227500,39,0.27715084,-0.36469164,-1.9022541,0.5046
7,0,228000,39,0.509711,0.32353088,-1.0209717,0.5086
7,0,228500,39,0.70942205,1.6544096,0.8222137,0.5116
7,0,229000,39,0.86050475,3.0467548,0.74419963,0.5133
7,0,229500,39,0.8879302,1.2161319,0.85929704,0.5138
7,0,230000,39,0.88939285,-0.6050344,1.3103292,0.5129
7,0,230500,39,0.79472333,-1.3699559,0.8680494,0.5103
7,0,231000,39,0.64629334,-1.6571387,0.42735928,0.5062
7,0,231500,39,0.49463812,-1.8388869,0.41954216,0.5003
7,0,232000,39,0.39297602,-2.2423282,0.29188818,0.4929
7,0,232500,39,0.37671244,-1.3853295,0.23706318,0.484
7,0,233000,39,0.4373483,1.1037273,0.043754492,0.4736
7,0,233500,39,0.5286006,1.3144038,0.060565606,0.4619
7,0,234000,39,0.6341566,-0.00010961456,-0.06616336,0.4491
7,0,234500,39,0.73797053,-0.626894,-1.462308,0.4352
7,0,235000,39,0.862662,1.2053267,-1.0705397,0.4205
7,0,235500,39,0.9458727,2.1215405,-0.7045401,0.4051
7,0,236000,39,1.024738,0.5388933,-0.13079588,0.3893
7,0,236500,39,1.1291308,-0.16889994,0.2051518,0.3736
7,0,237000,39,1.1800345,-0.9335864,0.26784703,0.3579
7,0,237500,39,1.1655267,-1.2879037,0.25275174,0.3422
7,0,238000,39,0.99215585,-1.3115305,0.27936482,0.3269
7,0,238500,40,0.6758353,-1.219472,0.31896874,0.3121
7,0,239000,40,-0.11321518,-1.6222272,0.2517599,0.2982
7,0,239500,40,-0.47507957,-1.3992414,0.21539295,0.2851
7,0,240000,40,-0.7220988,-1.1925881,0.13292742,0.273
7,0,240500,40,-0.83989656,-0.8931431,0.068681255,0.2621
7,0,241000,40,-0.77630365,-0.05321467,0.13564967,0.2523
7,0,241500,40,-0.737719,-0.15154292,0.22885007,0.2438
7,0,242000,41,-0.7098864,-0.57172096,0.11939823,0.2362
7,0,242500,41,-0.63484216,0.31041324,-0.10007331,0.2297
7,0,243000,41,-0.57393026,2.06312,-0.07266475,0.2243
7,0,243500,41,-0.40935346,1.9965587,0.11058429,0.2197
7,0,244000,41,-0.062587336,1.1411062,0.06769175,0.2159
7,0,244500,41,0.11306479,-0.22492838,0.085202895,0.2127
7,0,245000,41,0.25051326,-0.047466595,0.042145777,0.2102
7,0,245500,41,0.29416984,-0.091961294,-0.043075252,0.2082
7,0,246000,41,0.26943794,-0.10767332,-0.8221297,0.2067
7,0,246500,41,0.30639708,-0.18346047,-0.85760754,0.2057
7,0,247000,41,0.37338245,-0.85433537,-0.08689369,0.205
7,0,247500,42,0.43871602,-1.1215527,-0.14472513,0.2045
7,0,248000,42,0.5546867,0.05898791,-0.21873069,0.2042
7,0,248500,42,0.67623335,0.8819118,-0.19725421,0.2037
7,0,249000,42,0.7659924,0.9708213,-0.23494798,0.2031
7,0,249500,42,0.83458114,1.3343364,-0.6340776,0.2023
7,0,250000,42,0.9247499,0.9767762,-0.26256955,0.2013
7,0,250500,42,0.9769878,0.3016196,0.008403036,0.2001
7,0,251000,42,0.97463393,-0.46201408,-0.40237832,0.1985
7,0,251500,42,0.93587184,-1.024625,-0.31346393,0.1967
7,0,252000,42,0.8254201,-1.330979,0.62882566,0.1945
7,0,252500,43,0.9083461,-0.78024495,0.43816712,0.1922
7,0,253000,43,0.8232954,-0.7762687,0.33554,0.1897
7,0,253500,43,0.72048,-1.3668634,0.46283388,0.1871
7,0,254000,43,0.42595583,-1.2745041,0.6219064,0.1843
7,0,254500,43,0.06351155,0.64985037,0.39750686,0.1811
7,0,255000,43,-0.08063501,1.5543095,0.25097698,0.1776
7,0,255500,43,-0.11817415,0.67896676,-0.56068105,0.1737
7,0,256000,43,-0.11413097,0.2509491,0.083854474,0.1695
7,0,256500,43,-0.12752442,-0.3027788,-0.003245483,0.1653
7,0,257000,44,0.06250708,-0.16483445,-0.29816523,0.1609
7,0,257500,44,0.2545396,-0.88880974,-0.24985185,0.1563
7,0,258000,44,0.4029694,-0.154706,-0.43424857,0.1516
7,0,258500,44,0.55195516,0.7794241,-0.35737956,0.1469
7,0,259000,44,0.6991561,0.954315,0.049473263,0.1423
7,0,259500,44,0.773644,0.5578389,0.14174253,0.1379
7,0,260000,44,0.7787544,0.15229659,0.26870522,0.1338
7,0,260500,44,0.71839756,-0.11869477,0.31644055,0.1299
7,0,261000,45,0.5954785,-0.27363896,0.2577398,0.1263
7,0,261500,45,0.49063638,-0.14781584,0.23507454,0.1229
7,0,262000,45,0.46112016,-0.17329912,0.3756286,0.1201
7,0,262500,45,0.4542159,-0.97202283,0.8660803,0.1178
7,0,263000,45,0.48068354,-1.5135449,1.0105319,0.1161
7,0,263500,45,0.55255455,-1.1637114,0.7929656,0.1151
7,0,264000,45,0.6426388,0.033044033,0.10947018,0.1142
7,0,264500,45,0.73031026,1.473484,0.030002067,0.1139
7,0,265000,45,0.83018786,1.3093184,-0.20057465,0.1139
7,0,265500,45,0.9282621,0.18015336,0.078803346,0.1141
7,0,266000,45,1.0005527,-0.83333117,0.17570528,0.114
7,0,266500,46,1.1327081,0.8822972,-0.8253066,0.1135
7,0,267000,46,1.0856866,0.8172636,-0.6014192,0.1125
7,0,267500,46,1.100554,0.4961564,-0.39896685,0.1109
7,0,268000,46,0.81619674,-0.0015525079,-0.16043966,0.1084
7,0,268500,46,0.3187213,-0.23037565,-0.13896376,0.1051
7,0,269000,46,-0.10619466,-0.96616197,0.03798378,0.1007
7,0,269500,46,-0.6161674,-0.5710395,0.06966259,0.0951
7,0,270000,46,-0.9124183,-0.23897661,0.11416706,0.0883
7,0,270500,46,-0.9474876,-0.08323813,0.08130556,0.0805
7,0,271000,46,-0.83989656,0.20663774,0.060719386,0.0716
7,0,271500,47,-0.67560935,0.29383644,0.04595411,0.0621
7,0,272000,47,-0.5899409,-1.1287154,0.015007141,0.0519
7,0,272500,47,-0.51314485,-0.25827473,-0.1527045,0.0417
7,0,273000,47,-0.43916205,1.0085105,-0.5601809,0.0316
7,0,273500,47,-0.28340507,1.4429201,-0.66896915,0.0221
7,0,274000,47,-0.11831222,0.74022156,-0.55742216,0.0134
7,0,274500,47,0.03667004,-0.026626892,-0.33453423,0.0058
7,0,275000,47,0.18716425,-0.7817912,0.16088311,-0.0003
7,0,275500,47,0.33479252,-0.0465454,-0.4974422,-0.0049
7,0,276000,47,0.4495418,0.37724224,-1.5052863,-0.0075
7,0,276500,47,0.5732948,0.17420788,-0.82570434,-0.0079
7,0,277000,47,0.70352614,-0.3097489,0.08214859,-0.0059
7,0,277500,47,0.80531996,-0.09850836,0.18168348,-0.0015
7,0,278000,47,0.8117983,0.4346901,0.14669356,0.0052
7,0,278500,48,0.6820628,0.0048488625,0.104695104,0.0143
7,0,279000,48,0.34372663,-0.2212154,0.047263432,0.0255
7,0,279500,48,-0.008177885,-0.58819443,0.04584264,0.0384
7,0,280000,48,-0.2920568,-0.49621582,-1.323942,0.0526
7,0,280500,48,-0.6553042,-0.20308287,-2.4800885,0.0679
7,0,281000,48,-0.5843818,-0.33469167,-1.2005944,0.0839
7,0,281500,48,-0.48480472,-0.22651227,-0.8584511,0.1006
7,0,282000,48,-0.34114784,-0.56077474,-0.36189172,0.1176
7,0,282500,48,-0.14870729,0.601027,-0.18028085,0.1345
7,0,283000,48,0.0659864,0.7958176,-0.045664135,0.1513
7,0,283500,49,0.18886071,0.92179585,0.42898348,0.1675
7,0,284000,49,0.20809264,0.11634645,0.6440946,0.1828
7,0,284500,49,0.22006549,-0.37959996,0.34345168,0.1969
7,0,285000,49,0.24193634,-0.3535198,-0.5917418,0.2098
7,0,285500,49,0.29162666,-0.4143516,-0.7198236,0.2212
7,0,286000,49,0.38696396,-0.59445006,-0.7132542,0.231
7,0,286500,49,0.5004222,-1.9705144,-0.51559913,0.2394
7,0,287000,50,0.5666402,-1.413426,-0.27701297,0.2461
7,0,287500,50,0.66749966,0.8331025,-0.19403328,0.2514
7,0,288000,50,0.7439857,1.2158735,-0.07384247,0.2545
7,0,288500,50,0.7837188,0.538522,0.1496974,0.2561
7,0,289000,50,0.77339697,0.0835641,-0.061337214,0.2566
7,0,289500,50,0.6686423,0.5609174,-0.18344575,0.256
7,0,290000,50,0.50046766,0.14583412,-0.15485482,0.2545
7,0,290500,50,0.23277514,-0.12075806,-0.1438255,0.2521
7,0,291000,50,-0.05443206,-0.6721266,-0.11483216,0.2492
7,0,291500,50,-0.35743198,-0.46535578,-0.063532166,0.2461
7,0,292000,50,-0.58035976,-0.21068275,-0.046351045,0.2428
7,0,292500,50,-0.6451505,-0.9745138,-0.04102504,0.2396
7,0,293000,50,-0.68876135,-0.4353652,-0.036187515,0.2367
7,0,293500,50,-0.6553042,1.3103807,-0.015198354,0.2341
7,0,294000,50,-0.639182,1.46728,0.37442693,0.2315
7,0,294500,50,-0.6157832,0.52885884,2.0851068,0.2299
7,0,295000,50,-0.5819924,0.8897279,2.1534877,0.2293
7,0,295500,50,-0.5013794,0.8876646,0.5785283,0.2305
7,0,296000,50,-0.40014473,0.4935385,-0.9974041,0.2329
7,0,296500,50,-0.30092576,0.1933039,-0.8894375,0.2366
7,0,297000,50,-0.18703291,1.1410028,-0.6041263,0.2415
7,0,297500,50,-0.008498983,1.6256411,-0.42556712,0.2477
7,0,298000,50,0.24341886,0.25799438,-0.27256793,0.2551
7,0,298500,50,0.4135433,-0.42212537,-0.20697653,0.2633
7,0,299000,51,0.54475415,-1.2343051,-0.16506708,0.2724
7,0,299500,51,0.59533525,-2.0210345,-0.13606614,0.2821
7,0,300000,51,0.5828695,-2.3739324,-0.11077871,0.2921
7,0,300500,51,0.45409626,-0.72628915,-0.07836893,0.3029
7,0,301000,51,0.28503183,0.31437063,-0.05773577,0.3141
7,0,301500,51,0.113304265,0.0039887666,-0.043037318,0.3256
7,0,302000,51,-0.13464458,-0.48678297,-0.030013528,0.337
7,0,302500,51,-0.25834635,-0.6141994,-0.03254376,0.3479
7,0,303000,51,-0.32222754,-0.7874923,-0.029021395,0.3584
7,0,303500,51,-0.36576754,-1.2216481,-0.03085655,0.3681
7,0,304000,51,-0.38924706,-1.5890219,-0.021757228,0.377
7,0,304500,51,-0.4353685,-1.1112972,-0.017588811,0.3848
7,0,305000,51,-0.35960072,0.59575367,0.05872199,0.3911
7,0,305500,51,-0.29126236,1.042134,0.03816003,0.3958
7,0,306000,51,-0.2432201,0.7741084,0.023741124,0.3988
7,0,306500,51,-0.15586859,-0.2844066,0.6183306,0.4
7,0,307000,51,-0.113103546,0.05955661,1.0028257,0.3758
7,0,307500,51,-0.05932971,1.2259502,0.1433848,0.351
7,0,308000,51,-0.035938933,0.86200273,-0.85865045,0.3249
7,0,308500,51,0.007675878,1.8462205,1.1923608,0.2983
7,0,309000,51,0.20626266,1.680504,2.5551543,0.2712
7,0,309500,51,0.5021561,0.35363895,2.1286523,0.2437
7,0,310000,51,0.6221381,-0.86655533,1.5611247,0.2159
14,0,500,1,0.21842681,-0.23965341,-1.1966332,-0.0018
14,0,1000,1,0.028037986,-0.1757008,1.7628161,0.0042
14,0,1500,1,0.15651037,0.080039114,2.3345273,0.0109
14,0,2000,1,0.22200875,0.21788949,1.3731073,0.0183
14,0,2500,1,0.16720797,0.112097666,1.7430531,0.0264
14,0,3000,1,0.10648082,0.12994349,1.713297,0.035
14,0,3500,1,0.21769239,0.18916792,1.4949051,0.0442
14,0,4000,1,0.14498596,-0.3489702,1.2568641,0.0541
14,0,4500,1,0.09286094,-0.055461258,1.273367,0.0778
14,0,5000,1,0.04792267,0.09293116,0.9146995,0.0937
14,0,5500,1,0.12939917,0.048163865,0.68120325,0.1069
14,0,6000,1,0.23290709,-0.0678504,0.4308434,0.1189
14,0,6500,2,0.2017001,-0.061637033,0.3180621,0.1302
14,0,7000,2,0.15303446,0.15960975,0.20380512,0.1409
14,0,7500,2,0.23489515,-0.10874491,0.15438376,0.1511
14,0,8000,2,0.34765133,0.22551754,-0.26325032,0.1609
14,0,8500,2,0.4045701,0.017026506,-1.2967467,0.1701
14,0,9000,2,0.4923716,-0.041582223,-0.43927956,0.1788
14,0,9500,2,0.56797844,0.045912575,-0.20010805,0.1871
14,0,10000,2,0.5885874,0.069769666,-1.3310993,0.1949
14,0,10500,2,0.59804916,0.030773943,-1.9637809,0.2021
14,0,11000,2,0.601468,-0.041544624,-1.8998513,0.2088
14,0,11500,2,0.6077679,-0.04855699,-1.2444919,0.2147
14,0,12000,2,0.7156607,0.00534236,-0.6718966,0.2198
14,0,12500,2,0.89389014,0.09164336,2.0349069,0.224
14,0,13000,2,0.97341996,0.014779917,1.7126396,0.2273
14,0,13500,2,0.9076063,-0.012146259,1.0386741,0.2297
14,0,14000,2,0.75115013,0.11894554,0.8871812,0.2314
14,0,14500,2,0.46069258,0.26530287,1.4755617,0.2324
14,0,15000,3,0.3460553,-0.17273042,1.0816869,0.2329
14,0,15500,3,0.40649012,-0.1553922,0.7686166,0.2329
14,0,16000,3,0.37745434,0.19445069,0.5313363,0.2329
14,0,16500,3,0.34673333,0.17372379,0.38158256,0.2325
14,0,17000,3,0.33208686,-0.019976422,0.0027636343,0.2319
14,0,17500,3,0.35431597,-0.025400197,0.0006150824,0.2309
14,0,18000,3,0.42819074,0.16025835,0.08315385,0.2301
14,0,18500,3,0.5817499,0.4046384,1.0563049,0.2295
14,0,19000,3,0.72923774,-0.0043066954,0.9147774,0.2291
14,0,19500,3,0.7117267,-0.028187286,0.62194955,0.2289
14,0,20000,3,0.63944,-0.038414437,0.5144902,0.2289
14,0,20500,3,0.39012572,-0.4815425,0.33929053,0.2289
14,0,21000,3,-0.049187515,-0.15623349,0.32235307,0.2291
14,0,21500,3,-0.34650934,0.006912153,0.21646474,0.2294
14,0,22000,3,-0.57079875,-0.15860699,0.03437971,0.2296
14,0,22500,3,-0.5413659,-0.034837756,-0.21288206,0.2299
14,0,23000,3,-0.4983772,0.14108713,-0.13187,0.2299
14,0,23500,3,-0.49838233,0.17213519,-0.13782369,0.2295
14,0,24000,3,-0.50651795,-0.18490806,-0.422043,0.2291
14,0,24500,3,-0.45757377,-0.0679256,-0.4523156,0.2285
14,0,25000,3,-0.06978742,0.29648253,-0.36667028,0.2279
14,0,25500,3,0.20794539,0.21806808,-0.2662019,0.2269
14,0,26000,3,0.22262034,0.24484856,-0.5006602,0.2255
14,0,26500,3,0.07314109,-0.0090865735,-0.53736156,0.2235
14,0,27000,3,-0.13999148,0.05173585,-0.34476632,0.2211
14,0,27500,3,-0.35743198,-0.40846252,-0.50888705,0.2181
14,0,28000,3,-0.39682248,0.3052621,-0.24204552,0.2149
14,0,28500,3,-0.3951567,-0.328295,-0.13133162,0.2113
14,0,29000,3,-0.3603061,-0.12921803,-0.16969946,0.2076
14,0,29500,3,-0.31860775,0.9255793,0.84854347,0.2039
14,0,30000,3,0.0069484124,1.2114179,0.815403,0.2001
14,0,30500,3,0.23229736,1.1077834,0.69059,0.1965
14,0,31000,3,0.28902155,0.9674937,1.1483074,0.1931
14,0,31500,3,0.19708747,1.2936158,0.9418028,0.1898
14,0,32000,3,0.028740447,1.7648121,0.52457315,0.1869
14,0,32500,3,-0.35101065,1.28564,-0.040788095,0.1845
14,0,33000,3,-0.5723833,1.4649864,-0.036392946,0.1826
14,0,33500,3,-0.655584,1.6520174,-0.24408348,0.1813
14,0,34000,3,-0.6161674,1.837126,-1.0410839,0.1807
14,0,34500,3,-0.6741266,0.8570724,-0.8797832,0.1805
14,0,35000,4,-0.57475126,2.1197546,-0.7224457,0.181
14,0,35500,4,-0.45868003,2.2817721,-0.45947823,0.1819
14,0,36000,4,-0.38924706,2.3119931,-0.08942626,0.183
14,0,36500,4,-0.1546122,4.0410166,0.36503816,0.1845
14,0,37000,4,0.0483664,3.433563,0.07145135,0.1862
14,0,37500,4,0.119252905,1.9926248,0.04760747,0.1879
14,0,38000,4,0.11282874,2.809608,-0.09314705,0.1899
14,0,38500,5,0.1446994,3.7727182,-0.16799942,0.1919
14,0,39000,5,0.30916017,2.5013459,-0.2119687,0.1939
14,0,39500,5,0.38943893,3.384138,-0.5223587,0.1959
14,0,40000,5,0.21842681,1.9260355,-0.44142285,0.1977
14,0,40500,5,-0.02945505,1.7218778,-0.56371754,0.1991
14,0,41000,5,-0.12452679,1.1272647,-0.56696445,0.2
14,0,41500,5,-0.022326993,1.4011842,0.8751423,0.2007
14,0,42000,5,0.22673091,1.8358994,0.796764,0.2014
14,0,42500,5,0.34345886,3.421216,0.5824309,0.2021
14,0,43000,5,0.39012572,1.7235464,0.41470432,0.2027
14,0,43500,5,0.20233631,1.6749392,0.9813991,0.2035
14,0,44000,5,0.3438094,0.60943055,0.73543733,0.2042
14,0,44500,5,0.15654436,-1.8466606,0.562716,0.2051
14,0,45000,6,-0.08878943,-1.6000386,0.4048542,0.2064
14,0,45500,6,-0.33810905,-0.2790768,0.23572117,0.2079
14,0,46000,6,-0.6927746,0.4722946,0.18521956,0.2095
14,0,46500,6,-0.75912017,0.8904564,0.15024978,0.2115
14,0,47000,6,-0.78895956,1.8987474,-9.669711e-06,0.2135
14,0,47500,6,-0.78394425,-1.0363609,-0.041973986,0.2159
14,0,48000,6,-0.7320001,-1.8816566,-0.059540287,0.2184
14,0,48500,6,-0.66031826,-0.5483997,0.042546716,0.2215
14,0,49000,6,-0.5296056,-1.6707122,-0.1544705,0.2248
14,0,49500,6,-0.51514083,-2.4796395,-0.25550878,0.2283
14,0,50000,6,-0.43432498,-1.5720456,-0.19275752,0.2317
14,0,50500,6,-0.37099916,-0.90425855,-0.220225,0.2351
14,0,51000,6,-0.43916205,-2.154462,-0.2098111,0.2383
14,0,51500,6,-0.42887312,-1.1344447,-0.15451574,0.2412
14,0,52000,6,-0.40772092,1.191006,-0.37659746,0.2439
14,0,52500,6,-0.4013043,-0.32643852,-0.6502059,0.2461
14,0,53000,6,-0.46367455,-2.787991,-0.8543064,0.2477
14,0,53500,6,-0.5878005,-1.2741656,-0.8907314,0.2489
14,0,54000,6,-0.67078424,0.6962157,-1.3997316,0.2494
14,0,54500,6,-0.76819247,1.4924484,-2.1424606,0.2493
14,0,55000,6,-0.7592515,2.5802536,0.7673356,0.2487
14,0,55500,6,-0.5650482,-0.72417885,0.74872494,0.2476
14,0,56000,6,-0.3402675,-1.3710792,0.7012073,0.2459
14,0,56500,6,-0.19079347,1.521419,0.35404968,0.2437
14,0,57000,6,-0.27109143,-1.1002617,0.44240645,0.2411
14,0,57500,6,0.015598575,-1.6506809,1.2244785,0.2383
14,0,58000,6,0.18378945,-3.1823146,0.9136169,0.2353
14,0,58500,6,0.26533672,-1.7562377,0.7389892,0.2322
14,0,59000,6,0.20118868,-1.3562602,0.59325624,0.2293
14,0,59500,6,-0.017906703,-0.5445363,0.43396252,0.2265
14,0,60000,6,-0.42231184,0.7736055,0.31367832,0.2238
14,0,60500,6,-0.5300372,1.2626947,0.26006025,0.2216
14,0,61000,6,-0.61942476,0.7301213,0.20165162,0.2197
14,0,61500,6,-0.8348648,0.25398532,0.11238035,0.2182
14,0,62000,7,-0.73750424,0.44617212,0.057306156,0.2168
14,0,62500,7,-0.6723057,0.98547584,-0.01603583,0.2156
14,0,63000,7,-0.6274291,-0.94640326,-0.1674587,0.2145
14,0,63500,7,-0.6127454,-3.0159588,-0.10937338,0.2137
14,0,64000,7,-0.6401757,-2.2768402,-0.04528975,0.2128
14,0,64500,7,-0.67753744,-0.51684874,0.02171192,0.2121
14,0,65000,7,-0.7312947,0.6108171,0.00981916,0.2115
14,0,65500,7,-0.7126817,-4.372509,0.030349605,0.2111
14,0,66000,7,-0.6792314,-5.2760468,-0.1455953,0.2109
14,0,66500,7,-0.59344965,-0.81534433,-0.6369609,0.2108
14,0,67000,7,-0.5509493,1.5762913,-0.877796,0.2109
14,0,67500,7,-0.6234771,1.2504747,-0.74699694,0.2111
14,0,68000,7,-0.76819247,1.0924474,-0.50933874,0.2113
14,0,68500,7,-0.76342493,2.8729825,-0.713867,0.2116
14,0,69000,8,-0.80741,0.59344596,-0.43479162,0.2118
14,0,69500,8,-0.8698041,-3.69269,-0.4711463,0.2122
14,0,70000,8,-0.9545591,-2.521366,-0.20452596,0.2128
14,0,70500,8,-0.93291986,0.6052006,1.0499355,0.2139
14,0,71000,8,-0.8374253,0.027328858,0.8606705,0.2153
14,0,71500,8,-0.33810905,-1.0905328,0.72556037,0.217
14,0,72000,8,-0.39060685,0.3231831,0.51031035,0.2188
14,0,72500,8,-0.48290122,-1.6780959,0.21272352,0.221
14,0,73000,8,-0.6218063,-1.1622404,0.0068471376,0.2233
14,0,73500,9,-0.7529683,0.5415159,-1.5169244,0.2256
14,0,74000,9,-0.83852744,1.5173208,-2.8853407,0.2281
14,0,74500,9,-0.9614204,2.3248897,-2.4023728,0.2308
14,0,75000,9,-0.53219646,2.669544,0.659372,0.2338
14,0,75500,9,-0.08233983,3.474763,0.9667725,0.237
14,0,76000,9,0.039714742,-1.1134921,0.9234825,0.2404
14,0,76500,9,0.09343742,-2.194506,1.3934703,0.2439
14,0,77000,9,0.14014804,-2.1882174,1.0939753,0.2475
14,0,77500,9,0.073766865,-1.7091392,0.82849187,0.2511
14,0,78000,9,-0.16600652,-0.16321766,0.62638265,0.2543
14,0,78500,9,-0.4110445,1.8048842,0.4983578,0.2575
14,0,79000,9,-0.5944486,1.9605663,0.4327489,0.2606
14,0,79500,9,-0.7098864,2.1594553,0.21841429,0.2637
14,0,80000,9,-0.7728041,0.9538826,0.26066312,0.2665
14,0,80500,9,-0.7510687,-1.356387,0.16678688,0.2693
14,0,81000,9,-0.63862675,-0.51866764,0.04099315,0.2719
14,0,81500,9,-0.57633036,0.72164726,-0.114430346,0.2741
14,0,82000,9,-0.45906636,1.1574621,-1.0928391,0.2759
14,0,82500,9,-0.33431897,0.44023606,-1.3265913,0.2772
14,0,83000,9,-0.17543477,-0.2844912,-0.6696447,0.2781
14,0,83500,9,0.14518283,-1.1069874,-1.2880986,0.2785
14,0,84000,9,0.24341886,-1.6413326,-1.5086815,0.2789
14,0,84500,9,0.0004167815,-3.061215,0.027138887,0.2792
14,0,85000,9,-0.08918373,-2.1985855,-1.1301634,0.2797
14,0,85500,9,-0.16583557,-0.28923348,-0.8336522,0.2803
14,0,86000,9,-0.38292262,1.4294451,1.0643942,0.2808
14,0,86500,9,-0.16404253,1.719462,1.515882,0.2814
14,0,87000,9,0.054975174,-1.5875742,1.090546,0.2821
14,0,87500,9,0.14776519,-1.1378897,0.8505163,0.2827
14,0,88000,9,0.104543254,0.20220566,0.6064866,0.2837
14,0,88500,9,-0.01821014,1.8615096,0.5336176,0.2851
14,0,89000,9,-0.19079347,-0.6886376,0.53643006,0.287
14,0,89500,9,-0.12700006,-1.7702436,0.21718025,0.2893
14,0,90000,9,-0.22629818,0.1470655,0.32950577,0.2922
14,0,90500,9,-0.19931002,2.334191,0.16244572,0.2956
14,0,91000,10,-0.055042986,0.8466385,-0.28889754,0.2994
14,0,91500,10,-0.055042986,-1.8131874,-0.87841403,0.3033
14,0,92000,10,0.0096887695,-0.55604184,-0.6536915,0.3073
14,0,92500,10,0.15085357,-0.19791761,-0.22739609,0.3109
14,0,93000,10,0.26932433,-2.4164107,-0.6610336,0.3145
14,0,93500,10,0.33499473,-1.2584677,-2.278944,0.3182
14,0,94000,10,0.3403218,1.049795,-0.8407999,0.3218
14,0,94500,10,0.31753716,2.668209,0.94028395,0.3253
14,0,95000,10,0.339436,3.2965634,1.4018337,0.3285
14,0,95500,10,0.4711868,-0.40615955,1.0884491,0.3311
14,0,96000,10,0.5460697,-3.1038296,0.81791633,0.3333
14,0,96500,10,0.4002112,-1.2858733,0.73950714,0.3349
14,0,97000,10,0.11476016,-1.7430308,0.58032227,0.3362
14,0,97500,10,-0.09146152,-3.227613,0.250998,0.3369
14,0,98000,10,-0.25080842,-0.37777168,-0.33107868,0.3372
14,0,98500,10,-0.40810615,1.3828543,-0.21518527,0.3371
14,0,99000,10,-0.45556155,1.8707732,-0.45337397,0.3367
14,0,99500,10,-0.40261072,0.85508436,-1.1997955,0.3362
14,0,100000,11,-0.33442238,0.85746723,-1.487224,0.3357
14,0,100500,11,-0.2857025,1.4796363,-2.025078,0.3351
14,0,101000,11,-0.23980118,1.5488999,-0.67757976,0.3341
14,0,101500,11,-0.15163557,1.2925019,-0.24737357,0.3331
14,0,102000,11,-0.12737031,1.5594231,-2.137536,0.3321
14,0,102500,11,-0.14889784,0.6022631,-1.282516,0.3312
14,0,103000,11,-0.19771212,-0.027989887,-0.64609295,0.3306
14,0,103500,11,-0.4645833,0.5526689,1.9649148,0.3302
14,0,104000,11,-0.020526603,0.34868518,2.3090076,0.3302
14,0,104500,12,0.18550552,-2.1615498,1.743803,0.3303
14,0,105000,12,0.07861417,-5.160963,1.3246069,0.3303
14,0,105500,12,-0.20460893,-2.079789,0.9519564,0.3302
14,0,106000,12,-0.8454371,0.21083951,0.81266004,0.33
14,0,106500,12,-1.2981724,0.07285755,0.64202684,0.3299
14,0,107000,12,-1.2473434,1.625627,0.47603685,0.3297
14,0,107500,12,-1.2637202,-0.39545768,0.3931129,0.3293
14,0,108000,12,-1.3401319,-1.0908383,0.098852314,0.3287
14,0,108500,12,-1.2917173,0.24376756,0.08738822,0.3277
14,0,109000,12,-1.2511345,0.13552237,-0.03943179,0.3265
14,0,109500,12,-1.1761708,1.6170919,-0.27714047,0.3248
14,0,110000,12,-1.1474417,0.759797,-0.1860431,0.3228
14,0,110500,12,-1.101522,-2.0187504,-0.118322134,0.3204
14,0,111000,12,-0.6131642,-1.2036096,-0.34102014,0.3172
14,0,111500,12,-0.57556224,1.0448883,-0.3732954,0.3133
14,0,112000,12,-0.5714728,-0.40069348,-0.3486015,0.3089
14,0,112500,12,-0.57623893,-0.36242154,-0.41804382,0.3041
14,0,113000,12,-0.80467415,0.028320555,-0.1890694,0.2992
14,0,113500,12,-0.92470765,0.5125922,-0.17060931,0.2941
14,0,114000,12,-0.9329838,1.1618003,-0.1881686,0.2885
14,0,114500,12,-0.952996,2.123773,-0.8873272,0.2829
14,0,115000,12,-0.95421904,1.1685306,0.32023633,0.2773
14,0,115500,12,-0.85988843,0.28415447,1.2215111,0.2717
14,0,116000,12,-0.522076,0.92083704,0.86092526,0.2663
14,0,116500,12,-0.42953265,1.1408854,0.64263237,0.2611
14,0,117000,12,-0.43298805,-1.2290505,0.37009746,0.2563
14,0,117500,13,-0.9916077,-0.91217333,0.24748233,0.2518
14,0,118000,13,-1.1134745,-0.29728925,0.16900197,0.2471
14,0,118500,13,-1.231133,0.10670679,0.0013002378,0.2425
14,0,119000,13,-1.19062,0.6922254,0.02688531,0.2377
14,0,119500,13,-1.161283,-0.23702613,0.027430983,0.2325
14,0,120000,13,-1.1491061,0.16924,-0.018040523,0.227
14,0,120500,13,-1.1379083,0.43406028,0.009158516,0.2209
14,0,121000,13,-1.1188097,-0.39928818,-0.21785614,0.2143
14,0,121500,13,-1.0741439,-0.5502609,-0.22371615,0.2069
14,0,122000,13,-1.0418476,-0.49038786,-0.37265342,0.1984
14,0,122500,13,-0.9801319,-2.488283,-0.9592052,0.189
14,0,123000,14,-0.93142617,-3.2269738,-0.63382053,0.1788
14,0,123500,14,-0.7487869,-1.7673438,-0.46545902,0.1675
14,0,124000,14,-0.48186854,-0.0036486983,-1.4713163,0.1551
14,0,124500,14,-0.61956733,0.76814884,-0.36283132,0.1413
14,0,125000,14,-0.6439729,1.6228917,-0.75969803,0.1263
14,0,125500,14,-0.66556096,1.1795192,-2.0286956,0.1107
14,0,126000,14,-0.6936725,1.5405574,-1.0681705,0.0947
14,0,126500,14,-0.7200833,1.8799475,-0.18250644,0.0783
14,0,127000,14,-0.7255145,0.59634584,-2.2654922,0.0618
14,0,127500,14,-0.7098864,-0.26725167,-1.6703564,0.0454
14,0,128000,14,-0.7533046,-0.07132839,1.1782902,0.0294
14,0,128500,14,-0.52939993,0.44483262,2.0876188,0.0139
14,0,129000,15,-0.27873152,-1.0750511,1.638114,-0.0008
14,0,129500,15,-0.15885454,-0.99650973,1.2478487,-0.0143
14,0,130000,15,0.12100443,0.6660418,0.9871725,-0.0267
14,0,130500,15,-0.07060915,1.1732259,0.8642819,-0.0379
14,0,131000,15,-0.23088662,-0.88533175,0.7256485,-0.0481
14,0,131500,15,-0.37126976,-2.3041425,0.5934882,-0.0573
14,0,132000,15,-0.5354943,-1.1400423,0.26912308,-0.0653
14,0,132500,15,-0.5494046,-0.94394046,0.23768677,-0.0724
14,0,133000,15,-0.5736676,-1.6423666,0.05374148,-0.0788
14,0,133500,15,-0.5991844,0.30719376,0.0029924086,-0.0845
14,0,134000,15,-0.48186854,1.3007315,-0.0001964242,-0.0897
14,0,134500,15,-0.26560605,0.41789237,0.89984053,-0.0946
14,0,135000,15,0.047432378,-0.41320482,0.77922547,-0.0991
14,0,135500,15,0.17972013,2.1051376,0.5603294,-0.1034
14,0,136000,15,0.14856713,1.5362945,0.3639792,-0.1073
14,0,136500,16,0.13696489,1.7299336,0.24899767,-0.1111
14,0,137000,16,-0.28063047,-0.7598235,0.01888463,-0.115
14,0,137500,16,-0.45827088,-0.5589746,-0.10353322,-0.119
14,0,138000,16,-0.5895267,1.1836692,-0.10123147,-0.1229
14,0,138500,16,-0.6718405,2.6782718,-0.14641818,-0.1267
14,0,139000,16,-0.6633198,3.9378235,-0.104677096,-0.13
14,0,139500,16,-0.66475093,3.919663,-0.26857662,-0.133
14,0,140000,16,-0.6718405,4.028947,-0.35327882,-0.1355
14,0,140500,16,-0.6016249,0.13599236,-0.16928802,-0.137
14,0,141000,16,-0.47326672,-3.7635186,0.02985529,-0.1377
14,0,141500,16,-0.36394674,-2.1773887,-0.027022539,-0.1375
14,0,142000,16,-0.29266757,0.48693034,-0.04536212,-0.1361
14,0,142500,16,-0.29892564,2.0574188,-0.030459989,-0.1338
14,0,143000,16,-0.3233874,1.1511688,-0.3381596,-0.1307
14,0,143500,16,-0.4031093,-2.2395225,-0.2731232,-0.1268
14,0,144000,16,-0.5070003,-4.253595,-0.769638,-0.1224
14,0,144500,16,-0.36383373,-8.42098,-0.4359994,-0.1175
14,0,145000,16,-0.18171845,-3.1584857,-0.6062019,-0.1121
14,0,145500,16,-0.28328755,1.0846078,-1.1866509,-0.1067
14,0,146000,16,-0.44960406,2.4816575,-1.184551,-0.1015
14,0,146500,16,-0.6218063,2.8538675,-1.7476144,-0.0965
14,0,147000,16,-0.6587795,3.1858225,0.9101666,-0.0923
14,0,147500,16,-0.56983465,2.3885088,1.1132983,-0.0888
14,0,148000,16,-0.32828432,2.9968786,0.4012163,-0.0863
14,0,148500,16,-0.047664355,-2.6993353,0.23842387,-0.0846
14,0,149000,16,-0.07403912,-3.4533389,0.23947611,-0.0839
14,0,149500,16,-0.15330291,-1.3226836,1.3509101,-0.0843
14,0,150000,16,-0.048091214,-1.765163,1.2365642,-0.0859
14,0,150500,16,0.14570528,-1.8145221,0.9460827,-0.0888
14,0,151000,16,0.17500561,-3.253618,0.6706277,-0.0929
14,0,151500,16,-0.21833737,-1.5546792,0.52913755,-0.0981
14,0,152000,16,-0.34274232,0.870552,0.4675042,-0.1044
14,0,152500,16,-0.39315638,1.8629054,0.39563787,-0.1115
14,0,153000,16,-0.3918443,2.3497903,0.23090671,-0.1189
14,0,153500,16,-0.47582182,1.9819934,-0.08636903,-0.1264
14,0,154000,16,-0.4145269,1.7278985,-0.19740623,-0.1337
14,0,154500,16,-0.414118,1.4345258,-2.2720428,-0.1401
14,0,155000,17,-0.41946813,1.7358415,-0.99991536,-0.1457
14,0,155500,17,-0.13464458,-3.7734778,-0.8786218,-0.1495
14,0,156000,17,0.13807516,-3.276253,1.130231,-0.1519
14,0,156500,17,0.415917,-2.6407125,1.1480474,-0.1527
14,0,157000,17,0.34807318,-2.9406369,0.81132823,-0.1519
14,0,157500,17,0.17158768,-1.2043662,0.54938525,-0.1496
14,0,158000,17,0.028297652,0.83181477,0.30348036,-0.1455
14,0,158500,17,-0.87474203,2.5055897,0.12519813,-0.1395
14,0,159000,17,-0.9637732,3.8552873,0.0789688,-0.1321
14,0,159500,17,-1.0752627,2.7439022,0.19476037,-0.1235
14,0,160000,17,-0.9671444,2.1884446,0.07355,-0.1141
14,0,160500,17,-0.95850116,0.22599225,0.057770416,-0.1043
14,0,161000,17,-0.9614204,-1.2651511,0.04291118,-0.0943
14,0,161500,17,-0.7559586,-0.5662502,-0.4609133,-0.0845
14,0,162000,17,-0.7312651,0.31193134,-0.5525389,-0.0752
14,0,162500,17,-0.7114876,0.69617337,-0.54981196,-0.0668
14,0,163000,17,-0.6274291,-0.5239034,-0.55734223,-0.0605
14,0,163500,17,-0.6274291,-4.4109406,-0.63996154,-0.0559
14,0,164000,17,-0.6612123,-2.6158967,-0.6938137,-0.0533
14,0,164500,17,-0.76819247,1.1909636,-1.3684951,-0.0525
14,0,165000,17,-0.78841275,-0.92698765,-2.2913022,-0.0537
14,0,165500,17,-0.7857167,-2.05322,-0.8786697,-0.0567
14,0,166000,17,-0.76819247,-0.16992453,-0.30305004,-0.0613
14,0,166500,18,-0.6546169,2.16408,1.2699307,-0.067
14,0,167000,18,-0.39415762,1.1316687,0.899671,-0.0733
14,0,167500,18,-0.25701052,1.2915525,0.73034626,-0.0799
14,0,168000,18,-0.2657133,1.5720707,0.29457363,-0.0862
14,0,168500,18,-0.6327079,2.5363748,0.009243139,-0.0922
14,0,169000,18,-0.71697694,3.2185767,1.1073775,-0.0975
14,0,169500,18,-0.6071006,2.1540785,1.4183098,-0.1021
14,0,170000,18,-0.07703491,0.70319986,1.0707419,-0.1057
14,0,170500,18,-0.30078572,-1.0691197,0.72034556,-0.1083
14,0,171000,18,-0.5905288,-1.1520085,0.57774657,-0.1092
14,0,171500,18,-1.0260711,-1.2724079,0.40802056,-0.1085
14,0,172000,18,-1.2726321,0.6188023,0.3313412,-0.1064
14,0,172500,18,-1.4101226,-1.5338254,0.18414222,-0.1029
14,0,173000,18,-1.3937402,-3.8302348,-0.8326356,-0.0984
14,0,173500,18,-1.3590378,-1.7590295,-0.69050837,-0.0933
14,0,174000,18,-1.2511345,0.22057787,-0.5541715,-0.0879
14,0,174500,19,-1.1731749,1.5715114,-0.4349492,-0.0825
14,0,175000,19,-1.1206138,0.0031333705,-0.52051747,-0.0772
14,0,175500,19,-1.0306003,-0.45504403,-0.25961298,-0.0721
14,0,176000,19,-0.8504575,1.8340428,-0.32236308,-0.0672
14,0,176500,19,-0.76072335,1.5645038,-0.59000504,-0.0628
14,0,177000,19,-0.90409464,1.0297027,-0.4566632,-0.0593
14,0,177500,19,-0.8499054,1.0724865,-1.8100414,-0.0563
14,0,178000,19,-0.8005682,0.35619104,-1.4390367,-0.0537
14,0,178500,19,-0.72596496,-0.117580876,0.07955854,-0.0519
14,0,179000,19,-0.85258466,0.028936252,-0.2669708,-0.0506
14,0,179500,19,-0.87990606,1.6605102,0.34007987,-0.0496
14,0,180000,19,-0.78378916,1.583924,1.838447,-0.0489
14,0,180500,19,-0.30631548,-2.290207,1.2433121,-0.0481
14,0,181000,19,-0.34030196,-6.1096115,0.7883764,-0.0466
14,0,181500,19,-0.4228523,-4.889577,0.47339806,-0.0444
14,0,182000,19,-0.56468195,-0.24433929,0.39893875,-0.0416
14,0,182500,19,-0.9612765,2.0043278,0.34043354,-0.0383
14,0,183000,19,-1.229542,0.7968657,0.3812391,-0.0347
14,0,183500,19,-0.99865,-0.052086674,0.09279622,-0.0308
14,0,184000,19,-1.0118121,-0.013053355,0.021031432,-0.0263
14,0,184500,19,-1.0260711,0.20458855,-0.19912146,-0.0208
14,0,185000,19,-0.95554703,1.9863551,-0.4866116,-0.0149
14,0,185500,19,-0.7544021,2.722146,-0.7023273,-0.0085
14,0,186000,19,-0.56363547,0.8818084,-1.1979197,-0.0015
14,0,186500,19,-0.43916205,-0.3065247,-1.5355843,0.0058
14,0,187000,20,-0.18633193,0.3239116,-0.22118942,0.0133
14,0,187500,20,-0.0022517897,1.3708788,1.5062472,0.0211
14,0,188000,20,0.10681507,2.3177505,1.0680234,0.0289
14,0,188500,20,0.028063824,2.7521508,0.73605716,0.0365
14,0,189000,20,-0.21148397,3.1066418,0.4266146,0.0442
14,0,189500,20,-0.80157477,0.16409352,0.42133033,0.0518
14,0,190000,20,-0.96887165,-1.8258069,0.3632447,0.0595
14,0,190500,20,-1.0396241,-1.0908242,0.19073552,0.0673
14,0,191000,20,-1.1322486,0.6072451,0.11068992,0.0749
14,0,191500,20,-1.1813722,0.5815268,-0.04848238,0.0821
14,0,192000,20,-0.9754723,0.33525735,-0.01733319,0.089
14,0,192500,21,-0.9779046,0.40202054,-0.053051446,0.0955
14,0,193000,21,-0.9801319,-0.7691483,-2.5996594,0.1013
14,0,193500,21,-1.011316,-0.058605544,-3.1399944,0.1065
14,0,194000,21,-1.0301007,0.68232256,-1.5357008,0.1109
14,0,194500,21,-1.0575339,-1.1517547,0.65248424,0.1147
14,0,195000,21,-0.67573255,-3.310389,-0.25104037,0.1175
14,0,195500,21,-0.83010805,-4.2555075,-2.4339094,0.1196
14,0,196000,21,-1.0928129,-5.4547496,-2.151416,0.121
14,0,196500,21,-1.1098621,-0.123803645,-1.2192891,0.1212
14,0,197000,22,-1.0268211,0.6908295,0.4520742,0.1204
14,0,197500,22,-0.82981944,0.4915316,1.413556,0.1183
14,0,198000,22,-0.6681268,0.89399546,1.6551903,0.1149
14,0,198500,22,-0.7218098,0.95850736,1.4184473,0.1107
14,0,199000,22,-0.8196876,0.16467632,0.27170205,0.1053
14,0,199500,22,-0.91386294,1.7561078,0.11166922,0.0991
14,0,200000,22,-0.6562812,2.0461106,0.12222989,0.0919
14,0,200500,22,-0.43114513,2.0591905,-0.28686076,0.0839
14,0,201000,22,-0.37021604,-0.62596816,-1.3803222,0.0749
14,0,201500,22,-0.38787684,-2.236143,-1.9285722,0.0654
14,0,202000,22,-0.44587234,-0.14814954,-0.3433,0.0554
14,0,202500,22,-0.3103811,1.0485543,1.9744173,0.0451
14,0,203000,22,0.031194415,0.8667121,1.6917207,0.0345
14,0,203500,22,0.17776136,1.1627825,1.1815647,0.0237
14,0,204000,23,0.30276215,-2.0902886,1.4044193,0.0131
14,0,204500,23,0.36864233,-1.9531856,1.1988412,0.0025
14,0,205000,23,0.06827422,0.45431718,0.85668945,-0.0078
14,0,205500,23,-0.09244528,0.36150673,0.74618626,-0.0175
14,0,206000,23,-0.16738003,-1.2688124,0.45289767,-0.0267
14,0,206500,23,-0.69909227,-0.34311873,0.07455031,-0.0351
14,0,207000,23,-0.69572115,1.4801251,-0.19229384,-0.0428
14,0,207500,23,-0.70390266,0.98649573,0.26796085,-0.0499
14,0,208000,23,-0.7524665,0.9925164,1.1109577,-0.0563
14,0,208500,23,-0.11485908,1.4854736,0.73895127,-0.062
14,0,209000,23,-0.43709582,1.860875,-0.15829372,-0.0676
14,0,209500,23,-1.088442,1.5825658,-0.41404903,-0.073
14,0,210000,23,-1.1269336,-1.9815453,-0.5947976,-0.0783
14,0,210500,24,-1.0892143,-3.0724666,-0.5637552,-0.0835
14,0,211000,24,-0.9185965,-0.9349588,-0.4408121,-0.0889
14,0,211500,24,-0.9081262,0.5750032,-0.45353097,-0.0945
14,0,212000,24,-0.8568639,0.13216187,-0.3342357,-0.1001
14,0,212500,24,-0.7366097,-0.8070254,-0.3332669,-0.1059
14,0,213000,24,-0.494077,-0.62892914,-0.27675268,-0.112
14,0,213500,24,-0.5477466,0.34035683,-0.26685002,-0.1184
14,0,214000,24,-0.5784646,0.8674077,-0.17235342,-0.1251
14,0,214500,24,-0.44531763,-0.89233,-2.1164713,-0.132
14,0,215000,24,-0.60164046,-1.5053105,-2.5520213,-0.1387
14,0,215500,24,-0.55862206,1.2409855,-2.1414165,-0.1451
14,0,216000,24,-0.38666874,1.5532098,-1.3959635,-0.1512
14,0,216500,24,-0.12392777,2.0176005,-1.4735535,-0.1566
14,0,217000,24,0.09726596,1.0696994,-1.3452153,-0.1612
14,0,217500,24,-0.02886821,0.5532423,-1.6355315,-0.1651
14,0,218000,24,-0.19584191,0.22193146,0.9726223,-0.1683
14,0,218500,24,-0.32496667,0.39604685,0.14581114,-0.1705
14,0,219000,24,-0.2723971,0.03559142,-1.0724683,-0.1716
14,0,219500,24,-0.20921852,0.114480555,0.04084696,-0.1715
14,0,220000,24,-0.33087587,-0.27904862,1.1381813,-0.1702
14,0,220500,24,-0.3742152,-0.6411632,-1.8318878,-0.1676
14,0,221000,24,-0.2859405,-0.03401056,-0.10410253,-0.1636
14,0,221500,25,-0.29892564,-0.015666543,2.6835895,-0.1584
14,0,222000,25,-0.08605264,0.17814647,2.0915186,-0.1519
14,0,222500,25,0.15332153,-0.47310135,1.6822966,-0.1443
14,0,223000,25,0.15040818,-3.1633313,1.6368846,-0.1359
14,0,223500,25,-0.025823882,-1.567073,1.2195861,-0.1265
14,0,224000,25,-0.31860775,-0.25492835,0.797741,-0.1164
14,0,224500,25,-0.24866869,-0.77800304,0.9551616,-0.106
14,0,225000,25,-0.32531327,-0.16588256,1.0427935,-0.0949
14,0,225500,25,-0.38142136,0.2779975,0.87390673,-0.0829
14,0,226000,25,-0.33810905,0.8400585,0.6209834,-0.0705
14,0,226500,25,-0.47172022,1.3223749,-0.30991152,-0.0579
14,0,227000,25,-0.44656637,1.6109302,-0.59312934,-0.0451
14,0,227500,25,-0.22494048,1.7988822,1.4839946,-0.0323
14,0,228000,25,0.08240397,0.14362982,1.2298847,-0.0196
14,0,228500,25,0.05050355,-0.6309783,0.85824096,-0.0073
14,0,229000,25,-0.24346724,-0.7615578,0.5326938,0.0044
14,0,229500,25,-0.5269391,-0.5463552,0.40024632,0.0154
14,0,230000,26,-1.0441186,0.015390914,0.33038878,0.0256
14,0,230500,26,-0.99395305,1.2989455,0.25428224,0.0352
14,0,231000,26,-1.00798,0.08095091,0.0063910484,0.044
14,0,231500,26,-1.1401781,-1.3420804,-0.05974747,0.0519
14,0,232000,26,-1.0155517,-0.922471,-0.15786418,0.0595
14,0,232500,26,-0.7818825,-0.9600802,-0.10941219,0.0661
14,0,233000,26,-0.3917263,-0.31445357,-0.72464913,0.0719
14,0,233500,26,-0.07703491,-0.23076575,-0.69737077,0.0769
14,0,234000,26,-0.27561796,-1.182549,-1.6073542,0.0811
14,0,234500,26,-0.4370886,-0.6350626,-2.7194135,0.0848
14,0,235000,27,-0.6048411,0.63788426,-0.41746372,0.0881
14,0,235500,27,-0.637951,-0.8997701,1.8380699,0.0909
14,0,236000,27,-0.28621328,-0.45677832,1.3343146,0.0935
14,0,236500,27,-0.22763465,0.4974536,1.0042698,0.0963
14,0,237000,27,-0.32512817,0.740748,0.8021075,0.0993
14,0,237500,27,-0.9178274,1.5298226,0.5596678,0.1027
14,0,238000,27,-1.0308574,1.2753611,0.40912506,0.1065
14,0,238500,27,-1.114504,0.90070236,0.17399123,0.1107
14,0,239000,27,-1.0003036,0.92193216,-0.15237682,0.1157
14,0,239500,27,-0.92958117,0.49994457,-0.3027247,0.1213
14,0,240000,27,-0.83989656,0.029721148,-0.7967594,0.1275
14,0,240500,27,-0.62996864,-1.0010405,-0.67794245,0.1343
14,0,241000,27,-0.4429591,-1.8301637,-0.30611283,0.1415
14,0,241500,28,-0.24077645,-0.17470442,-2.2624128,0.1493
14,0,242000,28,-0.086131096,1.721563,-0.44592482,0.1573
14,0,242500,28,-0.3445697,0.8272652,-1.4341948,0.1655
14,0,243000,28,-0.50116444,0.405052,-2.1293726,0.1739
14,0,243500,28,-0.6065702,-2.0620184,-1.9512506,0.1823
14,0,244000,28,-0.6718405,-1.631115,1.5155896,0.1906
14,0,244500,29,-0.2530929,-0.9602212,1.4388067,0.1986
14,0,245000,29,-0.13663255,-0.5619967,0.93565273,0.2061
14,0,245500,29,-0.14351559,-0.481425,0.74060434,0.2131
14,0,246000,29,-0.207028,-0.3724795,0.4622284,0.2197
14,0,246500,29,-0.71526086,0.81685,0.7510305,0.2257
14,0,247000,29,-0.42496148,0.37223208,1.544766,0.2312
14,0,247500,29,-0.31206727,-1.8019779,1.0856128,0.2359
14,0,248000,30,-0.31206727,-1.2870483,0.63895005,0.2399
14,0,248500,30,-0.7193426,-0.5954183,0.2789236,0.2431
14,0,249000,30,-0.737387,1.2447971,0.01821144,0.2457
14,0,249500,30,-0.7521529,-0.40969393,-0.05735205,0.2478
14,0,250000,30,-0.82981944,-0.45002446,0.039284058,0.2491
14,0,250500,30,-0.62207144,1.0066916,0.056297682,0.2499
14,0,251000,30,-0.5405494,0.8705097,0.0782781,0.2499
14,0,251500,30,-0.5597795,1.7274332,0.10331808,0.2491
14,0,252000,30,-0.2923243,2.7616823,-0.00022327015,0.2474
14,0,252500,30,-0.31587747,1.2232195,-0.13435967,0.2446
14,0,253000,30,-0.29630005,-0.14629774,-1.380531,0.2407
14,0,253500,30,-0.25900868,-0.2846792,-2.2291558,0.2354
14,0,254000,30,-0.25900868,0.59880394,-0.48395005,0.2287
14,0,254500,30,0.037504032,1.1961946,-2.2230504,0.2205
14,0,255000,30,0.27363622,2.2169125,-2.107742,0.2109
14,0,255500,30,0.21013239,-0.38665932,-2.016631,0.1998
14,0,256000,30,0.073817186,-2.5342393,1.0834175,0.1869
14,0,256500,30,-0.049328968,-0.44671565,-1.4040234,0.1723
14,0,257000,30,-0.14881656,0.67826647,-1.2595994,0.1556
14,0,257500,30,-0.32715175,1.8136966,2.3421252,0.1371
14,0,258000,30,0.10879502,2.4197824,2.0676637,0.1166
14,0,258500,30,0.08346016,2.1447866,1.5186287,0.0945
14,0,259000,30,-0.15737224,-0.40760714,1.0083294,0.0709
14,0,259500,30,-0.49990174,-1.4886539,0.6390875,0.0463
14,0,260000,30,-0.7229871,-0.5982994,0.3777681,0.0216
14,0,260500,30,-0.8465689,-0.21581042,0.58213234,-0.0035
14,0,261000,30,-0.9089414,0.083963595,0.3586608,-0.029
14,0,261500,30,-0.6679057,0.4131454,0.30226034,-0.0545
14,0,262000,30,-0.57292867,0.25856778,0.16914262,-0.0799
14,0,262500,30,-0.5110441,-0.23769352,0.15723294,-0.105
14,0,263000,30,-0.2657133,0.6480268,0.123843275,-0.1295
14,0,263500,30,-0.34381717,-1.9885999,-0.17871737,-0.1525
14,0,264000,30,-0.33467016,-3.0779185,0.025416953,-0.1738
14,0,264500,30,-0.2921932,-1.8327816,-0.32091078,-0.1932
14,0,265000,31,-0.24553643,-0.84201676,-1.8173867,-0.2103
14,0,265500,31,-0.27684757,0.40037555,-2.060977,-0.225
14,0,266000,31,-0.2147,-0.16281347,1.0802065,-0.2373
14,0,266500,31,0.045304608,-0.36530733,1.3199552,-0.2475
14,0,267000,31,0.21644689,0.0070202528,0.732161,-0.2551
14,0,267500,31,0.12360276,0.34991658,0.07771638,-0.261
14,0,268000,31,-0.08431795,1.0651499,0.38767862,-0.2646
14,0,268500,31,-0.4704407,1.3377768,0.27002826,-0.2657
14,0,269000,31,-0.6285347,0.17143959,0.062000405,-0.2645
14,0,269500,31,-0.6553042,-0.51436716,-0.19066411,-0.2609
14,0,270000,31,-0.8563269,-0.26548448,-0.2811227,-0.2553
14,0,270500,31,-0.92462474,0.25389132,-0.510686,-0.248
14,0,271000,31,-0.9801319,-0.19747111,-0.11212131,-0.2396
14,0,271500,31,-0.8313191,-0.20536236,-0.8235488,-0.2303
14,0,272000,31,-0.8117498,-0.27124667,-2.0536182,-0.2203
14,0,272500,31,-0.8499194,-0.19024254,-1.8274391,-0.2101
14,0,273000,31,-0.6516879,-0.9598828,-1.8702589,-0.1998
14,0,273500,31,-0.53683865,-0.8358034,-1.6060576,-0.1895
14,0,274000,31,-0.41886282,-0.7030431,2.2282486,-0.1794
14,0,274500,31,-0.26687407,-0.79696274,2.6506553,-0.1698
14,0,275000,31,0.073766865,-0.70126647,1.8663565,-0.1609
14,0,275500,31,-0.08931761,-0.17367041,1.2443217,-0.1529
14,0,276000,31,-0.32768577,-0.06489412,0.87019384,-0.1462
14,0,276500,31,-1.2230645,-0.16672385,0.5896127,-0.1407
14,0,277000,31,-1.2119572,0.14770001,0.52316,-0.1364
14,0,277500,31,-1.2027215,-1.5392069,0.65926284,-0.1331
14,0,278000,31,-1.1643494,-0.18538275,0.7729566,-0.1309
14,0,278500,31,-1.09773,0.33359826,0.51869625,-0.1295
14,0,279000,31,-0.99403846,0.77387345,-0.1840492,-0.1293
14,0,279500,31,-0.97041655,1.6013234,0.020165358,-0.13
14,0,280000,31,-0.8909593,0.8820622,-1.7638876,-0.1316
14,0,280500,31,-0.7660817,0.52970016,-1.8076378,-0.1341
14,0,281000,31,-0.51183563,-0.27502075,-2.1621704,-0.1375
14,0,281500,31,-0.38136572,0.6852741,-2.7800555,-0.1415
14,0,282000,31,-0.14417782,0.9545923,-2.4088757,-0.146
14,0,282500,31,-0.01561666,-1.0821433,-1.1428602,-0.1509
14,0,283000,32,-0.099183336,-1.0037007,1.3443576,-0.1559
14,0,283500,32,0.14498596,-0.51614845,-1.7480477,-0.161
14,0,284000,32,-0.18315826,0.11761545,-1.6504471,-0.1663
14,0,284500,32,-0.22558555,0.98448884,0.8240906,-0.1715
14,0,285000,32,-0.07718136,0.679136,2.562431,-0.1769
14,0,285500,32,0.1211373,0.59235084,1.7870355,-0.1824
14,0,286000,32,0.08940651,0.41480917,1.2661895,-0.1879
14,0,286500,32,-0.12389013,-0.18475297,1.1000632,-0.1933
14,0,287000,32,-0.32477647,-0.3707123,0.9523025,-0.1981
14,0,287500,32,-0.42308754,-0.68920636,0.6792038,-0.2028
14,0,288000,32,-0.37021604,-0.49947292,0.08858899,-0.2073
14,0,288500,32,-0.67929935,0.46581805,1.6990794,-0.2114
14,0,289000,32,-0.21687146,-0.16899393,1.6093701,-0.2152
14,0,289500,32,-0.10401332,0.29193765,1.1784039,-0.2187
14,0,290000,33,-0.42058447,0.5592301,0.8596151,-0.2221
14,0,290500,33,-0.9774738,-0.11446949,0.66151524,-0.2252
14,0,291000,33,-1.2826422,-0.7225997,0.45110512,-0.2281
14,0,291500,33,-1.2192701,-1.2721399,0.03292536,-0.2307
14,0,292000,33,-1.1852974,-1.2291821,-0.141091,-0.2331
14,0,292500,33,-1.1316626,-1.9822267,-0.2481343,-0.2351
14,0,293000,33,-0.96412593,-0.09739917,-0.1655112,-0.2368
14,0,293500,33,-0.95299053,0.6273375,-0.14446163,-0.2383
14,0,294000,33,-0.9847795,0.43611887,-0.39987904,-0.2393
14,0,294500,33,-0.79135716,0.44264716,-0.6131106,-0.2405
14,0,295000,33,-0.8403366,0.11619605,-3.4716737,-0.2413
14,0,295500,33,-1.0032496,0.33366406,0.28095925,-0.2415
14,0,296000,33,-0.8475891,1.6837939,0.8987591,-0.2412
14,0,296500,33,-0.6089145,1.8938218,1.0538576,-0.2405
14,0,297000,34,-0.41435468,0.18458073,0.374649,-0.2393
14,0,297500,34,-0.9572884,-1.0438479,-0.08682599,-0.2377
14,0,298000,34,-1.0189247,-1.2131035,-0.75778526,-0.2358
14,0,298500,34,-1.101522,-1.284092,-0.44598228,-0.2337
14,0,299000,34,-1.2152703,-0.21186244,-0.1364134,-0.2315
14,0,299500,34,-1.2452761,0.068886064,-0.16363782,-0.2292
14,0,300000,34,-1.1359257,-0.2878376,-0.545926,-0.2271
14,0,300500,34,-1.1316403,0.24875894,-2.3067582,-0.2249
14,0,301000,34,-1.127389,-0.29193598,-0.5544811,-0.2227
14,0,301500,34,-0.9202668,-0.18099768,-0.38006496,-0.2205
14,0,302000,34,-0.88398325,0.21897988,-2.8704765,-0.2185
14,0,302500,34,-0.8229608,0.29113865,0.16697481,-0.2164
14,0,303000,34,-0.6048411,-0.046150602,2.573039,-0.2147
14,0,303500,34,-0.2274218,-0.8698594,2.0467768,-0.2134
14,0,304000,35,-0.06499812,-0.49037847,0.73818004,-0.2127
14,0,304500,35,-0.15733293,-0.25996202,0.16730689,-0.2124
14,0,305000,35,-0.59344965,-0.37036452,0.46544087,-0.2128
14,0,305500,35,-0.9507931,0.20203176,0.43620563,-0.2137
14,0,306000,35,-1.1570239,0.20223856,0.20998612,-0.2147
14,0,306500,35,-1.1528723,0.11454166,-0.6995245,-0.2161
14,0,307000,35,-1.1231453,0.17832036,-0.8479926,-0.2178
14,0,307500,35,-1.08406,-0.6840035,-0.31593582,-0.2198
14,0,308000,35,-0.8259184,-0.12214455,-0.6577934,-0.2223
14,0,308500,35,-0.8885293,0.26945764,-0.3661789,-0.2253
14,0,309000,35,-0.99403846,0.08669899,-2.5319078,-0.2288
14,0,309500,35,-0.7386515,0.8483164,-1.8280159,-0.2329
14,0,310000,35,-0.5933394,0.5540648,-2.1439805,-0.2378
14,0,310500,35,-0.37000623,0.13382097,-1.9337269,-0.2433
14,0,311000,35,-0.114089355,0.49832308,-1.7591826,-0.2291
14,0,311500,35,-0.0028803202,0.028579053,1.2360476,-0.2147
14,0,312000,35,0.1426201,-0.86334527,2.8307955,-0.2001
14,0,312500,35,0.3021989,-0.35703537,2.1718729,-0.1853
14,0,313000,35,0.2399303,-0.21238884,1.3370996,-0.1702
14,0,313500,35,-0.040398408,-0.032431364,0.9949931,-0.1551
14,0,314000,35,-0.5413659,-0.16960493,0.6078963,-0.1397
19,0,500,1,-0.8954584,0.15299688,0.016481042,0.0564
19,0,1000,1,-0.84491473,-0.44756636,0.01188163,0.0706
19,0,1500,1,-0.93363446,0.18590613,0.002700313,0.0853
19,0,2000,1,-0.9800297,0.1910197,0.012188316,0.1004
19,0,2500,1,-1.0530735,-0.6623272,0.0066851866,0.1158
19,0,3000,1,-1.0733043,-0.23879331,0.0047604484,0.1315
19,0,3500,2,-1.0749123,0.1511028,0.005911031,0.1476
19,0,4000,2,-0.88947695,-0.5324386,0.007262083,0.1637
19,0,4500,2,-0.80778944,0.4128916,0.0076046605,0.1893
19,0,5000,2,-0.7648158,0.55242926,0.0028374607,0.2043
19,0,5500,2,-0.8043864,-0.33546716,0.0046822447,0.2149
19,0,6000,2,-0.94651973,0.27261132,0.009560038,0.2231
19,0,6500,2,-1.0486017,-0.41853458,0.011042694,0.2306
19,0,7000,2,-1.3128238,0.1495283,0.008633853,0.2363
19,0,7500,2,-1.3475875,0.3412686,0.0118401935,0.2415
19,0,8000,2,-1.3097239,-0.16575564,0.008797263,0.2464
19,0,8500,2,-1.3097239,0.7900037,0.008698634,0.251
19,0,9000,2,-1.3097239,0.18277124,0.011296855,0.2549
19,0,9500,2,-1.245908,0.36211303,0.0072072237,0.2583
19,0,10000,2,-1.208447,0.45770118,0.007038561,0.2613
19,0,10500,2,-1.1231047,-0.23663603,0.006531114,0.2636
19,0,11000,2,-1.0959126,0.18545963,0.0094444845,0.2655
19,0,11500,2,-1.0475022,0.1291398,0.0075425063,0.2673
19,0,12000,2,-0.8499194,-0.6314671,0.008033904,0.2685
19,0,12500,3,-0.93552613,-0.21148174,-0.010670433,0.2693
19,0,13000,3,-0.9792909,0.28428137,-0.0052399626,0.2694
19,0,13500,3,-0.8549106,-0.4597017,0.0013527626,0.2685
19,0,14000,3,-0.8610152,0.40161163,0.00401985,0.2665
19,0,14500,3,-0.8648529,-0.07157748,0.0069165872,0.2632
19,0,15000,3,-1.2310479,0.19967707,0.0054231347,0.2587
19,0,15500,3,-1.2872483,0.4079049,0.0043910244,0.2531
19,0,16000,3,-1.5247236,-0.48209238,0.005192318,0.2463
19,0,16500,4,-1.5236583,0.24779074,0.0014017856,0.2387
19,0,17000,4,-1.5213734,-0.41907978,-0.0029475512,0.2302
19,0,17500,4,-1.4536059,0.3488356,-0.023134835,0.2209
19,0,18000,4,-1.4028987,-0.21201754,-0.015960837,0.2109
19,0,18500,4,-1.3556018,-0.23859121,-0.0026928063,0.2001
19,0,19000,4,-1.337918,-1.2364954,0.00097312575,0.1886
19,0,19500,4,-1.2904258,-1.7569709,0.0027898967,0.1763
19,0,20000,4,-1.264384,-0.9000662,0.0033851766,0.1631
19,0,20500,5,-1.2391624,-1.2738601,0.0035042325,0.1493
19,0,21000,5,-1.2750767,-1.0971692,0.0076300474,0.1352
19,0,21500,5,-1.286217,-0.6169959,0.008214823,0.121
19,0,22000,5,-1.3097239,-1.3001847,0.004721347,0.1068
19,0,22500,5,-1.3028773,-1.406,-0.0041057207,0.0934
19,0,23000,5,-1.2943037,-2.1661603,0.00013039615,0.0803
19,0,23500,5,-0.93514603,-1.2280871,0.00248467,0.0679
19,0,24000,5,-0.930038,-0.8173183,0.0038231742,0.0564
19,0,24500,6,-0.9614204,-1.3776639,0.008604964,0.0459
19,0,25000,6,-1.1984333,-2.1218772,0.010935893,0.0365
19,0,25500,6,-1.2943965,-1.662962,0.004766868,0.0281
19,0,26000,6,-1.2981724,-2.8783576,0.007980796,0.0207
19,0,26500,6,-1.2981724,-2.676263,0.012710645,0.0143
19,0,27000,6,-1.2981724,-2.915948,0.007503113,0.0089
19,0,27500,6,-1.255571,-3.4281986,0.0034627963,0.0046
19,0,28000,6,-1.2346275,-2.7976542,0.009972357,0.0011
19,0,28500,6,-1.214957,-3.5558124,0.0005345445,-0.0019
19,0,29000,6,-1.2209744,-2.515176,-0.004484774,-0.0044
19,0,29500,6,-1.231133,-2.1069078,-0.0052843164,-0.0065
19,0,30000,7,-0.98176116,-0.9542898,-0.005313497,-0.0089
19,0,30500,7,-0.95089144,-1.5049345,-0.0012057738,-0.0109
19,0,31000,7,-0.9801319,-3.2378542,0.0034913933,-0.0131
19,0,31500,7,-1.0402106,-1.6460185,-0.0009387733,-0.0155
19,0,32000,7,-1.0723753,-1.3013033,0.0019775147,-0.0181
19,0,32500,7,-1.2981724,-3.154721,0.005696847,-0.0214
19,0,33000,8,-1.3514161,-2.9623697,0.004279264,-0.025
19,0,33500,8,-1.5446712,-3.1435068,0.00648997,-0.0291
19,0,34000,8,-1.5566938,-0.51008075,-0.00029330308,-0.0336
19,0,34500,8,-1.5773412,-1.5845522,0.004799258,-0.0386
19,0,35000,8,-1.618092,-2.025913,0.009436897,-0.0441
19,0,35500,8,-1.6651661,-3.500818,0.013603857,-0.0497
19,0,36000,8,-1.6417334,-2.611159,0.015690254,-0.0553
19,0,36500,8,-1.6250416,-3.7560222,0.012255431,-0.0609
19,0,37000,8,-1.6114365,-2.1201665,0.007927979,-0.0664
19,0,37500,8,-1.5305841,2.61172,0.009729285,-0.0719
19,0,38000,8,-1.0664207,1.0813318,0.011949037,-0.0773
19,0,38500,8,-1.073812,0.91624045,0.012193277,-0.0827
19,0,39000,8,-1.0796669,0.98705035,0.008144206,-0.0876
19,0,39500,8,-1.277976,1.735475,0.008024567,-0.0925
19,0,40000,8,-1.3188506,-0.49960452,0.0049212324,-0.0973
19,0,40500,8,-1.3810267,-3.2973182,0.007916016,-0.1022
19,0,41000,8,-1.3780982,-2.997521,0.001279228,-0.1075
19,0,41500,9,-1.3736687,-3.3922298,-0.002885105,-0.1129
19,0,42000,9,-1.3143997,-1.7524449,0.0025582043,-0.1187
19,0,42500,9,-1.2439032,-0.90594584,0.003265537,-0.1247
19,0,43000,9,-1.0032496,-2.241393,0.0049013896,-0.1311
19,0,43500,9,-1.0249288,1.661596,0.0043180734,-0.1378
19,0,44000,9,-1.0396241,12.024132,0.0045728185,-0.1451
19,0,44500,9,-1.1991193,7.781353,0.00810919,-0.1529
19,0,45000,9,-1.191786,1.478762,-0.00022472917,-0.1605
19,0,45500,9,-1.161283,-2.0772228,0.0047201794,-0.1686
19,0,46000,10,-0.95981175,-2.7078564,0.006676724,-0.1771
19,0,46500,10,-0.91949946,-2.1152785,0.010939979,-0.1864
19,0,47000,10,-0.9329838,-2.1439953,0.010683192,-0.1961
19,0,47500,10,-1.0377154,-1.3794546,0.009545448,-0.206
19,0,48000,10,-1.0869439,-0.86016804,0.009536111,-0.216
19,0,48500,10,-1.1570828,-1.3626145,0.00947133,-0.226
19,0,49000,10,-1.1723404,-0.11933867,0.0038835777,-0.236
19,0,49500,10,-1.1903963,1.2981936,0.009006779,-0.2458
19,0,50000,10,-1.1056939,3.0907795,0.006709698,-0.2548
19,0,50500,10,-1.0940163,2.3381484,0.00393085,-0.2637
19,0,51000,11,-1.097173,0.20799133,0.010547211,-0.2724
19,0,51500,11,-1.0725399,-0.13170432,0.009921875,-0.2808
19,0,52000,11,-1.0699505,-0.18603136,0.0010402406,-0.2891
19,0,52500,11,-1.1696522,-0.7931464,-0.005234418,-0.298
19,0,53000,11,-1.0132877,0.41944805,0.0010656276,-0.3066
19,0,53500,11,-0.8961221,0.79609025,0.004364762,-0.3152
19,0,54000,11,-0.92820066,-0.30441442,0.0075121587,-0.3237
19,0,54500,11,-1.0372741,7.8729606,0.0080304025,-0.3321
19,0,55000,11,-1.1903963,8.999912,0.0057960604,-0.3402
19,0,55500,11,-1.3571119,3.4007807,0.006967361,-0.3481
19,0,56000,11,-1.4192902,2.2952094,0.0061929133,-0.3559
19,0,56500,11,-1.0441186,1.7068003,0.0056221453,-0.3636
19,0,57000,11,-1.1144012,0.952717,0.0048001334,-0.3711
19,0,57500,11,-1.2068099,-1.260202,0.004623884,-0.3788
19,0,58000,12,-1.3574178,-1.9557847,0.0037516824,-0.3861
19,0,58500,12,-1.4315977,-2.7870135,0.0037049938,-0.3929
19,0,59000,12,-1.3877888,-1.9136494,0.0004583837,-0.3993
19,0,59500,12,-1.3748004,-1.0507333,0.0005503019,-0.4052
19,0,60000,12,-1.3401319,-1.2074777,0.005990402,-0.4105
19,0,60500,12,-1.3401319,-0.60338944,-0.0022714415,-0.4151
19,0,61000,12,-1.3401319,-0.42388785,-0.0040852944,-0.4191
19,0,61500,13,-0.9425829,-1.095792,0.0060823197,-0.4224
19,0,62000,13,-0.90929145,-0.59801733,0.0049746325,-0.4251
19,0,62500,13,-0.8796668,-0.7566369,0.010374755,-0.4277
19,0,63000,13,-1.042593,3.759281,0.002805946,-0.4297
19,0,63500,13,-1.0989397,6.5128336,-0.008656986,-0.4313
19,0,64000,13,-1.2108884,2.7069323,0.0002938063,-0.4325
19,0,64500,13,-1.2134191,0.80827725,0.0028395033,-0.4333
19,0,65000,13,-1.214957,-0.7268532,0.0056478237,-0.4338
19,0,65500,14,-1.2228214,-1.5530812,0.009427268,-0.4343
19,0,66000,14,-1.2121533,-1.75675,0.0040802537,-0.4347
19,0,66500,14,-1.1903963,-2.0067983,0.009167271,-0.435
19,0,67000,14,-1.1666771,-1.2609681,0.0033332356,-0.4353
19,0,67500,14,-1.1601568,-0.5703674,0.0045979135,-0.4359
19,0,68000,14,-1.1986232,0.76848257,0.00032736376,-0.4365
19,0,68500,14,-1.0120677,2.5300956,0.008726355,-0.4374
19,0,69000,14,-0.87550926,1.9643732,0.0030907465,-0.4385
19,0,69500,14,-0.8845784,3.6158516,0.0076455134,-0.4397
19,0,70000,14,-1.0287735,7.765392,0.0059892344,-0.4411
19,0,70500,14,-1.2230645,4.047704,0.0059416704,-0.4427
19,0,71000,14,-1.3949946,2.7010384,-4.1254375e-06,-0.4446
19,0,71500,14,-1.4977133,-0.048773192,0.0063551567,-0.4467
19,0,72000,14,-1.4469544,-1.592561,0.0056627057,-0.4491
19,0,72500,15,-1.4404206,-2.434661,0.0048867995,-0.4518
19,0,73000,15,-1.4597803,-3.560428,0.0052766493,-0.4545
19,0,73500,15,-1.4554037,-2.6617308,0.001977223,-0.4575
19,0,74000,15,-1.4457527,-2.0592546,0.0012515066,-0.4606
19,0,74500,15,-1.3798995,-0.8217927,0.005655119,-0.4635
19,0,75000,15,-1.336362,-1.3936814,-0.008486864,-0.4665
19,0,75500,15,-1.3811765,0.13040408,-0.0046403054,-0.4695
19,0,76000,15,-1.2592081,0.6739096,-0.0010989736,-0.4727
19,0,76500,15,-0.9847795,0.043647185,-0.011208519,-0.4759
19,0,77000,15,-1.1083319,-0.34451932,-0.0018386964,-0.4793
19,0,77500,15,-1.161283,-1.660156,0.0030224645,-0.4826
19,0,78000,15,-1.4734788,-1.3013833,-0.0014112038,-0.4859
19,0,78500,15,-1.5133651,-0.6327361,-0.0052860673,-0.4889
19,0,79000,16,-1.6156238,-1.2170233,0.003618328,-0.4916
19,0,79500,16,-1.6156238,0.0617844,0.008589207,-0.4939
19,0,80000,16,-1.6156238,-0.44347268,0.009877813,-0.4958
19,0,80500,16,-1.6295818,0.32056051,0.009565291,-0.4972
19,0,81000,16,-1.6742705,0.01185653,0.008499623,-0.4981
19,0,81500,16,-1.6165009,0.56961703,0.007931773,-0.4983
19,0,82000,17,-1.5347302,-0.04470301,0.002587093,-0.4982
19,0,82500,17,-1.1839145,-0.21589972,0.0028532182,-0.4974
19,0,83000,17,-1.0797862,-1.1106628,0.0043148636,-0.4959
19,0,83500,17,-1.0078375,0.76480716,0.010311433,-0.4935
19,0,84000,17,-1.1444943,4.46118,0.0087698335,-0.4909
19,0,84500,17,-1.231133,2.6195595,0.007998887,-0.4871
19,0,85000,17,-1.4808338,0.6891939,0.007604369,-0.4822
19,0,85500,17,-1.5512623,-0.7122973,0.005434807,-0.476
19,0,86000,18,-1.5449876,-0.68345356,0.0029360903,-0.4685
19,0,86500,18,-1.5231872,-0.4579909,0.0013977004,-0.4595
19,0,87000,18,-1.4315977,-0.9713742,-0.0019904345,-0.4488
19,0,87500,18,-1.4137789,-0.0025113034,0.0008642829,-0.4365
19,0,88000,18,-1.3920004,-0.35382998,0.0004274525,-0.4225
19,0,88500,18,-1.2781507,0.23816518,0.00014060929,-0.4069
19,0,89000,18,-1.2277998,0.6723022,0.0024703715,-0.3896
19,0,89500,18,-1.1359257,-0.4781397,-0.0015795745,-0.3717
19,0,90000,18,-1.1833382,1.0567416,-0.00653849,-0.3524
19,0,90500,19,-1.2271036,7.0164695,0.001142372,-0.3315
19,0,91000,19,-0.9377544,4.5806584,0.0071897157,-0.3093
19,0,91500,19,-1.0210992,2.4357529,0.0073189847,-0.2853
19,0,92000,19,-1.1570828,0.9352566,0.005207492,-0.2607
19,0,92500,19,-1.4047383,0.8829881,0.0054234266,-0.2357
19,0,93000,19,-1.7277176,-1.0925537,0.006751426,-0.2103
19,0,93500,19,-1.7424897,-1.2799466,0.007212768,-0.1851
19,0,94000,19,-1.7594173,-2.2456794,0.007755815,-0.1601
19,0,94500,19,-1.7263985,-1.6920455,0.00803478,-0.1358
19,0,95000,19,-1.6982715,-2.4519098,0.008749115,-0.1126
19,0,95500,19,-1.5498585,-1.8347603,0.0065862653,-0.0905
19,0,96000,19,-1.4977133,-1.8555765,0.0048479894,-0.0696
19,0,96500,20,-1.4880139,-1.0330896,0.0012520902,-0.05
19,0,97000,20,-1.4185684,-0.5919873,-0.00035720813,-0.0311
19,0,97500,20,-1.2431628,-1.5339005,0.0021187477,-0.014
19,0,98000,20,-1.1802182,-0.8229677,0.004821435,0.0011
19,0,98500,20,-1.1486514,1.6713343,0.0071120956,0.0139
19,0,99000,20,-1.36569,2.921566,0.0076691494,0.0249
19,0,99500,20,-1.3982415,0.9933107,-0.0035308672,0.0339
19,0,100000,20,-1.5347302,-1.1487185,-0.00404094,0.0411
19,0,100500,21,-1.4956988,-0.60338,0.003295301,0.0467
19,0,101000,21,-1.424472,-1.0796852,0.004238703,0.0508
19,0,101500,21,-1.1836015,-0.8554399,0.00220162,0.0538
19,0,102000,21,-1.1058602,-0.8669924,0.0014671497,0.0554
19,0,102500,21,-1.4388623,-0.98422396,0.0034954785,0.0559
19,0,103000,21,-1.4570105,2.216687,0.0032576583,0.0548
19,0,103500,21,-1.7160121,2.46149,0.0018108947,0.0523
19,0,104000,21,-1.7003652,1.1391228,0.004606376,0.0485
19,0,104500,21,-1.6250416,-0.90747803,0.005340263,0.0437
19,0,105000,21,-1.6520612,-0.6259775,0.003160196,0.0379
19,0,105500,21,-1.7537065,-1.2385868,0.0012220345,0.0311
19,0,106000,21,-1.752273,-0.38533393,-0.0005585528,0.0233
19,0,106500,22,-1.7479725,-0.85149187,-0.00014594212,0.0144
19,0,107000,22,-1.6870759,-0.12568833,0.00039214423,0.0045
19,0,107500,22,-1.5934125,-0.6323789,0.0040709157,-0.0062
19,0,108000,22,-1.4780514,-0.25335854,0.00560347,-0.018
19,0,108500,22,-1.4137223,-0.76993316,0.006684311,-0.0308
19,0,109000,22,-1.3908881,-0.5643232,0.007144486,-0.0451
19,0,109500,22,-1.3799928,0.52200156,0.005958595,-0.0599
19,0,110000,22,-1.343893,0.9357313,0.006620406,-0.0757
19,0,110500,22,-1.2999537,1.3474635,0.0021403413,-0.0922
19,0,111000,22,-1.259068,0.022309283,0.0011015194,-0.1093
19,0,111500,22,-1.0114359,-0.5421111,0.0020160328,-0.1271
19,0,112000,22,-1.0874364,-0.46935076,-0.0001509028,-0.1454
19,0,112500,22,-1.3173795,-1.2806704,-0.0003621688,-0.164
19,0,113000,22,-1.4221772,-0.41804108,0.000224357,-0.1826
19,0,113500,22,-1.5610951,-0.7431574,-0.0020557984,-0.2009
19,0,114000,22,-1.574213,0.112680465,0.0039938795,-0.2187
19,0,114500,22,-1.5837905,-0.25420925,0.004573694,-0.2359
19,0,115000,22,-1.519635,0.24675205,0.006328019,-0.2523
19,0,115500,23,-1.5000927,0.48109296,0.007096922,-0.2677
19,0,116000,23,-1.428039,-0.26010773,0.0068596853,-0.2819
19,0,116500,23,-1.411317,0.5135651,0.0075641,-0.2949
19,0,117000,23,-1.3699769,-0.92380106,0.0067394623,-0.3071
19,0,117500,23,-1.3915753,0.39740047,0.00059027906,-0.3181
19,0,118000,23,-1.4083467,6.441347,-0.0017727488,-0.3277
19,0,118500,24,-0.9661166,2.8941746,0.0014084971,-0.3359
19,0,119000,24,-0.9548338,0.6509173,0.0027213227,-0.3429
19,0,119500,24,-0.94251245,-0.9144058,0.0028467984,-0.3488
19,0,120000,24,-1.1725631,-0.8722047,0.0024163877,-0.3536
19,0,120500,24,-1.2310538,-0.8811958,0.0026661719,-0.3573
19,0,121000,24,-1.4597803,-1.8552804,0.0005453413,-0.3603
19,0,121500,24,-1.4660846,-0.8787706,-0.0010546194,-0.3627
19,0,122000,24,-1.4840273,-1.1149868,0.0010005553,-0.3647
19,0,122500,24,-1.3755053,-0.25398836,0.0022407218,-0.3665
19,0,123000,24,-1.2943037,-0.20940904,0.0028555526,-0.3684
19,0,123500,24,-1.2977082,0.368082,0.0028126575,-0.3705
19,0,124000,24,-1.2583998,0.405005,0.00074697775,-0.3728
19,0,124500,24,-1.1486514,0.10864788,0.0048433207,-0.3752
19,0,125000,24,-0.9996203,0.29646373,0.00526381,-0.3778
19,0,125500,25,-0.96534324,-0.08130174,0.0034193178,-0.3805
19,0,126000,25,-1.0575339,-1.3626897,0.0035485867,-0.3833
19,0,126500,25,-1.139079,0.33487195,0.003762479,-0.386
19,0,127000,25,-1.214957,1.5800043,0.006405055,-0.3887
19,0,127500,25,-1.2619468,3.1837404,0.0058853524,-0.3914
19,0,128000,25,-1.2760751,1.86816,0.001752534,-0.3941
19,0,128500,25,-1.3058825,-0.20069529,0.0021015313,-0.3966
19,0,129000,25,-1.3143703,-0.27009046,0.000901342,-0.3989
19,0,129500,25,-1.3249992,-1.3691428,0.0011925623,-0.4009
19,0,130000,25,-1.3077278,-0.88293475,0.0005272494,-0.4031
19,0,130500,25,-1.2200615,-0.5065605,0.0037070364,-0.4052
19,0,131000,25,-0.94251245,-0.93002856,0.0046650283,-0.4074
19,0,131500,25,-1.0575056,-0.16263017,0.0071634534,-0.4097
19,0,132000,25,-1.127389,-0.29427657,0.0075740214,-0.4123
19,0,132500,25,-1.4657114,0.19798037,0.006549206,-0.4152
19,0,133000,25,-1.5578246,-0.40018588,0.0059489654,-0.4187
19,0,133500,25,-1.6162697,0.1281011,0.0066306195,-0.4228
19,0,134000,25,-1.6163987,0.43620348,0.0042734277,-0.4277
19,0,134500,25,-1.5512623,-0.38598254,0.0032926747,-0.4331
19,0,135000,25,-1.5332701,0.036935616,-0.00030468343,-0.439
19,0,135500,25,-1.4874603,-1.3594656,-0.0013896102,-0.4455
19,0,136000,26,-1.4698439,0.56378436,-0.00016111592,-0.4525
19,0,136500,26,-1.4527824,1.0668795,0.00042249184,-0.4599
19,0,137000,26,-1.4395922,1.0954318,0.0033632913,-0.4677
19,0,137500,26,-1.4351486,-0.49755064,0.0046157134,-0.4753
19,0,138000,26,-1.5654457,-0.23689923,0.00904588,-0.4829
19,0,138500,26,-1.4082118,-0.38750532,0.010579893,-0.4899
19,0,139000,26,-1.0486017,-1.1217594,0.010388178,-0.4966
19,0,139500,26,-1.222322,0.61447364,0.0076242117,-0.5026
19,0,140000,26,-1.3287958,3.0148795,0.012173434,-0.5075
19,0,140500,26,-1.4931315,1.2265236,0.011890384,-0.5115
19,0,141000,26,-1.5347302,-0.5676038,-0.0014616858,-0.5139
19,0,141500,26,-1.5182498,-1.0176033,-0.002752918,-0.5151
19,0,142000,26,-1.3555832,-0.5464962,0.00056226586,-0.5151
19,0,142500,26,-1.101522,-1.1471205,0.00051557727,-0.5139
19,0,143000,26,-1.1537098,-0.6559634,0.0014820317,-0.5117
19,0,143500,26,-1.1213424,-0.5278138,-0.0012918559,-0.5087
19,0,144000,26,-0.9614204,-1.235748,0.0008196369,-0.5048
19,0,144500,26,-1.0079093,-1.5056255,-0.0002273554,-0.5001
19,0,145000,26,-1.0365157,-1.0229424,-0.0017146798,-0.4949
19,0,145500,26,-1.1862679,-0.8063392,-0.0048962175,-0.4893
19,0,146000,26,-1.1627876,0.20779863,-0.00035283106,-0.4837
19,0,146500,26,-1.1316626,-0.53543246,0.00068599073,-0.4779
19,0,147000,26,-1.0990288,-0.5253792,0.0025360272,-0.4722
19,0,147500,26,-1.0938942,-0.5881803,0.004494323,-0.467
19,0,148000,27,-1.097173,-1.2645541,0.004000591,-0.4622
19,0,148500,27,-1.0642416,-0.7974045,0.0006045775,-0.4581
19,0,149000,27,-1.0023612,-0.49002126,0.0034911013,-0.4547
19,0,149500,27,-0.8196876,-0.8335991,0.003661515,-0.4521
19,0,150000,27,-0.94236135,0.14454162,0.0018710063,-0.4502
19,0,150500,27,-1.0078375,-0.31134218,0.0025354438,-0.4491
19,0,151000,27,-1.4232793,0.13091639,0.0023265122,-0.4485
19,0,151500,27,-1.494105,0.39078757,0.0022917874,-0.4487
19,0,152000,27,-1.4908855,-0.6408483,0.0020323738,-0.4497
19,0,152500,28,-1.4890612,0.03535642,0.0016034221,-0.4513
19,0,153000,28,-1.4840273,-0.5776476,-0.00016345036,-0.4533
19,0,153500,28,-1.3846743,0.48200476,0.00091359776,-0.4559
19,0,154000,28,-1.3097239,-0.0023374043,0.0033075567,-0.4589
19,0,154500,28,-1.1157745,-0.57839024,0.0024108435,-0.4624
19,0,155000,28,-1.1418797,0.22568674,0.002168938,-0.4662
19,0,155500,28,-1.2068099,0.93347526,0.0030980415,-0.4702
19,0,156000,28,-1.3121167,1.6066955,0.0025809652,-0.4743
19,0,156500,28,-1.384693,0.28113708,0.0018231504,-0.4785
19,0,157000,28,-1.3210967,0.18579333,0.0028783132,-0.4831
19,0,157500,28,-1.2916572,-0.03350766,0.004042319,-0.4875
19,0,158000,29,-1.2230645,-0.52875847,0.0017011764,-0.4918
19,0,158500,29,-1.1161064,0.12334941,0.0028689755,-0.4959
19,0,159000,29,-1.0644954,0.041381795,0.004324785,-0.4998
19,0,159500,29,-1.2190156,-2.1270378,0.00472835,-0.5033
19,0,160000,29,-1.2437102,-0.21468712,0.004530215,-0.5063
19,0,160500,29,-1.2943037,0.9369439,0.003664433,-0.5089
19,0,161000,29,-1.3376313,2.5369105,0.00503737,-0.5109
19,0,161500,29,-1.3662765,2.131025,0.005430138,-0.5124
19,0,162000,29,-1.3395928,1.0166038,0.0058418736,-0.513
19,0,162500,30,-1.3470378,0.11183447,0.006762223,-0.5131
19,0,163000,30,-1.4137223,-0.8724115,0.0075322934,-0.5127
19,0,163500,30,-1.4507698,-0.56039876,0.008118819,-0.5118
19,0,164000,30,-1.5280665,-1.2000846,0.00491277,-0.5104
19,0,164500,30,-1.4290981,0.39592466,0.0034015176,-0.5083
19,0,165000,30,-1.3625675,0.62032515,0.004262631,-0.5059
19,0,165500,30,-1.1529297,0.18488623,0.0033449077,-0.5032
19,0,166000,30,-1.1794301,0.70750034,0.0042745946,-0.5004
19,0,166500,31,-1.6982715,-0.40545455,0.0042349095,-0.4976
19,0,167000,31,-1.7015105,0.20446634,0.0042722602,-0.4945
19,0,167500,31,-1.7277176,-0.8311692,0.00464431,-0.4915
19,0,168000,31,-1.702006,-0.35667816,0.001594668,-0.4884
19,0,168500,31,-1.6187699,-0.61494195,0.004027729,-0.4853
19,0,169000,31,-1.3282366,-0.13914907,0.002929379,-0.4824
19,0,169500,31,-1.1486514,-1.2356211,0.003252406,-0.4796
19,0,170000,31,-1.2743348,0.5820861,0.003980165,-0.4769
19,0,170500,32,-1.2729183,0.7392111,0.0032375238,-0.4741
19,0,171000,32,-1.2471534,-0.554082,0.0063055498,-0.4715
19,0,171500,32,-1.3341024,-0.57791555,0.00546603,-0.469
19,0,172000,32,-1.4137223,-1.1986041,0.007087584,-0.4666
19,0,172500,32,-1.324431,-0.7624414,0.005739742,-0.4643
19,0,173000,32,-1.3024894,-0.53513163,0.0048333993,-0.4619
19,0,173500,32,-1.2826422,-1.4114192,0.00532042,-0.4595
19,0,174000,32,-1.2467653,-0.70476794,0.0022649416,-0.457
19,0,174500,32,-1.2108884,-1.1449585,0.0024823353,-0.4547
19,0,175000,32,-1.1673348,-0.83935654,0.0022550202,-0.4525
19,0,175500,33,-1.1633921,-0.45475733,0.0051482557,-0.4508
19,0,176000,33,-1.1696522,-0.42628014,0.008203734,-0.4493
19,0,176500,33,-0.9889067,-0.1772565,0.011691082,-0.4483
19,0,177000,33,-0.9436848,-0.10732082,0.003753725,-0.4479
19,0,177500,33,-1.0441186,-0.39997908,0.0051260786,-0.4478
19,0,178000,33,-1.210935,0.30564746,0.005812985,-0.4484
19,0,178500,33,-1.6529373,-0.25394136,0.0038348464,-0.4493
19,0,179000,34,-1.2911102,0.18180774,0.005122285,-0.4505
19,0,179500,34,-1.1153238,0.4301264,0.005373528,-0.4519
19,0,180000,34,-1.2511345,-0.6189793,0.005426345,-0.4533
19,0,180500,34,-1.3033776,0.57936954,0.008897935,-0.4547
19,0,181000,34,-1.5479703,0.114748456,0.009928587,-0.4559
19,0,181500,34,-1.5585976,0.89659923,0.009208415,-0.4568
19,0,182000,34,-1.5805694,0.31461975,0.009941426,-0.4573
19,0,182500,34,-1.562692,0.6355343,0.008557401,-0.457
19,0,183000,34,-1.5446712,0.10665979,0.006862895,-0.4555
19,0,183500,35,-1.4323028,0.278679,0.0065147732,-0.4522
19,0,184000,35,-1.3892086,0.61068547,0.007880707,-0.4473
19,0,184500,35,-1.2981724,-0.09652027,0.0030236316,-0.4409
19,0,185000,35,-1.2557644,0.70415866,0.001157254,-0.4332
19,0,185500,35,-1.1986232,-0.32461023,0.001231664,-0.4238
19,0,186000,35,-1.032258,0.57065105,0.0032515305,-0.4129
19,0,186500,35,-1.0472463,2.3606002,0.006518275,-0.4005
19,0,187000,35,-1.1654727,1.8091987,0.006955981,-0.3865
19,0,187500,35,-1.289101,1.3001581,0.008299737,-0.3713
19,0,188000,35,-1.4137223,0.14207883,0.00613251,-0.355
19,0,188500,35,-1.3558803,0.048314262,0.006726039,-0.3378
19,0,189000,36,-1.3424141,-0.094264284,0.00717746,-0.3199
19,0,189500,36,-1.3920004,-0.2635199,0.008291275,-0.3016
19,0,190000,36,-1.2148906,3.0350518,0.008834906,-0.2835
19,0,190500,36,-1.0260711,1.0157343,0.006477422,-0.2659
19,0,191000,36,-1.3196723,0.11422206,0.0027067326,-0.2499
19,0,191500,36,-1.4315977,-0.8663438,-0.00011471911,-0.2346
19,0,192000,36,-1.6895359,-0.8227703,-0.00040564756,-0.2205
19,0,192500,36,-1.7792233,-1.5474647,-0.0016957126,-0.2073
19,0,193000,36,-1.6579129,-1.2029656,-0.0017123453,-0.1955
19,0,193500,36,-1.6207114,-0.9831524,0.0018071012,-0.1853
19,0,194000,36,-1.442226,-1.6661203,0.0051456294,-0.1769
19,0,194500,36,-1.4809018,-0.7229522,0.0046037496,-0.1705
19,0,195000,36,-1.6281675,-1.2764546,0.003696823,-0.1661
19,0,195500,36,-1.6649582,-0.25043046,0.0033691274,-0.1638
19,0,196000,36,-1.9027253,-1.2154864,-0.00044854273,-0.1632
19,0,196500,36,-1.9009084,-1.6784813,-0.00036421142,-0.1643
19,0,197000,36,-1.8794316,-2.5136015,-0.0008763272,-0.1668
19,0,197500,36,-1.8769042,-0.31298718,0.0009836307,-0.1703
19,0,198000,36,-1.8343008,-0.51799554,0.0011362442,-0.1747
19,0,198500,36,-1.8273045,0.1694797,0.0013326281,-0.1796
19,0,199000,36,-1.7565647,-0.77306336,0.00074960396,-0.1847
19,0,199500,36,-1.7339914,0.24008279,0.000632007,-0.1899
19,0,200000,36,-1.6436979,-0.2629371,3.2641852e-05,-0.1951
19,0,200500,36,-1.6474143,0.39549696,0.001548563,-0.1997
19,0,201000,36,-1.6560042,-0.24784547,0.0018517473,-0.2035
19,0,201500,36,-1.6979407,0.17542048,0.0019839343,-0.2061
19,0,202000,36,-1.7904159,-0.37991956,0.0014706514,-0.2074
19,0,202500,36,-1.6934668,0.5179126,0.004492864,-0.2066
19,0,203000,36,-1.5805694,0.31925392,0.0057105618,-0.2032
19,0,203500,36,-1.646346,1.1472914,0.0054161316,-0.1978
19,0,204000,36,-1.7042096,0.29507253,0.0068833213,-0.1904
19,0,204500,36,-1.7574475,0.82666826,0.00590607,-0.1809
19,0,205000,36,-1.8042808,-0.027317788,0.007824389,-0.1695
19,0,205500,36,-1.8057417,-0.5055547,0.00810277,-0.1565
19,0,206000,36,-1.8070371,-0.95549303,0.0057020993,-0.142
19,0,206500,36,-1.7607145,1.0336741,0.005824073,-0.1264
19,0,207000,36,-1.7277176,0.52426225,0.007932065,-0.1095
19,0,207500,36,-1.5718182,0.5005415,0.0059860246,-0.0922
19,0,208000,36,-1.478816,0.27276173,0.003481472,-0.0743
19,0,208500,36,-1.1821291,0.5597518,0.0035812687,-0.0562
19,0,209000,36,-1.209163,3.8194358,0.004729809,-0.0383
19,0,209500,36,-1.2391624,0.8236791,0.0039585712,-0.0209
19,0,210000,36,-1.4487978,0.26691964,0.0044607655,-0.0043
19,0,210500,36,-1.570864,-0.57950413,0.0046230084,0.0107
19,0,211000,36,-1.6662778,-0.25823712,0.0067633903,0.0246
19,0,211500,36,-1.7071693,-1.2390192,0.006116169,0.0373
19,0,212000,37,-1.7182883,-0.44132948,0.0050966064,0.0485
19,0,212500,37,-1.721877,0.54536986,0.0055418992,0.0581
19,0,213000,37,-1.424472,0.024085874,0.005803939,0.0662
19,0,213500,37,-1.3762846,0.18285584,0.0037064527,0.0728
19,0,214000,37,-1.2748216,-0.454715,0.003911299,0.0779
19,0,214500,37,-1.2539268,0.012331228,0.0043312046,0.0811
19,0,215000,37,-1.2382195,-0.1322636,0.0009334404,0.0831
19,0,215500,37,-1.1401781,-1.3443974,0.0019319933,0.0831
19,0,216000,37,-0.9903909,-0.93257123,0.0034674653,0.0811
19,0,216500,37,-0.8715261,-1.1914884,0.0049816356,0.0774
19,0,217000,37,-0.9089414,-2.3129125,0.007367424,0.0719
19,0,217500,37,-1.0573862,-1.4454564,0.0061955396,0.0647
19,0,218000,38,-1.4173137,-1.8253322,0.005356604,0.0556
19,0,218500,38,-1.4954147,-0.955587,0.0040192665,0.0447
19,0,219000,38,-1.5997927,-1.155665,0.0037470134,0.0321
19,0,219500,38,-1.5010508,-0.31006378,0.0049886387,0.0176
19,0,220000,38,-1.4492716,-0.83323246,0.0051050684,0.0016
19,0,220500,38,-1.5017292,-0.27941522,0.006353114,-0.016
19,0,221000,38,-1.5112783,-0.5688211,0.0044453,-0.0351
19,0,221500,38,-1.7446662,0.33325985,0.005667375,-0.0557
19,0,222000,38,-1.7820299,0.01201633,0.0051403767,-0.0774
19,0,222500,39,-1.6637373,0.31324264,0.006304383,-0.1001
19,0,223000,39,-1.6605996,0.54735327,0.007413821,-0.1233
19,0,223500,39,-1.7042096,-1.3154596,0.0061427234,-0.1467
19,0,224000,39,-1.6889809,0.24605645,0.00044116727,-0.1703
19,0,224500,39,-1.6124712,0.72933644,6.853373e-05,-0.1938
19,0,225000,39,-1.5343089,1.9836384,0.0011201949,-0.2172
19,0,225500,39,-1.4208969,4.2773876,0.00054446585,-0.2403
19,0,226000,39,-1.2573345,4.524583,0.0026221094,-0.2626
19,0,226500,39,-1.1958938,2.237832,0.0030119594,-0.2841
19,0,227000,40,-1.1359257,0.17289189,0.003908381,-0.3045
19,0,227500,40,-1.1012264,0.24952973,0.0019973575,-0.3237
19,0,228000,40,-1.0722184,0.1907518,-0.00026091284,-0.3413
19,0,228500,40,-0.9801319,-0.72775555,-0.0022504316,-0.3575
19,0,229000,40,-0.97550356,-0.21430174,-0.0027389114,-0.3722
19,0,229500,40,-0.96736413,0.37816346,-0.0027088556,-0.386
19,0,230000,40,-0.81460106,-0.52690196,-0.00033707367,-0.3984
19,0,230500,41,-0.7725856,0.44280696,0.001433884,-0.4096
19,0,231000,41,-0.75283414,0.5808735,-0.0008147566,-0.4195
19,0,231500,41,-0.95199114,-0.29422486,-0.00084802223,-0.4282
19,0,232000,41,-1.0882546,0.5261376,-0.0010236882,-0.4358
19,0,232500,41,-1.3699769,-0.011182764,0.000100632154,-0.4423
19,0,233000,41,-1.37863,0.6517492,0.00020101269,-0.4478
19,0,233500,41,-1.384693,0.49047413,-0.001473358,-0.4525
19,0,234000,41,-1.381562,0.7728065,-0.0017596176,-0.4566
19,0,234500,41,-1.383034,0.8187394,-0.0014570169,-0.4603
19,0,235000,41,-1.3992742,0.10955968,-0.0010353604,-0.4636
19,0,235500,41,-1.4138778,0.79088736,-0.0017759586,-0.4667
19,0,236000,41,-1.442226,0.14260992,-0.0015445581,-0.4696
19,0,236500,41,-1.3221583,0.88266385,0.001652737,-0.4724
19,0,237000,42,-1.2168673,0.7407856,0.0040490306,-0.4745
19,0,237500,42,-0.94251245,-0.21405733,0.005147672,-0.4767
19,0,238000,42,-0.976195,-0.6338688,0.00481093,-0.4788
19,0,238500,42,-0.99865,-1.5901922,0.005053419,-0.481
19,0,239000,42,-1.2563297,-0.16806804,0.0059731854,-0.4833
19,0,239500,42,-1.2728289,1.4282937,0.008671496,-0.4858
19,0,240000,42,-1.255106,1.0561072,0.006722246,-0.4884
19,0,240500,42,-1.225742,0.8209813,0.003580977,-0.4911
19,0,241000,42,-1.205757,0.35134065,0.003487016,-0.494
19,0,241500,42,-1.101522,-0.72594136,0.0033367372,-0.4969
19,0,242000,42,-1.0697491,-0.14287145,0.0013422576,-0.4999
19,0,242500,42,-1.0306003,-0.58634263,0.0014382611,-0.5027
19,0,243000,42,-0.98032355,-0.08281043,0.0004671378,-0.5057
19,0,243500,42,-0.8666322,0.030134747,0.00018146183,-0.5088
19,0,244000,42,-0.7410039,0.21805398,0.0026162735,-0.5117
19,0,244500,42,-0.71526086,-1.1238321,0.0013518871,-0.5144
19,0,245000,42,-0.7939383,0.2557196,0.0011123162,-0.5169
19,0,245500,42,-0.85988843,1.1629142,0.0017901766,-0.5191
19,0,246000,42,-1.0154068,0.3198367,0.0019737212,-0.5209
19,0,246500,42,-1.0725513,0.44552824,0.0033329437,-0.5225
19,0,247000,42,-1.1696522,-0.36531672,0.0020638886,-0.5238
19,0,247500,42,-1.1475466,-0.11984156,0.0031785795,-0.5249
19,0,248000,42,-1.1401781,-0.1116307,0.0019459999,-0.5259
19,0,248500,42,-1.1401781,-0.6738327,0.0023977123,-0.5265
19,0,249000,42,-0.99191767,-0.028676083,0.0022156266,-0.5269
19,0,249500,42,-0.9118482,0.17839557,0.0026302799,-0.5272
19,0,250000,42,-0.99865,-0.67115843,0.0030102087,-0.5273
19,0,250500,42,-1.0705177,0.07705463,0.004162834,-0.527
19,0,251000,42,-1.1528723,-0.3293666,0.0028926115,-0.5265
19,0,251500,42,-1.2680236,0.0046984632,0.0025100568,-0.5261
19,0,252000,42,-1.3050215,0.29656243,0.0037560593,-0.5256
19,0,252500,42,-1.3699769,-0.5914703,0.002887651,-0.525
19,0,253000,42,-1.3267854,0.21990107,0.002460742,-0.5245
19,0,253500,42,-1.255106,-0.4384155,0.0018666292,-0.524
19,0,254000,42,-1.2606778,0.023493677,0.004659776,-0.5235
19,0,254500,42,-1.251719,0.2596817,0.0046734908,-0.5231
19,0,255000,42,-1.1401781,-1.0177677,0.0053630234,-0.5229
19,0,255500,42,-1.1996005,-1.2060536,0.0051144063,-0.5227
19,0,256000,42,-1.2865386,-0.5330167,0.012421467,-0.5228
19,0,256500,42,-1.305721,0.6898707,0.0117681185,-0.5229
19,0,257000,43,-1.3135562,0.05920881,0.010623664,-0.5232
19,0,257500,43,-1.4316837,0.24461356,0.00713544,-0.5239
19,0,258000,43,-1.3531369,0.2591224,0.0029360903,-0.5249
19,0,258500,43,-1.1696522,-0.30198452,0.0039909612,-0.5264
19,0,259000,43,-1.0305091,0.024316173,0.0051809377,-0.5283
19,0,259500,43,-0.9955557,0.013351124,0.009255687,-0.5304
19,0,260000,43,-1.428039,-0.87639236,0.01081392,-0.5329
19,0,260500,43,-1.428039,0.4257225,0.007517995,-0.5358
19,0,261000,43,-1.8337258,-0.16674735,0.0072151027,-0.539
19,0,261500,43,-1.8369975,0.032240335,0.007545716,-0.5423
19,0,262000,44,-1.8210618,-0.100491755,0.0012783526,-0.5457
19,0,262500,44,-1.710758,0.27059034,0.0011260309,-0.5489
19,0,263000,44,-1.3736687,-0.53546536,0.00049661,-0.552
19,0,263500,44,-1.3099353,0.12983538,0.0020758526,-0.5547
19,0,264000,44,-1.2630205,-0.6073891,0.0019871441,-0.5571
19,0,264500,44,-1.222272,-0.018867228,0.003006707,-0.559
19,0,265000,44,-1.2013495,0.29583392,0.0038663612,-0.5603
19,0,265500,44,-1.161283,-0.08341203,0.004080837,-0.561
19,0,266000,44,-1.1406672,0.35401496,0.0030458088,-0.5611
19,0,266500,44,-1.1156068,0.49062923,0.0027467096,-0.5604
19,0,267000,44,-1.0169778,-0.20803666,0.004472438,-0.5591
19,0,267500,44,-0.90045834,0.17224799,0.0025964307,-0.5571
19,0,268000,45,-0.8015289,0.49056813,0.004673199,-0.5545
19,0,268500,45,-0.67732155,-1.1429281,0.0066942326,-0.5515
19,0,269000,45,-0.716139,-1.3409007,0.00566504,-0.548
19,0,269500,45,-0.8033297,0.64292264,0.006982243,-0.5441
19,0,270000,45,-1.101522,0.76886326,0.0052296687,-0.5399
19,0,270500,45,-1.1862818,1.1094049,0.0045853658,-0.5355
19,0,271000,45,-1.259068,0.39627245,0.0038465185,-0.5313
19,0,271500,45,-1.2486784,0.3899181,0.00078637124,-0.5271
19,0,272000,45,-1.2471534,0.3220128,0.0016874616,-0.5231
19,0,272500,45,-1.2471534,-1.2051841,0.0030557301,-0.5195
19,0,273000,45,-1.2493111,-0.98528147,0.003307265,-0.5161
19,0,273500,46,-1.2511345,-0.867312,0.0037703577,-0.5134
19,0,274000,46,-1.1562351,0.16046984,0.0040776273,-0.5112
19,0,274500,46,-1.1096196,0.13688536,0.0038672367,-0.5096
19,0,275000,46,-1.0396241,-0.48019361,0.0032912157,-0.5088
19,0,275500,46,-1.1910404,-0.16075018,0.003972286,-0.5087
19,0,276000,46,-1.259068,-1.1845136,0.0034922687,-0.5086
19,0,276500,46,-1.4071859,0.8233642,0.0031400614,-0.5092
19,0,277000,46,-1.4138501,1.8080943,0.0036609313,-0.5103
19,0,277500,46,-1.3992742,0.09057647,0.0028246213,-0.5121
19,0,278000,46,-1.3857388,-0.16475926,0.0021937413,-0.5145
19,0,278500,46,-1.3699769,-0.72878015,0.0017353175,-0.517
19,0,279000,46,-1.3267586,-0.54388773,0.0019080654,-0.5197
19,0,279500,46,-1.2878475,-0.66261387,0.0017259797,-0.5226
19,0,280000,46,-1.14442,-2.1242883,0.0026743424,-0.5257
19,0,280500,46,-1.0342284,0.12936538,0.0041654604,-0.529
19,0,281000,47,-0.9661166,0.2982779,0.003226727,-0.5321
19,0,281500,47,-1.1863593,-0.8678619,0.0024633682,-0.5351
19,0,282000,47,-1.2428293,-0.7103751,0.0034341996,-0.5381
19,0,282500,47,-1.424472,-1.3968022,0.0038952497,-0.5407
19,0,283000,47,-1.4069171,-0.8059585,0.0036571377,-0.5433
19,0,283500,47,-1.388351,-0.9125399,0.004697419,-0.5459
19,0,284000,47,-1.3686525,-0.55420417,0.0048850486,-0.5483
19,0,284500,47,-1.343386,-0.48525077,0.0055620335,-0.5505
19,0,285000,47,-1.2027215,-1.1047972,0.0062559433,-0.5525
19,0,285500,47,-1.2506486,-0.8479105,0.007460218,-0.5542
19,0,286000,47,-1.3173795,-2.1393704,0.007537254,-0.556
19,0,286500,47,-1.3563316,-1.0683208,0.010259492,-0.5579
19,0,287000,47,-1.3736687,0.05116715,0.009056093,-0.5597
19,0,287500,47,-1.5207309,1.0145029,0.012186565,-0.5615
19,0,288000,47,-1.5446712,0.111491375,0.011410075,-0.5631
19,0,288500,47,-1.7972045,0.4281007,0.011098429,-0.5647
19,0,289000,47,-1.8504015,-0.1756256,0.008568489,-0.5665
19,0,289500,47,-1.8439803,-0.06604561,0.008267348,-0.5682
19,0,290000,47,-1.8151335,-0.2420269,0.0041619586,-0.5702
19,0,290500,48,-1.388351,-0.64304316,0.0044295425,-0.5723
19,0,291000,48,-1.2814449,-0.08360473,0.0048821303,-0.5746
19,0,291500,48,-1.1486514,-0.47598243,0.006277245,-0.5769
19,0,292000,48,-1.4271668,0.3863743,0.0031418123,-0.5795
19,0,292500,48,-1.9180311,-0.25576964,0.0006086627,-0.5821
19,0,293000,48,-1.8816549,0.42053846,-0.0003105195,-0.5849
19,0,293500,48,-1.8152733,-0.24927896,-0.0014368824,-0.5879
19,0,294000,48,-1.7542858,0.39638525,0.0005243314,-0.5911
19,0,294500,48,-1.6772926,-0.24707937,0.00029614076,-0.5944
19,0,295000,48,-1.4959562,0.52935237,0.0018330718,-0.5981
19,0,295500,48,-1.4119612,0.6886252,0.0029086608,-0.6015
19,0,296000,48,-1.2669636,-0.38228366,0.003820256,-0.6051
19,0,296500,48,-1.2345569,0.44395375,0.004118188,-0.6087
19,0,297000,48,-1.1821291,-1.1642144,0.002383122,-0.5699
19,0,297500,48,-1.1531686,-2.2250748,0.0027799753,-0.5308
19,0,298000,48,-1.105562,1.8159385,0.004345795,-0.4915
19,0,298500,48,-0.9754723,2.206878,0.004548307,-0.4518
19,0,299000,48,-1.0454028,1.3089613,0.004363303,-0.412
19,0,299500,48,-1.08406,0.21760748,0.0074610934,-0.3719
19,0,300000,48,-1.2366809,-0.5266247,0.0060581,-0.3317
21,0,500,1,-0.8989144,-0.0051291916,-0.011565103,-0.0395
21,0,1000,1,0.60709316,-0.6834395,-0.008760868,-0.0383
21,0,1500,1,0.65231544,-1.9039768,0.20861493,-0.0354
21,0,2000,1,0.65231544,-1.7376117,0.29008773,-0.0318
21,0,2500,1,-0.7258337,-1.2712657,-0.08592198,-0.0275
21,0,3000,1,3.0473857,-0.49332064,-0.07466361,-0.0227
21,0,3500,2,3.3846602,0.37474656,-0.060388852,-0.0172
21,0,4000,2,1.7291037,0.031995937,-0.049522076,-0.0113
21,0,4500,2,0.90870816,-1.2968102,-0.040144958,0.008
21,0,5000,2,0.8572547,-2.0824585,-0.032727886,0.0229
21,0,5500,2,0.8196378,-1.2698511,0.88208747,0.0361
21,0,6000,2,0.949588,-0.51455516,0.93447125,0.0479
21,0,6500,2,0.889282,-0.29831383,0.8362133,0.0579
21,0,7000,3,0.9547172,-1.3045793,0.15735462,0.0667
21,0,7500,3,0.89050347,-2.0477304,-0.27726012,0.0743
21,0,8000,3,0.89704376,-0.569089,-0.42693245,0.0807
21,0,8500,3,0.8378929,-1.1335893,2.3132122,0.0861
21,0,9000,3,0.86885923,-0.6764459,2.47697,0.0896
21,0,9500,3,0.8786379,-0.44400847,1.9488422,0.0925
21,0,10000,3,1.3612998,-0.40742382,1.5632788,0.0949
21,0,10500,3,3.3785238,-0.57679224,0.44470322,0.0969
21,0,11000,4,2.337811,-0.33941516,0.66315347,0.0984
21,0,11500,4,2.216837,-0.39025012,-1.0097095,0.0997
21,0,12000,4,3.4686234,-0.40288365,-1.2908403,0.1007
21,0,12500,4,2.2668526,-2.0642085,-1.0547665,0.1016
21,0,13000,4,3.0022008,-4.4207587,0.43061435,0.1023
21,0,13500,4,1.3199474,-3.6814382,-1.2782942,0.1029
21,0,14000,4,2.1795247,-2.1945484,-1.1594553,0.1033
21,0,14500,5,1.4608313,-1.144028,-1.0381247,0.1034
21,0,15000,5,2.1397867,-1.1162698,-0.84492606,0.1034
21,0,15500,5,1.056636,-1.6617353,-0.7024149,0.1033
21,0,16000,5,0.13203877,-1.598436,-0.53970766,0.103
21,0,16500,5,0.5698882,-1.5375854,-0.4603154,0.1026
21,0,17000,5,0.6114107,-0.70387965,-0.41930822,0.1018
21,0,17500,5,0.5746141,-0.5994837,0.56351733,0.1005
21,0,18000,6,0.5997451,-0.92239577,-0.21034308,0.0986
21,0,18500,6,2.9304338,-0.86547434,-0.40830427,0.0963
21,0,19000,6,2.6124828,-2.3881216,-0.3405092,0.0936
21,0,19500,6,1.5488342,-3.8384786,-0.28027183,0.0907
21,0,20000,6,2.9469028,-1.8278325,0.7645629,0.0878
21,0,20500,6,3.5041766,-0.96781635,2.4163756,0.085
21,0,21000,6,0.600534,-0.46222088,1.3957268,0.0823
21,0,21500,6,1.899437,-0.55903107,0.75226045,0.0799
21,0,22000,6,2.0239267,-0.2862678,0.7914938,0.0779
21,0,22500,6,3.4974267,-0.7037951,0.87628293,0.0762
21,0,23000,6,2.916188,-2.9545536,-0.8340823,0.075
21,0,23500,6,3.097764,-2.0985606,-1.086778,0.0745
21,0,24000,6,1.7354301,-0.4592834,-0.9964067,0.0747
21,0,24500,6,-0.09157739,-0.5087554,-0.02064925,0.0757
21,0,25000,6,-0.592968,-0.45033464,0.24567111,0.0775
21,0,25500,6,-0.09409387,-1.260014,-0.79405296,0.0801
21,0,26000,6,1.8908607,-0.14186566,-0.8310143,0.0831
21,0,26500,6,1.8528181,-0.11525439,-0.66924375,0.0865
21,0,27000,6,2.716578,-0.5158805,-0.5531303,0.0898
21,0,27500,6,-0.13998395,0.07627913,-0.45409912,0.0929
21,0,28000,6,-0.12678394,0.29508662,-0.3123933,0.0956
21,0,28500,6,0.252838,0.13651876,-0.3127954,0.0981
21,0,29000,6,0.85215837,0.055918828,-0.22934563,0.1003
21,0,29500,6,0.9960592,0.011010534,-0.23666495,0.1022
21,0,30000,6,3.2087882,0.20064527,-0.19466911,0.1038
21,0,30500,6,2.3598104,-0.9568419,0.7695667,0.1051
21,0,31000,6,-0.873416,0.590109,0.8319935,0.1057
21,0,31500,6,0.6011272,2.7437284,0.08586267,0.1055
21,0,32000,6,0.5841999,1.2032963,-0.36010587,0.1043
21,0,32500,6,0.20384547,0.09059527,0.24186306,0.1021
21,0,33000,6,-0.2229972,-0.2421632,-0.19508669,0.0991
21,0,33500,6,-0.5373016,0.06845837,-0.29935756,0.0952
21,0,34000,6,-0.7366097,-0.1549269,-0.34260085,0.0906
21,0,34500,7,-0.6930922,0.12455261,-0.2805082,0.0855
21,0,35000,7,-0.6756005,0.35703704,-0.23366083,0.0802
21,0,35500,7,-0.6718405,0.17487998,-0.057347964,0.0747
21,0,36000,7,-0.43022618,-0.12286365,0.0686086,0.0687
21,0,36500,7,-0.2892555,1.0522954,-0.18827249,0.0628
21,0,37000,7,-0.16198798,1.5304525,-0.16218814,0.0566
21,0,37500,7,2.8571117,1.7654984,-0.1381327,0.0502
21,0,38000,7,3.392148,0.65469605,-0.1148129,0.0436
21,0,38500,7,2.474768,-0.34424204,-0.09556902,0.037
21,0,39000,8,3.3722742,-0.20805545,-0.080072194,0.0303
21,0,39500,8,1.2109966,-0.68125397,-0.06699266,0.0236
21,0,40000,8,1.3628289,-0.23310164,-0.052165527,0.0167
21,0,40500,8,3.122147,1.2397729,-0.038648587,0.0093
21,0,41000,8,0.95100874,1.1936473,-0.04179044,0.0015
21,0,41500,8,3.0765963,0.74686265,-0.0339415,-0.0067
21,0,42000,8,1.8680135,0.46114156,0.33950853,-0.0154
21,0,42500,8,0.5887499,1.1658422,0.41995972,-0.0249
21,0,43000,8,0.5868999,0.97881126,-0.15382154,-0.035
21,0,43500,9,0.48638445,0.677068,-0.12593676,-0.0458
21,0,44000,9,0.36358902,-0.3019798,-0.103726104,-0.0576
21,0,44500,9,0.9515093,1.195438,-0.08680557,-0.0701
21,0,45000,9,3.20012,2.3901677,-0.07115496,-0.0835
21,0,45500,9,1.7742136,0.98376507,-0.06027359,-0.0978
21,0,46000,9,3.2755828,0.38407603,-0.049485017,-0.1129
21,0,46500,9,-0.33810905,-0.35671577,-0.041865144,-0.1286
21,0,47000,9,-0.42985797,1.3925973,0.033527933,-0.1447
21,0,47500,9,-0.34137148,3.209581,-0.0008462714,-0.1607
21,0,48000,9,-0.18320012,1.0263233,-0.039479062,-0.1765
21,0,48500,9,1.5283539,0.088574275,0.053397153,-0.1919
21,0,49000,9,3.359048,0.06435059,0.5293275,-0.2068
21,0,49500,9,2.9290857,1.0520322,-0.022981346,-0.2209
21,0,50000,9,3.5448472,0.3411934,-0.1268644,-0.2337
21,0,50500,9,1.7358867,-0.4604208,-0.10617113,-0.2455
21,0,51000,9,0.3091194,-0.75418824,-0.07599598,-0.256
21,0,51500,10,0.33733517,-1.0801928,1.0171218,-0.2651
21,0,52000,10,0.38910133,-0.6572371,2.5872235,-0.273
21,0,52500,10,0.5477001,-0.50957316,1.4093205,-0.2795
21,0,53000,10,0.55081534,-0.39072013,0.55250317,-0.2847
21,0,53500,10,0.4991939,-0.1992618,0.37625802,-0.2887
21,0,54000,10,0.29761595,-0.08386323,-0.012562489,-0.2916
21,0,54500,10,-0.10047255,0.026276063,-0.2980243,-0.2937
21,0,55000,10,-0.3975443,0.28990725,-0.83437353,-0.2953
21,0,55500,10,-0.702885,0.31198776,-0.6563402,-0.2964
21,0,56000,10,0.05823201,0.24519165,1.4915026,-0.2971
21,0,56500,10,-0.43562108,0.28569606,1.2099222,-0.2976
21,0,57000,11,1.1774064,0.72183526,0.059594482,-0.2981
21,0,57500,11,3.7070823,-0.2400106,-0.81393003,-0.299
21,0,58000,11,2.7373726,-0.084568225,-0.6172131,-0.3002
21,0,58500,11,10.444353,0.31367034,-0.39161748,-0.3018
21,0,59000,11,3.596506,0.3244004,-0.12124572,-0.3036
21,0,59500,11,3.3972082,0.052224644,-0.052577555,-0.3055
21,0,60000,12,3.5684936,0.67400825,-0.78650165,-0.3076
21,0,60500,12,1.0593768,0.22869943,-0.76440483,-0.3095
21,0,61000,12,-0.46310964,0.26235598,-0.58867115,-0.3113
21,0,61500,12,-0.44531763,0.055848327,-0.51921135,-0.3129
21,0,62000,12,-0.31499878,-0.037281744,-0.42965907,-0.314
21,0,62500,12,-0.20436715,1.7209942,-0.3226015,-0.3145
21,0,63000,12,2.58176,1.5830687,-0.2933382,-0.3147
21,0,63500,12,1.4898762,0.6883526,-0.2490567,-0.3143
21,0,64000,12,-1.078859,-0.22931346,-0.20704393,-0.3134
21,0,64500,12,0.08157352,-0.3764369,-0.1728489,-0.3119
21,0,65000,12,0.038932778,-0.44206268,-0.14448906,-0.3099
21,0,65500,13,0.069032125,-0.39937747,-0.11989933,-0.307
21,0,66000,13,0.07321883,-0.25446776,-0.100065134,-0.3036
21,0,66500,13,0.028225234,-0.09552857,-0.08387177,-0.3004
21,0,67000,13,-0.05881572,-0.003470099,-0.069661796,-0.2973
21,0,67500,13,-0.10602588,-0.68740624,-0.05747373,-0.2944
21,0,68000,13,-0.16370939,-0.44596365,-0.04856846,-0.2921
21,0,68500,13,-0.16105664,0.72503597,-0.041408468,-0.2905
21,0,69000,13,-0.020332092,0.37500507,0.40371764,-0.2897
21,0,69500,13,0.2108277,0.09620234,0.5309176,-0.2895
21,0,70000,13,1.5514976,-0.5379093,0.54071164,-0.2903
21,0,70500,13,2.7262595,0.4901592,0.19110203,-0.2918
21,0,71000,13,3.704038,0.78258246,-0.17286494,-0.2935
21,0,71500,13,0.69205415,0.17605028,-0.28390127,-0.295
21,0,72000,13,0.4154877,0.112280965,-0.23812455,-0.2963
21,0,72500,13,0.32931826,0.077261426,-0.19788276,-0.2972
21,0,73000,13,0.10690695,1.2307066,-0.16457392,-0.2979
21,0,73500,13,-0.07319271,0.8663408,-0.13617265,-0.2979
21,0,74000,13,-0.11209183,-0.0909414,-0.11352342,-0.2967
21,0,74500,13,-0.098813325,-0.17187972,-0.094374664,-0.2946
21,0,75000,13,0.046540037,-0.061345633,0.1606879,-0.2913
21,0,75500,13,0.122550085,-0.32361853,0.7140808,-0.2867
21,0,76000,13,0.19076182,-0.44728434,0.12410211,-0.2808
21,0,76500,13,0.33089182,-0.79368216,0.10917809,-0.2735
21,0,77000,13,0.50830567,0.6561202,-0.18177693,-0.2649
21,0,77500,13,0.5969507,0.31702614,-0.044784933,-0.255
21,0,78000,13,0.5733832,0.5632063,0.27790755,-0.2443
21,0,78500,14,0.46101227,0.0076688495,0.62239605,-0.2332
21,0,79000,14,0.38124844,-0.37985846,0.77473724,-0.2223
21,0,79500,14,0.19568416,-1.0552171,0.20875879,-0.2117
21,0,80000,14,0.046853546,-0.2876261,-0.47349998,-0.2016
21,0,80500,14,-0.0028803202,1.8817664,-0.44344243,-0.1925
21,0,81000,14,-0.4270395,1.1524943,-0.36730263,-0.1846
21,0,81500,14,-2.4128757,0.3044631,-0.2996625,-0.1781
21,0,82000,14,-0.9194109,-0.21818861,-0.251509,-0.1731
21,0,82500,14,2.2014744,-0.5296562,-0.21281552,-0.1697
21,0,83000,14,2.1214561,-0.36510053,-0.17826857,-0.1679
21,0,83500,14,3.575571,-0.86391395,-0.111597516,-0.1677
21,0,84000,15,0.23572066,-1.3145995,0.26392636,-0.1688
21,0,84500,15,-0.73215437,-0.5895574,0.17789412,-0.1711
21,0,85000,15,-0.07497412,0.14190494,0.32144877,-0.1742
21,0,85500,15,0.12807882,0.016880807,0.08802756,-0.1776
21,0,86000,15,0.12100443,-0.34434542,-0.010452163,-0.1809
21,0,86500,15,0.04336844,-0.5592895,0.04698797,-0.1839
21,0,87000,15,-0.1618635,1.2911154,-0.25518632,-0.1867
21,0,87500,15,-0.3413943,1.5584267,0.05558101,-0.1889
21,0,88000,15,-0.1525781,0.24889053,0.42371407,-0.1902
21,0,88500,15,1.2534709,0.31439415,0.08977955,-0.1906
21,0,89000,15,1.8680971,0.16032885,-0.27106833,-0.1897
21,0,89500,15,1.8680971,-0.09534057,-0.15502465,-0.1877
21,0,90000,15,0.086369984,-0.7818476,-0.110455684,-0.1844
21,0,90500,15,1.3615974,-0.5744846,-0.14752296,-0.1797
21,0,91000,15,2.5498035,0.07932002,-0.21287476,-0.1738
21,0,91500,15,-0.8648529,-0.111616604,-0.17409112,-0.1667
21,0,92000,15,-0.5879386,-0.33673146,-0.14495683,-0.1588
21,0,92500,15,-0.5296056,-0.014280049,-0.12045872,-0.1503
21,0,93000,15,-0.5296056,2.0546129,-0.09878441,-0.1414
21,0,93500,16,-2.2790194,1.0722046,0.9841771,-0.1326
21,0,94000,16,2.326857,0.25429553,0.48699874,-0.1239
21,0,94500,16,3.722219,-0.3310492,0.08467153,-0.1151
21,0,95000,16,2.021919,-0.69076675,-0.16828246,-0.1066
21,0,95500,16,0.33743185,-0.57190895,-0.22117834,-0.0983
21,0,96000,16,0.39212444,-0.52221143,0.0010469521,-0.0903
21,0,96500,16,0.32807055,-0.57484645,-0.17816089,-0.0828
21,0,97000,16,0.08157352,-0.5218025,-0.21763904,-0.0757
21,0,97500,16,0.08157352,-0.2225878,-0.19993822,-0.069
21,0,98000,16,-1.4185104,-0.5930589,-0.16830318,-0.0629
21,0,98500,16,-1.1033225,0.05949081,-0.1405716,-0.0574
21,0,99000,16,0.25180772,-0.8424491,0.101167485,-0.0523
21,0,99500,16,-0.89079887,-0.47285223,-0.13414286,-0.0478
21,0,100000,16,-0.21141578,0.26977253,-0.11125611,-0.0437
21,0,100500,16,0.12946133,0.4124122,-0.09369272,-0.0401
21,0,101000,16,0.13777871,0.104234606,-0.078010015,-0.0369
21,0,101500,16,0.043473747,0.39690226,0.8066582,-0.0343
21,0,102000,16,-0.16289812,0.4558917,2.3715525,-0.0321
21,0,102500,16,0.013385051,0.3872203,0.6548114,-0.0305
21,0,103000,16,0.021981746,-0.39593238,0.49907562,-0.0293
21,0,103500,16,0.012106562,0.59362453,0.76676047,-0.0287
21,0,104000,16,0.8206199,1.2001944,0.4746998,-0.0287
21,0,104500,16,1.2140808,0.662639,0.3358709,-0.0292
21,0,105000,16,-0.89923507,0.09496155,-0.29664057,-0.0302
21,0,105500,16,-0.21595666,-0.2908362,-0.2361114,-0.0315
21,0,106000,16,-0.0500072,-0.48971105,-0.320874,-0.0332
21,0,106500,16,0.04107699,-0.7145204,1.3592726,-0.0353
21,0,107000,17,0.13247478,-0.15436761,0.48668826,-0.0375
21,0,107500,17,0.1903318,-0.2213987,-0.019697385,-0.0399
21,0,108000,17,0.35911098,0.15092419,-0.15281336,-0.0424
21,0,108500,17,0.5178406,0.20660013,-0.08649946,-0.0448
21,0,109000,17,0.7663583,-0.49246994,0.013003324,-0.0471
21,0,109500,17,1.8506973,-0.39662328,-0.05623765,-0.0493
21,0,110000,17,2.1688333,-0.4404459,-1.1913241,-0.0513
21,0,110500,17,2.8943973,-0.039368533,-0.9798276,-0.0527
21,0,111000,17,3.4340239,-0.7288883,-0.79351985,-0.0538
21,0,111500,17,1.4814519,0.55030954,-0.65139556,-0.0545
21,0,112000,17,-1.214957,0.83595544,-0.533468,-0.0548
21,0,112500,17,-1.1257159,0.17907706,-0.4347607,-0.0548
21,0,113000,17,-1.1281846,-0.83460486,-0.36458302,-0.0545
21,0,113500,17,-0.07861244,0.44909552,-0.3031825,-0.0541
21,0,114000,17,2.0568311,1.9625778,-0.2510185,-0.0534
21,0,114500,17,1.3858637,0.7775864,-0.21042098,-0.0525
21,0,115000,17,0.61317325,-0.22811967,-0.17630677,-0.0513
21,0,115500,17,-0.36473554,-0.29942304,-0.14796883,-0.05
21,0,116000,17,-1.8315986,-0.43175563,-0.12274763,-0.0486
21,0,116500,17,-0.6489513,-0.44600597,-0.10323179,-0.0471
21,0,117000,17,-0.41303614,-0.1746903,-0.08657854,-0.0456
21,0,117500,18,-0.2045696,-0.35763696,-0.07188884,-0.0442
21,0,118000,18,-0.011671122,0.09833613,-0.060408402,-0.0429
21,0,118500,18,1.6524054,-1.1394925,-0.049902588,-0.0415
21,0,119000,18,2.4146183,-0.9142695,-0.0417776,-0.04
21,0,119500,18,2.8064768,1.6144693,-0.035346534,-0.0385
21,0,120000,18,2.899313,0.98870474,-0.030600054,-0.0371
21,0,120500,18,3.1879501,0.2149238,-0.026311705,-0.036
21,0,121000,18,2.9341857,-0.10075965,-0.022091929,-0.0353
21,0,121500,18,2.9341857,-0.72869086,-0.019574828,-0.0353
21,0,122000,18,2.749382,-0.46378598,-0.01651147,-0.036
21,0,122500,18,0.020989673,-0.6264616,-0.012741073,-0.0376
21,0,123000,18,3.400601,-0.77219385,-0.009682968,-0.0401
21,0,123500,18,2.2333853,-0.05069078,-0.0087141795,-0.0436
21,0,124000,18,-0.09489714,0.071889356,-0.0074118585,-0.048
21,0,124500,18,-0.025382824,-0.58235234,-0.0063152597,-0.0534
21,0,125000,18,-0.032268073,-0.9843932,-0.0038889104,-0.0596
21,0,125500,18,-0.16586791,1.0125806,-0.0042443275,-0.0669
21,0,126000,18,-0.22316717,0.7976036,-0.0029329609,-0.0755
21,0,126500,18,-0.201982,0.5202297,-0.00085006485,-0.0853
21,0,127000,18,-0.23876864,-0.16398846,0.00020451433,-0.0963
21,0,127500,18,0.28711653,-0.36643064,0.0004963182,-0.1082
21,0,128000,18,3.037458,-0.119615965,0.0005841512,-0.1207
21,0,128500,18,1.1297807,-0.1524876,0.0017341502,-0.1336
21,0,129000,18,-0.8637745,-0.6137153,0.0005044887,-0.1466
21,0,129500,18,1.3381221,-0.307178,0.00087537145,-0.1594
21,0,130000,18,2.3310766,1.0094693,0.00051411823,-0.1717
21,0,130500,18,-0.7992582,0.21829368,0.000917683,-0.1833
21,0,131000,18,0.36800528,0.09225436,0.0015923335,-0.1939
21,0,131500,19,0.47650155,-0.30744588,0.0013787331,-0.2035
21,0,132000,19,0.5159548,-0.4353229,0.0014222119,-0.2117
21,0,132500,19,0.40171957,-0.25663912,0.0015287204,-0.2186
21,0,133000,19,0.1736356,-0.16294037,0.0006384267,-0.2238
21,0,133500,19,1.9088173,0.101344116,0.001271933,-0.2272
21,0,134000,19,3.722219,-0.8305582,0.0015167564,-0.2288
21,0,134500,19,1.2987071,-0.48547167,0.0022188365,-0.2286
21,0,135000,19,1.8438219,0.28618956,0.001724229,-0.2267
21,0,135500,19,3.159153,0.20826863,0.0004671378,-0.2229
21,0,136000,19,2.5660877,-0.24268019,0.00094452896,-0.2172
21,0,136500,19,-0.26048124,-1.0825945,0.001380484,-0.2096
21,0,137000,19,-0.7017421,0.09428005,0.0010840112,-0.2005
21,0,137500,19,-0.57449025,0.59426373,0.0015077104,-0.1899
21,0,138000,19,-0.14174193,0.5799664,0.0009106797,-0.178
21,0,138500,19,-0.31074104,0.28539056,0.0010247751,-0.1651
21,0,139000,19,-0.38435107,-0.29976144,0.0013320445,-0.1511
21,0,139500,19,-0.39953223,-0.28216,0.0021245838,-0.1365
21,0,140000,19,1.2953646,-0.39687708,0.0018634194,-0.1219
21,0,140500,19,2.833682,0.072255954,0.0017230617,-0.1073
21,0,141000,19,-0.4826652,0.4090235,0.0023405186,-0.0931
21,0,141500,19,-0.37226832,0.4525218,0.0018701309,-0.0795
21,0,142000,19,0.21862014,-0.16036478,0.0032970519,-0.0667
21,0,142500,20,0.28813943,0.28248128,0.0038765743,-0.0546
21,0,143000,20,0.32741293,0.1288766,0.0035322458,-0.0435
21,0,143500,20,0.29127365,0.0836158,0.0022973318,-0.0333
21,0,144000,20,0.2602259,-0.11957367,0.0021275019,-0.0244
21,0,144500,20,0.060785532,0.03168574,0.0016366878,-0.0169
21,0,145000,20,-0.22719716,-0.18248758,0.0012996543,-0.0107
21,0,145500,20,-0.46183792,0.13587956,0.0020297477,-0.0061
21,0,146000,20,0.81892425,-0.34102723,0.002512975,-0.0031
21,0,146500,20,2.775464,-1.1168057,0.0023145482,-0.0019
21,0,147000,20,1.4958277,1.56182,0.0024140533,-0.0019
21,0,147500,20,0.24435654,2.270685,0.0024870043,-0.0033
21,0,148000,20,2.0830562,0.93434006,0.0023769941,-0.0058
21,0,148500,20,2.780329,-0.15483761,0.0020434624,-0.0092
21,0,149000,20,1.1138942,-0.40120578,0.0015999204,-0.0133
21,0,149500,20,0.8786379,-1.5398178,0.0030428907,-0.0175
21,0,150000,20,-0.5827131,-0.48885566,0.002706149,-0.0221
21,0,150500,20,3.3425112,-0.08424392,0.0022022037,-0.0272
21,0,151000,21,2.9930437,-0.31857073,0.003148232,-0.0326
21,0,151500,21,-0.4697572,-0.14469504,0.0033527864,-0.0381
21,0,152000,21,-0.32455036,0.11162767,0.0036886525,-0.0436
21,0,152500,21,-0.21280529,-0.6986627,0.0026489554,-0.0489
21,0,153000,21,2.2789476,0.018159201,0.0023361417,-0.0539
21,0,153500,21,1.6243342,0.85639566,0.001966718,-0.0585
21,0,154000,21,-0.99403846,-0.27474344,0.003395098,-0.0625
21,0,154500,22,-0.99403846,-0.38616583,0.004290936,-0.0659
21,0,155000,22,-1.5019528,-0.059028544,0.0041996012,-0.0685
21,0,155500,22,2.6230652,0.44466814,0.0031030022,-0.0703
21,0,156000,22,3.5996506,0.095859244,0.0027861032,-0.071
21,0,156500,22,-1.0961037,0.366296,0.0028573035,-0.0707
21,0,157000,22,-0.6831903,-0.46902645,0.0033069733,-0.0695
21,0,157500,22,-0.07787874,-0.27413714,0.003139186,-0.0673
21,0,158000,22,-0.051620577,-0.02269301,0.0027887295,-0.0641
21,0,158500,22,-0.098813325,-0.5532595,0.002353358,-0.0598
21,0,159000,22,-0.20901449,-0.38014045,0.0027125687,-0.0545
21,0,159500,22,-0.31037584,0.42331144,0.0019673016,-0.0472
21,0,160000,22,0.24673343,-0.0247751,0.0026358243,-0.0389
21,0,160500,22,0.672212,0.27347142,0.00320455,-0.0294
21,0,161000,22,-0.95199114,-0.019280827,0.0025135584,-0.0187
21,0,161500,23,0.2428525,-0.20417798,0.0037166658,-0.0067
21,0,162000,23,3.562022,-0.21659061,0.004179175,0.0064
21,0,162500,23,3.0213425,0.20597973,0.003820548,0.0207
21,0,163000,23,2.6417677,0.32916617,0.0040011746,0.0362
21,0,163500,23,3.5644343,0.31820112,0.0035620097,0.0527
21,0,164000,23,3.418753,0.24025197,0.0030347202,0.0704
21,0,164500,23,3.5169725,0.12587331,0.0029191659,0.0893
21,0,165000,23,3.4097517,-0.3274537,0.0038120856,0.1095
21,0,165500,23,3.0953853,-0.9841112,0.00383222,0.1309
21,0,166000,24,3.1422853,-0.5655123,0.0034508326,0.1535
21,0,166500,24,3.348523,0.35626155,0.0022176693,0.1773
21,0,167000,24,3.5307927,-0.13151631,0.0027723885,0.2011
21,0,167500,24,2.3146353,0.073557846,0.0028599296,0.2257
21,0,168000,24,-0.11321518,0.4303426,0.0021721479,0.2508
21,0,168500,24,-0.7079941,0.7569394,0.6984311,0.2763
21,0,169000,24,-1.0120441,0.0025364733,-0.10516062,0.302
21,0,169500,24,2.5160518,0.6899647,-0.0864481,0.3279
21,0,170000,24,3.4059808,0.070770755,0.15502077,0.3537
21,0,170500,24,0.916948,-1.9365947,0.050842408,0.3789
21,0,171000,24,2.1030195,1.1652688,-0.055671845,0.4033
21,0,171500,24,1.8590424,1.9466074,-0.03811867,0.4263
21,0,172000,24,3.0914688,0.98966825,-0.08463892,0.4475
21,0,172500,24,0.29250106,0.83056456,-0.074480355,0.4667
21,0,173000,25,0.15303446,0.40747252,-0.06218899,0.4839
21,0,173500,25,0.06977936,0.15182188,-0.053415906,0.4989
21,0,174000,25,-0.18355662,-0.3303395,-0.04618413,0.512
21,0,174500,25,-0.45260134,-0.25913483,-0.03877319,0.5229
21,0,175000,25,-0.5991536,-0.23662193,-0.031576138,0.5315
21,0,175500,25,-0.6546863,-0.64114904,-0.025543384,0.5382
21,0,176000,25,-0.59313077,-0.4812699,-0.021509487,0.5429
21,0,176500,25,-0.4038195,-0.18660946,-0.01808867,0.5453
21,0,177000,25,-0.23876864,-0.78181,-0.014565139,0.5458
21,0,177500,25,0.040569726,-0.49853292,-0.0116888285,0.5446
21,0,178000,26,0.1374085,1.970173,-0.00859133,0.542
21,0,178500,26,2.3993878,1.4514976,-0.007497649,0.5384
21,0,179000,26,2.603681,0.032108735,-0.0055924617,0.5341
21,0,179500,26,3.586307,-0.49435464,-0.0041168095,0.5294
21,0,180000,26,2.1788423,-0.90755326,-0.0033922603,0.5241
21,0,180500,26,2.9447315,-1.060265,-0.0018845096,0.5181
21,0,181000,26,2.399897,-1.6985173,-0.0015769483,0.5112
21,0,181500,26,3.2728841,-0.4188965,-0.00069861865,0.5032
21,0,182000,26,2.4162607,1.6289828,-4.6728805e-05,0.4945
21,0,182500,26,1.753532,0.9224162,0.00039243602,0.4851
21,0,183000,26,2.2584617,0.07158855,0.005042331,0.4752
21,0,183500,27,1.3818215,0.16605812,0.0053793644,0.4646
21,0,184000,27,-1.0200851,-0.7833422,0.0024916732,0.4535
21,0,184500,27,0.52721554,-0.7827829,0.0037219182,0.4417
21,0,185000,27,0.52721554,-0.44664046,0.0757645,0.4291
21,0,185500,27,0.33214363,0.43813047,1.2566069,0.4153
21,0,186000,27,-2.723983,0.40400392,-0.22033414,0.4005
21,0,186500,27,1.3333306,0.24017207,-0.17673223,0.3846
21,0,187000,27,2.021593,-0.039424933,-0.15294729,0.3679
21,0,187500,27,-0.30605876,-1.0920744,-0.12814659,0.3505
21,0,188000,27,-0.40810615,1.6248374,-0.1066103,0.3327
21,0,188500,27,-0.45433962,3.0390797,-0.08933842,0.3148
21,0,189000,27,-0.5991536,1.1372476,-0.07453113,0.2968
21,0,189500,27,-0.85491395,-0.21327713,-0.062261067,0.2787
21,0,190000,27,-0.97349435,-0.8515671,-0.0514083,0.2607
21,0,190500,27,-1.0441186,-0.99246305,-0.043009307,0.2427
21,0,191000,27,-1.0441186,-1.1194564,-0.035336033,0.2247
21,0,191500,27,-0.94155705,-1.0063703,-0.029196186,0.2071
21,0,192000,27,-0.5413659,-1.6979016,-0.02330408,0.1901
21,0,192500,27,-0.27772236,0.13986515,-0.01917214,0.1737
21,0,193000,27,-0.18787819,3.1117837,-0.015961712,0.1584
21,0,193500,27,-0.089537606,1.5732598,-0.013121877,0.1438
21,0,194000,27,0.009456092,0.09883433,-0.010289045,0.1299
21,0,194500,27,0.06776633,-0.63930196,-0.0077868267,0.1165
21,0,195000,27,0.08940651,-1.2794672,-0.0061801546,0.1035
21,0,195500,28,0.11079359,0.0055303597,-0.004606748,0.091
21,0,196000,28,0.13032065,0.35786894,-0.0036913592,0.0791
21,0,196500,28,0.11972231,0.10861968,0.02303525,0.0679
21,0,197000,28,0.13950601,-0.5042152,0.52040327,0.0577
21,0,197500,28,0.32960477,-0.49107406,-0.06225027,0.0484
21,0,198000,28,0.5494749,-0.78752047,-0.070855856,0.0403
21,0,198500,28,0.012245741,-0.064170316,-0.059044514,0.0331
21,0,199000,28,1.1037734,1.535909,-0.048189115,0.0269
21,0,199500,28,2.7462306,1.1296759,-0.04188615,0.0217
21,0,200000,28,1.2825243,0.52598244,-0.035530373,0.0175
21,0,200500,28,2.249222,-0.263769,-0.029387318,0.0143
21,0,201000,28,-0.6198599,-0.78062093,-0.024413228,0.0126
21,0,201500,28,-0.5583809,-0.9420041,-0.020461911,0.0123
21,0,202000,28,2.9078903,-0.8044827,0.6159466,0.0138
21,0,202500,28,3.5016544,-0.8990933,0.14295702,0.0171
21,0,203000,28,2.534371,-0.015234145,-0.043153748,0.0223
21,0,203500,29,1.1709744,-0.110639006,-0.12454923,0.0293
21,0,204000,29,-0.2838571,0.2612891,-0.10295516,0.0381
21,0,204500,29,-0.37657896,-0.071770184,-0.08769674,0.0486
21,0,205000,29,-0.46457604,-0.6534301,-0.07637387,0.0605
21,0,205500,29,-0.5587465,1.3564216,-0.061618514,0.0737
21,0,206000,29,-0.69909227,1.4379146,-0.051270567,0.0883
21,0,206500,29,-0.8592138,0.2525753,-0.04257218,0.1041
21,0,207000,29,-0.8846834,0.7668328,-0.036080424,0.1209
21,0,207500,29,-0.8648529,2.1737149,-0.029561233,0.1384
21,0,208000,29,-0.5735651,1.1586747,-0.023879811,0.1565
21,0,208500,29,-0.57196087,-0.20613317,-0.01998306,0.1753
21,0,209000,29,-0.490265,-0.05095398,-0.015926111,0.1942
21,0,209500,29,-0.2569043,-0.6042636,-0.012584374,0.2127
21,0,210000,29,-0.18385284,-1.0173306,-0.011120686,0.2309
21,0,210500,30,-0.14002933,-1.1581514,-0.009051213,0.2485
21,0,211000,30,-0.24582306,-0.90490246,-0.0072294814,0.2655
21,0,211500,30,-0.38924706,-0.46466017,-0.005561822,0.2818
21,0,212000,30,-0.99994224,-0.79962295,-0.004205226,0.2973
21,0,212500,30,-0.5286045,-0.90815485,-0.0032422731,0.312
21,0,213000,30,-0.17689015,2.0021846,-0.0015903714,0.3259
21,0,213500,31,-1.2368265,2.364647,-0.00041410988,0.3387
21,0,214000,31,-0.6853713,0.9067982,-0.00066768745,0.3507
21,0,214500,31,0.047087364,-0.06431602,0.00020830779,0.362
21,0,215000,31,2.5796485,-0.92811567,-0.00039660165,0.3727
21,0,215500,31,2.5207307,-1.3191915,-0.00022356195,0.3828
21,0,216000,31,3.129715,-1.6140258,0.00095240766,0.392
21,0,216500,31,2.117047,-0.46218798,0.002128669,0.4009
21,0,217000,32,-0.16037975,0.03802601,0.008256842,0.4096
21,0,217500,32,0.08940651,-0.116622075,0.039327245,0.4179
21,0,218000,32,0.19856203,0.72136056,-0.002751459,0.4258
21,0,218500,32,0.18581034,-0.4379972,-0.00172927,0.4333
21,0,219000,32,0.10083048,1.146342,2.1553304e-05,0.4401
21,0,219500,32,-0.06269415,2.238161,-0.0005915266,0.4465
21,0,220000,33,-0.57623893,0.47053683,-0.00081913365,0.4522
21,0,220500,33,-0.16303061,-0.48982856,-0.00030760147,0.4573
21,0,221000,33,2.8936582,-0.62053496,0.000118724,0.4621
21,0,221500,33,2.8936582,-1.4575495,0.0011913951,0.4661
21,0,222000,33,2.5557964,-0.8184369,0.0017227699,0.4694
21,0,222500,33,-2.7373738,-0.73228633,0.001761288,0.4719
21,0,223000,34,0.5592184,-0.6117037,0.002421932,0.4735
21,0,223500,34,1.618998,-0.8867511,0.0032731239,0.4746
21,0,224000,34,1.9242059,-0.1528072,0.0033311928,0.4749
21,0,224500,34,-0.5354943,-0.01833613,0.0028631394,0.4745
21,0,225000,34,-0.7163141,-0.028295385,0.0026279455,0.4739
21,0,225500,34,-0.84154487,0.20561785,0.0024639517,0.4729
21,0,226000,34,-1.0575339,-0.37575537,0.002795149,0.4717
21,0,226500,34,-1.0966226,-0.30383632,0.0030411398,0.4703
21,0,227000,34,-1.1528723,-0.2200075,0.002572211,0.4688
21,0,227500,34,-1.1461273,-0.7454228,0.0030250906,0.4671
21,0,228000,34,-1.0992789,-0.5668283,0.0029655625,0.4655
21,0,228500,34,-0.9708005,0.2361019,0.0026486637,0.4637
21,0,229000,34,-0.856013,0.78680307,0.002118456,0.4621
21,0,229500,34,-0.7750661,0.6314077,0.002825205,0.4607
21,0,230000,34,-0.6882375,0.20277435,0.0031129236,0.4595
21,0,230500,34,-0.6933246,0.10242041,0.0028739362,0.4586
21,0,231000,34,-0.762034,-0.3078595,0.0028613887,0.4575
21,0,231500,34,-0.84491473,0.43500498,0.0031739105,0.4566
21,0,232000,34,-0.9838914,0.5125687,0.0032308123,0.4558
21,0,232500,34,-1.0465306,0.31858653,0.0029480543,0.455
21,0,233000,34,-1.1696522,-0.12719233,0.0027852277,0.4541
21,0,233500,34,-0.9983888,-0.5276258,0.0029194576,0.4533
21,0,234000,34,-0.9707007,-0.38220376,0.0028129492,0.4524
21,0,234500,34,-1.1528723,-0.63971084,0.0033314847,0.4515
21,0,235000,34,-1.2023596,-0.92300206,0.0037119968,0.4505
21,0,235500,34,-1.259068,-0.84089816,0.003791076,0.4496
21,0,236000,35,-1.2835897,0.24139877,0.0033997667,0.4487
21,0,236500,35,-1.209997,0.89827245,0.0030583562,0.4477
21,0,237000,35,-0.9661166,0.51153475,0.0030247988,0.4466
21,0,237500,35,-1.001109,0.17492698,0.0026842637,0.4453
21,0,238000,35,-1.0263819,0.21615049,0.0031044614,0.4437
21,0,238500,35,-1.1316626,-1.307808,0.0031917107,0.4422
21,0,239000,35,-1.1844084,-0.44936174,0.0029340477,0.4407
21,0,239500,35,-1.259068,0.4997472,0.0033238977,0.4391
21,0,240000,35,-0.7512385,0.4067769,0.0036536362,0.4377
21,0,240500,35,-0.6194634,-0.49793133,0.0035535474,0.4367
21,0,241000,35,-0.5373027,0.5576791,0.0033883865,0.4358
21,0,241500,35,-0.52369964,1.1399595,0.0036594723,0.4354
21,0,242000,35,-0.754514,0.44168836,0.0037166658,0.4355
21,0,242500,35,-0.85838324,0.31217575,0.0029401756,0.4362
21,0,243000,35,-1.3058825,-0.27325356,0.0029419265,0.4375
21,0,243500,35,-1.3202488,-0.33959374,0.003264078,0.4395
21,0,244000,35,-1.3476454,-0.44275358,0.0035027736,0.4424
21,0,244500,35,-1.3153889,-0.5300134,0.003531954,0.4463
21,0,245000,35,-1.2949393,0.010582836,0.0033807994,0.4511
21,0,245500,35,-1.1738214,-0.3959935,0.0032494878,0.4572
21,0,246000,35,-1.0605397,-0.3286146,0.0026174407,0.4645
21,0,246500,35,-0.947258,0.087620184,0.0024464435,0.4727
21,0,247000,35,-0.8945741,-0.9292013,0.0023419778,0.4819
21,0,247500,35,-0.8716076,-0.84443724,0.0025471158,0.4917
21,0,248000,35,-0.81013995,0.3889264,0.003228478,0.5019
21,0,248500,35,-0.55305785,0.41447547,0.00553723,0.5123
21,0,249000,36,-0.457002,-0.14857723,0.002890569,0.5227
21,0,249500,36,-0.4764507,0.18454313,0.003030343,0.5329
21,0,250000,36,-0.5354943,0.5587272,0.0033676685,0.5429
21,0,250500,36,-1.0220318,0.43725157,0.002982779,0.5523
21,0,251000,36,-1.1335852,0.65671706,0.0025188108,0.561
21,0,251500,36,-1.5146507,0.16226994,0.0055278926,0.5687
21,0,252000,36,-1.4714592,-0.20246719,0.0021960759,0.5749
21,0,252500,36,-1.3625675,0.35079077,0.0023463548,0.5791
21,0,253000,36,-1.3217458,0.23146302,0.0027052735,0.5809
21,0,253500,36,-1.2927614,0.598348,0.003110881,0.5809
21,0,254000,36,-1.101522,-0.351151,0.003033261,0.5785
21,0,254500,37,-0.79655993,-0.7848086,0.00351999,0.5732
21,0,255000,37,-0.50756,-0.3514659,0.0035161965,0.5651
21,0,255500,37,-0.28004014,0.6326532,0.003775902,0.5541
21,0,256000,37,-0.08431795,0.37896243,0.0033110585,0.54
21,0,256500,37,0.00085122517,0.54668117,0.003549754,0.5227
21,0,257000,37,0.002081028,-0.82579243,0.003451416,0.502
21,0,257500,37,-0.03580496,0.33715144,0.003308724,0.4779
21,0,258000,38,-0.09266202,0.6299178,0.003494603,0.4506
21,0,258500,38,-0.16289812,-0.38489684,0.0043662214,0.4199
21,0,259000,38,-0.19506626,-0.19656871,0.0042810147,0.3863
21,0,259500,38,-0.18384469,-0.11402769,0.0039466075,0.3505
21,0,260000,38,-0.1560578,-0.108279616,0.003934935,0.3133
21,0,260500,38,-0.09923477,-0.13092881,0.0042197355,0.2751
21,0,261000,38,0.005773881,-0.13954388,0.004646353,0.2356
21,0,261500,39,0.0659864,-0.5061798,0.0047479006,0.1955
21,0,262000,39,0.19083534,-1.6148765,0.00477854,0.1553
21,0,262500,39,0.33429137,0.5624872,0.0046980022,0.1154
21,0,263000,39,2.9482648,0.9938512,0.004160791,0.0762
21,0,263500,39,2.3970866,0.6951629,0.0038955417,0.0383
21,0,264000,39,0.36358902,0.05529843,0.0032378156,0.0023
21,0,264500,39,-0.3308733,-0.4139004,0.0034765112,-0.0315
21,0,265000,39,-0.5212056,-0.7379357,0.0029836544,-0.0627
21,0,265500,39,-0.31578198,-1.034871,0.0033396552,-0.0911
21,0,266000,39,0.073766865,-0.10935121,0.0032474452,-0.1165
21,0,266500,39,-0.46733695,0.36024243,0.0032010484,-0.1395
21,0,267000,39,-0.3568377,0.42609382,0.0031502745,-0.1598
21,0,267500,39,-0.16801889,0.20807123,0.0031400614,-0.1779
21,0,268000,39,-0.13861239,-0.0034512992,0.0030574808,-0.1936
21,0,268500,39,-0.04026153,-1.1563231,0.003512695,-0.207
21,0,269000,39,-0.084290534,-0.23071405,0.0042395783,-0.2182
21,0,269500,39,-0.058632605,0.2602692,0.015754452,-0.2271
21,0,270000,39,0.014807914,0.14417972,0.002530483,-0.2339
21,0,270500,39,0.099329,0.47829178,0.0031473564,-0.2387
21,0,271000,40,0.13857624,-0.18869625,0.0035897312,-0.2418
21,0,271500,40,0.073766865,0.37683335,0.0032182648,-0.2435
21,0,272000,40,-0.23181377,0.8127328,0.0030776153,-0.2439
21,0,272500,40,-0.41183737,0.53349304,0.0033466585,-0.2431
21,0,273000,40,-0.55305785,0.16459642,0.0035938164,-0.2411
21,0,273500,40,-0.903896,-0.3495295,0.0035544229,-0.2379
21,0,274000,40,-0.9919327,0.047256768,0.003826384,-0.2335
21,0,274500,40,-1.097173,-0.34035516,0.04319277,-0.2277
21,0,275000,40,-0.93614143,-1.269179,-0.0026992261,-0.2211
21,0,275500,40,-0.839149,-0.07666286,-0.0038445562,-0.2133
21,0,276000,41,-0.7366097,0.6721659,-0.0020750575,-0.2046
21,0,276500,41,-0.48190302,0.5702516,-0.00104178,-0.1951
21,0,277000,41,1.0674429,0.05558043,-0.00011063385,-0.1851
21,0,277500,41,0.09723901,-0.5772247,0.0006474726,-0.1748
21,0,278000,41,-0.6458629,-0.51036274,0.00065972836,-0.1645
21,0,278500,41,0.114825994,-0.28263003,0.0005660593,-0.1542
21,0,279000,41,0.17734592,-0.24127491,0.0011374113,-0.1442
21,0,279500,41,0.13119633,0.5592066,0.0012745592,-0.1347
21,0,280000,41,0.36729997,0.08971167,0.0023069612,-0.1263
21,0,280500,41,3.394034,-0.015845142,0.0028736445,-0.1191
21,0,281000,42,2.9066536,0.59749734,0.002795149,-0.1134
21,0,281500,42,3.180926,0.39886686,0.0033799242,-0.1092
21,0,282000,42,3.0817192,0.26997465,0.0032027992,-0.107
21,0,282500,42,3.2659483,-0.31563795,0.00244265,-0.1063
21,0,283000,42,2.979965,-0.08710621,0.0015631532,-0.1079
21,0,283500,42,3.2051544,-0.31709966,0.0024260173,-0.1117
21,0,284000,42,3.0057373,-1.5496032,0.0029585594,-0.1177
21,0,284500,42,1.3765684,0.5828851,0.0033273995,-0.1255
21,0,285000,42,-0.71526086,1.377642,0.0036440066,-0.1349
21,0,285500,42,-0.96170026,1.0883301,0.00414445,-0.1459
21,0,286000,43,-0.30976522,-0.27975363,0.004012555,-0.158
21,0,286500,43,0.012245741,-0.30178243,0.004531966,-0.1711
21,0,287000,43,-1.1007266,-0.7847146,0.0034625046,-0.185
21,0,287500,43,2.463962,-0.79086685,0.0036889445,-0.1991
21,0,288000,43,1.5273286,-0.08737411,0.0039883354,-0.2133
21,0,288500,43,1.0331782,0.07791942,0.004288893,-0.2271
21,0,289000,44,0.07574635,0.1905591,0.0039282236,-0.2403
21,0,289500,44,0.1594518,-0.13245161,0.0037697742,-0.2526
21,0,290000,44,1.1585319,-0.68355227,0.003820548,-0.2639
21,0,290500,44,3.285555,-0.4583857,0.0035932327,-0.2741
21,0,291000,44,2.5138319,1.9366151,0.003642256,-0.2827
21,0,291500,44,1.9561976,1.1045732,0.0038138365,-0.2897
21,0,292000,44,1.3864619,0.11194727,0.003986001,-0.2951
21,0,292500,44,3.4569972,-0.23427193,0.004092801,-0.2987
21,0,293000,44,3.4777482,-1.0403981,0.0036769805,-0.3005
21,0,293500,44,3.2311616,-0.85513437,0.003097458,-0.3009
21,0,294000,44,2.0209637,-0.073386975,0.004140949,-0.2997
21,0,294500,44,-1.2904258,0.2824061,0.003641964,-0.2975
21,0,295000,44,-0.4162265,0.12885779,0.0031879172,-0.2941
21,0,295500,45,-0.4993368,-0.42364347,0.0034058946,-0.2897
21,0,296000,45,-0.58731294,-0.10791302,0.0036726035,-0.2846
21,0,296500,45,-0.5354943,-0.2862678,0.0034476225,-0.279
21,0,297000,45,-0.4852501,-1.511101,0.0037295052,-0.2733
21,0,297500,45,-0.3742981,0.78488547,0.0035083177,-0.2675
21,0,298000,45,2.9684312,1.5119909,0.0032824615,-0.2618
21,0,298500,45,3.480656,0.67210007,0.0077998773,-0.2567
21,0,299000,46,3.480656,0.40230724,0.009273487,-0.2523
21,0,299500,46,-1.018981,-0.3250426,0.006824377,-0.2485
21,0,300000,46,-1.4747871,-0.38608593,0.0063210153,-0.2455
21,0,300500,46,-0.021442972,-0.39925528,0.004365346,-0.2433
21,0,301000,46,1.9437867,-0.68042207,0.0039314334,-0.2418
21,0,301500,46,3.143615,-0.3497222,0.0019538787,-0.2408
21,0,302000,46,-1.1101875,-0.27535444,0.0018663374,-0.2397
21,0,302500,46,-0.14644866,0.2604243,0.0017574945,-0.2389
21,0,303000,46,-0.13464235,-0.31184506,0.0016471928,-0.2382
21,0,303500,46,-0.311907,-1.0824112,0.0015538154,-0.2371
21,0,304000,46,-0.1854022,0.879966,0.0019407474,-0.2355
21,0,304500,46,0.5229337,2.8644943,0.001807393,-0.2331
21,0,305000,47,1.6930907,0.9381518,0.002702939,-0.2294
21,0,305500,47,0.5998534,0.26346046,0.0027992344,-0.2243
21,0,306000,47,-1.3665444,-0.59955424,0.0028173262,-0.2173
21,0,306500,47,0.96632385,-0.55474937,0.002892028,-0.2081
21,0,307000,47,2.1470492,-0.85563254,0.002621526,-0.1921
21,0,307500,47,1.2065109,-0.82056606,0.0030504775,-0.1759
21,0,308000,47,1.025578,1.775312,0.003070612,-0.1595
21,0,308500,47,2.038355,-0.07650776,0.002618316,-0.1431
21,0,309000,47,1.2285337,-0.09146779,0.0029746084,-0.1268
21,0,309500,47,-0.22711404,-0.14557864,0.004551517,-0.1107
21,0,310000,47,-0.098813325,-0.376216,0.0035961508,-0.0948
22,0,500,1,-0.17089713,-1.8150063,-2.2136884,0.1771
22,0,1000,1,-0.17689015,-1.7344064,-1.8218029,0.1951
22,0,1500,1,-0.30170655,-1.1339841,-1.3134277,0.2119
22,0,2000,1,-0.38803884,-0.9119336,-0.99949193,0.2277
22,0,2500,1,-0.46456048,-0.15077212,-0.81175435,0.2423
22,0,3000,1,-0.5588783,-0.051668376,-0.49396828,0.2559
22,0,3500,1,-0.57169044,0.6045802,-0.5957477,0.2683
22,0,4000,1,-0.5802605,0.426827,-0.82471335,0.2794
22,0,4500,1,-0.5877293,0.11905833,-0.67573,0.265
22,0,5000,1,-0.50078005,-0.30087063,-0.57133776,0.2507
22,0,5500,1,-0.4883605,0.4322649,-0.53573126,0.2359
22,0,6000,1,-0.49170727,0.6329164,-0.6358354,0.2207
22,0,6500,1,-0.5177763,0.33725953,-0.5274204,0.2051
22,0,7000,2,-0.6275135,0.6468565,-0.4410508,0.1891
22,0,7500,2,-0.68356746,0.55762273,-0.36688215,0.1728
22,0,8000,2,-0.7366097,0.9574405,-0.16417065,0.156
22,0,8500,2,-0.7919307,0.9048524,-0.2517477,0.1389
22,0,9000,2,-0.76421267,-0.08407003,0.27034807,0.1225
22,0,9500,2,-0.6678319,-0.5226485,2.05939,0.1058
22,0,10000,2,-0.38924706,-0.64462703,0.6386728,0.0887
22,0,10500,2,-0.30759647,0.4711196,0.060819473,0.0713
22,0,11000,2,-0.25688353,-0.67099863,-0.35123998,0.0537
22,0,11500,2,-0.27510935,-2.2340562,-0.4277104,0.0359
22,0,12000,2,-0.37021604,-1.1551152,-0.3990051,0.0179
22,0,12500,2,-0.6657203,-0.4803628,-0.3833822,-0.0013
22,0,13000,2,-0.79931533,-0.5057803,1.2555165,-0.0199
22,0,13500,2,-0.9801319,-0.36240274,1.8221681,-0.0383
22,0,14000,2,-0.8502619,0.091121666,0.19840968,-0.0565
22,0,14500,2,-0.6701916,1.3644304,-0.39423,-0.0745
22,0,15000,2,-0.52543235,1.1989583,-0.62220323,-0.0918
22,0,15500,2,-0.666344,0.27514932,-0.58649546,-0.1083
22,0,16000,2,-0.673677,0.721088,-0.5439616,-0.1243
22,0,16500,2,-0.7117202,0.6477636,-0.44972935,-0.1398
22,0,17000,2,-0.8796668,0.2580085,-0.377273,-0.1545
22,0,17500,2,-0.9374456,0.79082626,-0.42335728,-0.1683
22,0,18000,3,-0.9164746,0.451187,2.7321727,-0.1811
22,0,18500,3,-0.70449686,0.50859725,2.1987774,-0.1929
22,0,19000,3,-0.56354874,0.78512985,1.3526002,-0.2038
22,0,19500,3,-0.46440384,0.89325756,1.1986953,-0.2137
22,0,20000,3,-0.3919095,0.6738344,0.65973145,-0.2229
22,0,20500,3,-0.37657896,0.3031377,-1.0509355,-0.2316
22,0,21000,3,-0.4351443,1.078714,-1.2290328,-0.2398
22,0,21500,3,-0.5294154,1.382248,-0.6285619,-0.2477
22,0,22000,3,-0.6330359,0.65804243,-1.0946693,-0.2554
22,0,22500,3,-0.975512,1.3485304,-0.9201181,-0.2632
22,0,23000,4,-1.0751753,1.1209339,-0.7712015,-0.2713
22,0,23500,4,-1.3476454,-0.1748266,-0.64320964,-0.2797
22,0,24000,4,-1.3684757,-0.121923655,-0.6335515,-0.2888
22,0,24500,4,-1.3956414,-0.5547588,-0.4952992,-0.2977
22,0,25000,4,-1.2392089,0.5284358,-0.53855824,-0.3069
22,0,25500,4,-1.1431264,0.4974865,-0.46573976,-0.3168
22,0,26000,4,-0.9801319,-0.19370642,-0.38728565,-0.3271
22,0,26500,4,-0.7961783,-0.25640884,1.1466336,-0.3376
22,0,27000,4,-0.5533444,-0.49697724,-0.38354355,-0.3485
22,0,27500,4,-0.3329276,-0.2416086,-0.36882818,-0.3596
22,0,28000,4,-0.2657133,-0.40474486,-0.35865328,-0.3713
22,0,28500,4,-0.27191585,-0.05773135,-0.3292371,-0.3827
22,0,29000,5,-0.46711677,0.1489925,-0.27324578,-0.3939
22,0,29500,5,-0.64976084,-0.24875727,2.1235673,-0.4047
22,0,30000,5,-0.9483644,0.05165595,2.1071768,-0.4149
22,0,30500,5,-0.8242745,0.59501106,1.1756153,-0.4246
22,0,31000,5,-0.7036637,0.48939782,0.7681305,-0.4335
22,0,31500,5,-0.6105124,0.26060757,0.6097796,-0.4417
22,0,32000,6,-0.65968394,0.63363075,0.3089476,-0.4499
22,0,32500,6,-0.7262342,0.5510945,-0.18183441,-0.4573
22,0,33000,6,-0.8845784,0.086825885,-0.24791399,-0.4639
22,0,33500,6,-0.98574096,0.6964319,-0.46992537,-0.4698
22,0,34000,6,-1.0393269,0.8932717,-0.9825215,-0.4752
22,0,34500,6,-1.08406,0.5449939,-0.76407945,-0.4801
22,0,35000,6,-1.0300514,0.6933064,-0.6590414,-0.4845
22,0,35500,6,-0.98037064,-1.2890693,-0.6866335,-0.4885
22,0,36000,6,-0.8845784,-1.7724855,0.48958355,-0.4925
22,0,36500,6,-0.7475272,-0.31840625,2.276131,-0.4963
22,0,37000,6,-0.6380224,-0.29709184,1.5832937,-0.4997
22,0,37500,6,-0.55305785,-0.31256416,0.739426,-0.5029
22,0,38000,6,-0.3819179,0.19686648,0.27895805,-0.506
22,0,38500,7,-0.40787923,0.083926,1.2130111,-0.5089
22,0,39000,7,-0.40937856,0.079827614,2.627626,-0.5119
22,0,39500,7,-0.35101065,0.08960357,1.7283167,-0.5148
22,0,40000,7,-0.4628699,0.44043344,0.9927655,-0.5179
22,0,40500,7,-0.5351137,0.6145865,0.32779348,-0.5212
22,0,41000,7,-0.6060533,1.6358212,-0.14494544,-0.5244
22,0,41500,7,-0.7786045,1.141219,-0.92772657,-0.5276
22,0,42000,7,-0.8928254,0.11457926,-0.59955573,-0.5307
22,0,42500,8,-0.9847795,-1.2375246,-0.6278041,-0.534
22,0,43000,8,-1.1492807,-0.66573936,1.1522197,-0.5372
22,0,43500,8,-1.1131917,-0.4159966,0.7214544,-0.5404
22,0,44000,8,-1.0306003,-0.0026899027,0.35326532,-0.5435
22,0,44500,8,-1.1662594,-1.4339837,-0.04238368,-0.5467
22,0,45000,8,-1.2128223,-2.9045882,-0.23160565,-0.5501
22,0,45500,8,-1.1570828,-2.9427943,-0.19451155,-0.5534
22,0,46000,8,-1.1380994,-1.7251568,-0.655929,-0.5569
22,0,46500,8,-1.1188097,-1.9724274,-1.4115809,-0.5603
22,0,47000,8,-0.9520615,-2.452563,-1.9554919,-0.5637
22,0,47500,8,-0.91535497,-1.3469402,-1.7418921,-0.5666
22,0,48000,8,-0.8780498,-0.47474164,-1.4867688,-0.5693
22,0,48500,8,-0.7786045,0.14747441,-1.3392783,-0.5717
22,0,49000,8,-0.7005252,1.0788739,-0.8379026,-0.5738
22,0,49500,8,-0.5825808,0.40704012,2.2268705,-0.5757
22,0,50000,8,-0.40810615,0.6388853,1.3606814,-0.577
22,0,50500,8,-0.25290635,0.16098215,-0.05188423,-0.5778
22,0,51000,8,-0.17489012,0.59130275,-0.3375608,-0.5779
22,0,51500,8,-0.23494795,0.9979355,-0.27583057,-0.5773
22,0,52000,8,-0.3445697,0.40437052,-0.3587084,-0.5758
22,0,52500,9,-0.86604697,0.78095156,-0.66391015,-0.5733
22,0,53000,9,-0.9980404,0.53009963,-0.8606884,-0.5697
22,0,53500,9,-1.388351,0.41222888,-1.0493703,-0.5651
22,0,54000,9,-1.2962326,-0.19239043,-0.8091456,-0.5585
22,0,54500,9,-1.1446058,-1.6691048,2.6392002,-0.5505
22,0,55000,9,-0.6553042,-1.1088628,2.5974276,-0.5414
22,0,55500,9,-0.35040107,-0.40905473,1.9871733,-0.5311
22,0,56000,9,-0.27373418,0.13537666,1.5881846,-0.5196
22,0,56500,9,-0.3115271,0.39509746,1.0467525,-0.5071
22,0,57000,10,-0.5413659,0.5686912,0.4007996,-0.4935
22,0,57500,10,-0.81073606,1.0238606,-0.24474733,-0.4792
22,0,58000,10,-0.95199114,0.17520897,-0.9324908,-0.4644
22,0,58500,10,-1.3583748,0.7753962,-0.5802702,-0.4493
22,0,59000,10,-1.3956414,0.6401308,-0.26646718,-0.4341
22,0,59500,10,-1.708964,1.2091901,-0.7180284,-0.4189
22,0,60000,10,-1.7013001,0.7986517,-1.866183,-0.4041
22,0,60500,10,-1.5934125,-0.7229146,-1.7379708,-0.3897
22,0,61000,10,-1.515079,-1.5230013,-1.4380516,-0.3759
22,0,61500,10,-1.388351,-1.9631543,1.0994017,-0.3637
22,0,62000,10,-1.0398813,-0.58442503,1.9444392,-0.3529
22,0,62500,10,-0.8248003,-0.008334577,0.8273629,-0.3433
22,0,63000,10,-0.6245067,0.41770437,-0.07172952,-0.3352
22,0,63500,10,-0.5177763,0.080574915,-1.0394369,-0.3289
22,0,64000,10,-0.60909486,0.7822864,-1.4773637,-0.3242
22,0,64500,10,-0.6845243,0.79608554,-1.4590092,-0.3209
22,0,65000,10,-0.8043864,0.3644583,-1.1959279,-0.3193
22,0,65500,10,-0.9892165,1.0358596,-0.9324649,-0.3191
22,0,66000,11,-1.114504,0.3652949,-0.7695595,-0.3203
22,0,66500,11,-1.3313116,0.87505454,2.3284895,-0.3229
22,0,67000,11,-1.1744314,0.96317446,2.5277817,-0.3267
22,0,67500,11,-0.8648529,0.9132231,1.8774381,-0.3317
22,0,68000,11,-0.5836896,0.23948587,0.65076464,-0.3379
22,0,68500,11,-0.58888966,0.5576368,-0.5465481,-0.3457
22,0,69000,11,-0.6135599,0.59146255,-0.8549959,-0.3543
22,0,69500,11,-1.0124135,0.28986964,-1.1816963,-0.3639
22,0,70000,11,-1.1144577,0.57247466,-1.0959086,-0.3741
22,0,70500,12,-1.2943037,-0.35791427,0.7087881,-0.3851
22,0,71000,12,-1.4317122,0.4096392,2.1829338,-0.3965
22,0,71500,12,-1.554547,-0.23538584,1.3304567,-0.4083
22,0,72000,12,-1.1990364,0.66296804,0.8169659,-0.4214
22,0,72500,12,-1.1441019,0.51002604,0.57487345,-0.4348
22,0,73000,12,-1.1058602,-0.3507656,-0.23750477,-0.4485
22,0,73500,12,-1.1829807,0.11724885,-0.27438468,-0.4625
22,0,74000,12,-1.2230645,-0.5054137,-1.6376834,-0.4767
22,0,74500,12,-1.3338103,0.2757509,-1.8931944,-0.4908
22,0,75000,12,-1.3608297,0.42336783,-1.5101677,-0.5052
22,0,75500,12,-1.6124712,-0.1328417,-1.0810261,-0.5191
22,0,76000,12,-1.6149602,0.3264919,-1.0009618,-0.5318
22,0,76500,12,-1.6250416,0.05274634,1.3369762,-0.5435
22,0,77000,12,-1.3743532,1.6691394,2.8824296,-0.5537
22,0,77500,12,-1.1506808,0.8812632,1.9673134,-0.5624
22,0,78000,12,-0.8247604,-0.3939255,0.68894047,-0.5677
22,0,78500,12,-0.70576066,-0.25021425,-1.0761826,-0.5704
22,0,79000,12,-0.64193356,-0.4367987,-0.6188761,-0.5703
22,0,79500,12,-0.6218063,-0.5693663,-0.50679946,-0.5664
22,0,80000,13,-0.7662521,-1.3871391,2.2632375,-0.5594
22,0,80500,13,-0.7900547,-1.6052839,1.6483265,-0.5467
22,0,81000,13,-0.7734056,-2.0142572,0.99278706,-0.5305
22,0,81500,13,-0.8359046,-0.73277044,1.2116187,-0.5107
22,0,82000,13,-0.80062264,-1.8614562,1.3834696,-0.4877
22,0,82500,13,-0.7419099,-3.5537915,0.80524707,-0.4612
22,0,83000,14,-0.9385913,-1.6517854,0.5223012,-0.4295
22,0,83500,14,-0.980421,-1.1177691,0.05509224,-0.3956
22,0,84000,14,-1.0169778,-1.1270798,-0.3954611,-0.3599
22,0,84500,14,-1.2110677,0.00108418,-0.18711607,-0.3232
22,0,85000,14,-1.3211939,0.025025869,-0.41444382,-0.2857
22,0,85500,14,-1.561391,0.9453427,-0.60715085,-0.2487
22,0,86000,14,-1.640605,0.00028048365,-1.2812706,-0.2127
22,0,86500,14,-1.7172681,0.41522276,-1.2741147,-0.1783
22,0,87000,14,-1.7364339,0.050260052,-0.8732488,-0.1457
22,0,87500,14,-1.6213965,0.70928633,0.30208525,-0.1154
22,0,88000,14,-1.5188415,0.7636087,1.4073855,-0.0905
22,0,88500,14,-1.255106,0.6277746,0.76321244,-0.0689
22,0,89000,14,-1.2479401,0.684273,0.22952822,-0.0505
22,0,89500,14,-1.2431628,-0.56218475,-0.023600847,-0.0355
22,0,90000,14,-1.2506083,0.8121923,-0.06593371,-0.0248
22,0,90500,14,-1.2702254,1.1736113,-0.652566,-0.0197
22,0,91000,14,-1.336362,-0.52986765,-0.8836995,-0.0176
22,0,91500,14,-1.3742474,-0.3115537,-1.2829832,-0.0183
22,0,92000,14,-1.4173137,-0.699128,-0.7583268,-0.0225
22,0,92500,14,-1.5043195,-0.10336814,-0.4855932,-0.0289
22,0,93000,14,-1.554547,-1.1338995,-0.7681046,-0.0381
22,0,93500,15,-1.532939,0.10723319,-0.7725114,-0.0489
22,0,94000,15,-1.4799633,0.12291232,1.2134854,-0.0608
22,0,94500,15,-1.231133,0.54067457,1.2011578,-0.0746
22,0,95000,15,-0.95236135,1.5269415,0.5396419,-0.0892
22,0,95500,15,-0.8142369,0.36922878,0.2083138,-0.1039
22,0,96000,15,-0.7786045,-0.6716237,-0.8292127,-0.1186
22,0,96500,16,-1.0503502,0.13750575,-0.7162811,-0.134
22,0,97000,16,-1.2708973,-0.5204019,-0.48137283,-0.1494
22,0,97500,16,-1.5202574,0.41699466,1.5531057,-0.1639
22,0,98000,16,-1.649864,0.15827966,1.2611264,-0.1782
22,0,98500,16,-1.4326583,0.96555734,0.18097031,-0.1923
22,0,99000,16,-1.4122463,0.975855,-0.004200557,-0.2067
22,0,99500,16,-1.424472,0.48565665,-0.09978325,-0.2199
22,0,100000,16,-1.4468958,0.99945825,-0.5128022,-0.2327
22,0,100500,16,-1.4874603,0.12896588,-1.1142637,-0.2451
22,0,101000,16,-1.4586866,0.37274906,-1.342824,-0.2578
22,0,101500,16,-1.4386913,-0.38136247,-1.4094907,-0.2702
22,0,102000,16,-1.4695258,0.5578624,-0.9406646,-0.2813
22,0,102500,16,-1.4679118,0.70024353,-0.758513,-0.2921
22,0,103000,16,-1.35885,0.24656875,-1.0819939,-0.3027
22,0,103500,16,-1.3369182,0.61451125,-1.1033391,-0.3135
22,0,104000,16,-1.302032,-0.026354294,-0.9449824,-0.3233
22,0,104500,16,-1.2711838,0.35568345,-0.8100193,-0.3328
22,0,105000,17,-1.255599,-0.076094165,1.5757561,-0.3419
22,0,105500,17,-1.2108884,-0.37873518,3.0052521,-0.3504
22,0,106000,17,-1.0037093,0.44661394,2.105941,-0.3585
22,0,106500,17,-0.8073974,0.31915992,1.269987,-0.3657
22,0,107000,17,-0.6048411,-0.06410452,1.1192747,-0.3723
22,0,107500,17,-0.59111744,-0.21425943,1.0149425,-0.3784
22,0,108000,17,-0.67264295,-0.41269723,0.61113065,-0.3839
22,0,108500,17,-0.85988843,0.091492966,0.10438142,-0.3882
22,0,109000,17,-1.0512174,1.1595677,0.045486055,-0.3919
22,0,109500,17,-1.1316626,-0.52970785,0.08083226,-0.395
22,0,110000,17,-1.37609,-0.7179232,0.06575592,-0.3975
22,0,110500,17,-1.3894938,-0.48949957,-0.1363953,-0.3993
22,0,111000,17,-1.4065148,-0.7613228,1.3791903,-0.3998
22,0,111500,18,-1.2969437,-0.25258306,0.81176597,-0.3992
22,0,112000,18,-1.214957,-1.1792214,0.23049556,-0.3979
22,0,112500,18,-1.1762073,-0.57252467,-0.1828035,-0.3959
22,0,113000,18,-1.1670339,-0.13834538,-0.31121355,-0.3935
22,0,113500,18,-1.1528723,-0.076329164,-0.28430164,-0.3906
22,0,114000,18,-1.1498839,0.48265806,0.19073406,-0.3871
22,0,114500,18,-1.1524899,0.4274944,0.09325289,-0.3823
22,0,115000,18,-1.2068099,-0.051475678,-0.043216195,-0.3767
22,0,115500,18,-1.231804,0.884196,-1.2579006,-0.3697
22,0,116000,18,-1.2708973,-0.2642108,-0.92673415,-0.3617
22,0,116500,18,-1.2477309,-0.18545327,1.6086776,-0.3523
22,0,117000,18,-1.1388966,-0.5881615,1.105599,-0.3413
22,0,117500,18,-0.8348648,-1.2716887,0.66076213,-0.3288
22,0,118000,18,-0.5885655,-0.51025,0.45618483,-0.3135
22,0,118500,18,-0.59048754,0.15990114,-0.35891998,-0.2965
22,0,119000,18,-0.6330359,-0.0035687985,-1.8181001,-0.278
22,0,119500,18,-0.96233016,0.81151086,-1.8327204,-0.2575
22,0,120000,19,-1.0324414,0.64046925,-0.92176706,-0.2348
22,0,120500,19,-1.5870048,0.17478128,1.347983,-0.2099
22,0,121000,19,-1.4324493,0.4574521,1.2241975,-0.183
22,0,121500,19,-1.2190156,-0.30206913,0.75504893,-0.1541
22,0,122000,19,-1.3326703,0.35502076,-0.13627712,-0.1234
22,0,122500,19,-1.384693,0.05307534,-1.2677627,-0.0915
22,0,123000,19,-1.611165,0.19691817,-0.8931134,-0.0589
22,0,123500,19,-1.6772926,-1.2704197,-2.4527853,-0.0257
22,0,124000,19,-1.7755815,-0.85743266,-2.2399094,0.008
22,0,124500,19,-1.8042808,-1.5228838,-1.0635233,0.0417
22,0,125000,20,-1.6893353,-0.21293403,-0.710658,0.0751
22,0,125500,20,-1.6681579,0.3861534,-1.2248611,0.1067
22,0,126000,20,-1.5610951,0.24224007,-1.3771547,0.1371
22,0,126500,20,-1.5475397,0.37859115,-1.0382026,0.1659
22,0,127000,20,-1.5011158,0.39361697,1.8492204,0.1928
22,0,127500,20,-1.0875272,-0.3890328,1.5301229,0.2175
22,0,128000,20,-0.8396088,-2.2790163,1.2172015,0.2401
22,0,128500,21,-0.6553042,-1.5510225,0.81698954,0.26
22,0,129000,21,-0.5207307,0.18762632,0.6635465,0.2775
22,0,129500,21,-0.5792885,1.0506457,0.57432574,0.2921
22,0,130000,21,-0.6104103,0.8720795,0.5974229,0.3047
22,0,130500,21,-0.48186854,0.1920678,1.1588022,0.3151
22,0,131000,21,-0.26259243,-0.5257458,0.83415025,0.3237
22,0,131500,21,-0.35829827,-0.091350295,0.60282737,0.3303
22,0,132000,21,-0.48289445,0.5394479,0.18100241,0.3351
22,0,132500,22,-0.8348648,0.2789516,-0.8637658,0.3384
22,0,133000,22,-0.96177524,1.4094468,-0.5053498,0.3402
22,0,133500,22,-1.0928129,0.50945735,-0.0669556,0.3408
22,0,134000,22,-1.311279,0.25221813,-0.01925968,0.3403
22,0,134500,22,-1.3810267,-0.056922954,-0.7664859,0.3389
22,0,135000,22,-1.723767,0.6948809,-1.9042226,0.3369
22,0,135500,22,-1.8583809,0.48710895,-1.7226149,0.3338
22,0,136000,22,-1.8636957,0.29552373,-1.5095885,0.3304
22,0,136500,22,-1.8663135,-0.73778534,-0.1357329,0.3261
22,0,137000,22,-1.7556916,0.8054244,1.8780485,0.3208
22,0,137500,22,-1.6844004,0.83266544,1.2400675,0.3145
22,0,138000,23,-1.2511345,0.25157893,0.9275925,0.3071
22,0,138500,23,-1.099505,0.69603705,0.8410537,0.2987
22,0,139000,23,-0.9661166,0.23354042,0.57196736,0.2891
22,0,139500,23,-1.0243924,0.78779006,-0.6050174,0.2781
22,0,140000,23,-1.0745828,0.0023484742,-1.3377168,0.266
22,0,140500,23,-1.1654727,-1.1899562,-0.9915371,0.2528
22,0,141000,23,-1.3036547,-0.29879794,-0.8138895,0.2387
22,0,141500,23,-1.3920004,-0.35699308,-0.5915653,0.2239
22,0,142000,23,-1.4538906,0.5602171,1.9662352,0.2084
22,0,142500,23,-1.4262214,0.42051026,0.9842104,0.1923
22,0,143000,23,-1.231133,-0.09411388,0.74598956,0.1758
22,0,143500,23,-1.2411737,0.6719873,0.4704625,0.1592
22,0,144000,23,-1.2511345,-0.085024126,-0.79217494,0.1427
22,0,144500,23,-1.310374,0.41962665,-1.1951668,0.1266
22,0,145000,23,-1.3268663,0.2788247,-1.5821674,0.1109
22,0,145500,23,-1.4805866,-0.29397106,-1.4119827,0.0956
22,0,146000,24,-1.4790263,0.42487183,-1.0927279,0.0809
22,0,146500,24,-1.4736823,0.09769224,-0.55154145,0.0668
22,0,147000,24,-1.4781513,0.8036384,-0.41748443,0.0535
22,0,147500,24,-1.4840273,-0.34860831,-0.7547359,0.0408
22,0,148000,24,-1.4927043,-0.7361168,-0.69843435,0.0289
22,0,148500,24,-1.4977133,-1.5154954,-0.59264994,0.0178
22,0,149000,24,-1.443407,-0.29712003,-0.49871242,0.0074
22,0,149500,24,-1.4114538,0.21215081,-0.39406657,-0.0025
22,0,150000,24,-1.302032,0.40379712,-0.3540276,-0.0117
22,0,150500,24,-1.2535436,-0.7663941,-0.30586332,-0.0207
22,0,151000,25,-1.2108884,-2.1978006,-0.24366358,-0.0293
22,0,151500,25,-1.1925685,-0.5731498,2.4729612,-0.038
22,0,152000,25,-0.9083757,1.0246454,2.558493,-0.0467
22,0,152500,25,-0.6135565,1.5799197,1.5607699,-0.0555
22,0,153000,25,-0.55305785,1.2509307,0.99051684,-0.0645
22,0,153500,25,-0.46399134,1.1426479,0.6025423,-0.0737
22,0,154000,26,-0.49142215,0.5972012,-0.2265093,-0.0831
22,0,154500,26,-0.5704688,0.20645913,-1.5115217,-0.0929
22,0,155000,26,-0.95026255,0.88007885,-1.4001396,-0.1028
22,0,155500,26,-1.0336871,1.0870001,-1.2506639,-0.1129
22,0,156000,26,-1.5280665,-0.13731608,-1.0006083,-0.1233
22,0,156500,26,-1.5379682,-0.3104069,-0.90612054,-0.1339
22,0,157000,26,-1.5870048,-0.74410677,-0.7580499,-0.1448
22,0,157500,26,-1.5806448,-0.30198923,0.43826282,-0.1555
22,0,158000,26,-1.5676147,-0.05117488,0.80233604,-0.1663
22,0,158500,26,-1.3521786,0.8250938,-0.16987045,-0.1774
22,0,159000,26,-1.1873547,0.59168345,-0.45447934,-0.1885
22,0,159500,26,-0.8943625,0.085110396,-0.5473529,-0.1997
22,0,160000,26,-0.85390407,0.33213654,-0.5428799,-0.2108
22,0,160500,26,-0.85112137,0.036855716,-0.54698086,-0.2216
22,0,161000,26,-0.9377544,-0.47555003,-0.38426927,-0.2322
22,0,161500,26,-1.0796821,0.24246097,-0.24362768,-0.2423
22,0,162000,26,-1.214957,-0.25246084,0.05988658,-0.2521
22,0,162500,27,-1.2488427,-0.26049313,3.2627163,-0.2613
22,0,163000,27,-0.92654747,-0.12757772,3.4940963,-0.2701
22,0,163500,27,-0.5456295,-0.11282919,2.9464622,-0.2782
22,0,164000,27,-0.48789737,-0.44537616,2.3951921,-0.2858
22,0,164500,27,-0.4550258,0.46372184,1.1887906,-0.2929
22,0,165000,27,-0.43991727,-1.3796942,0.43523654,-0.3
22,0,165500,27,-0.43298805,-3.0534081,0.13257843,-0.3066
22,0,166000,27,-0.81718224,-1.6967078,0.13156237,-0.3125
22,0,166500,27,-0.954871,-0.40306696,0.121451065,-0.3179
22,0,167000,27,-1.3956414,-0.36834353,-0.52241623,-0.3229
22,0,167500,27,-1.4779762,-0.05107148,-1.3579266,-0.3274
22,0,168000,28,-1.6529373,-0.22524327,-1.8970109,-0.3315
22,0,168500,28,-1.660479,0.28452107,-1.8989307,-0.3353
22,0,169000,28,-1.6712421,-0.36691943,1.9085301,-0.3386
22,0,169500,28,-1.5154732,0.8865601,1.9896572,-0.3416
22,0,170000,28,-1.4155272,0.63878196,1.3087839,-0.3445
22,0,170500,28,-1.1101875,0.26980543,1.1121448,-0.3473
22,0,171000,29,-1.0382638,0.72630966,0.6996231,-0.3501
22,0,171500,29,-0.9622234,0.55077016,0.054706477,-0.353
22,0,172000,29,-0.7992582,0.10929648,-0.122510105,-0.3557
22,0,172500,29,-0.8678556,0.5371214,-0.31100315,-0.3584
22,0,173000,29,-0.92820066,-0.13041651,-1.2172348,-0.3611
22,0,173500,29,-1.1157926,0.44510993,-1.6893727,-0.364
22,0,174000,29,-1.1536874,0.11126107,0.42335516,-0.3667
22,0,174500,29,-1.2108884,-0.18047598,0.20496534,-0.3696
22,0,175000,29,-1.1896298,0.31336015,-1.2630842,-0.3726
22,0,175500,29,-1.1781458,0.27553943,-1.2836779,-0.3757
22,0,176000,29,-1.1945148,-0.14191736,-1.0205861,-0.379
22,0,176500,29,-1.258579,0.012486327,1.8103918,-0.3827
22,0,177000,29,-1.5213734,-0.3501029,1.2860187,-0.3867
22,0,177500,29,-1.437984,0.16554113,0.5721964,-0.3907
22,0,178000,29,-1.3476454,-0.20252359,-0.59001374,-0.3949
22,0,178500,29,-1.3086606,0.34167752,-1.3841262,-0.3994
22,0,179000,29,-1.3027022,0.44070604,0.59826124,-0.4038
22,0,179500,29,-1.3736687,0.02928875,1.0840981,-0.4084
22,0,180000,29,-1.396137,0.40065753,-0.62911284,-0.4132
22,0,180500,30,-1.4527824,0.06879677,-1.275953,-0.4181
22,0,181000,30,-1.4713767,0.46112746,-1.0446275,-0.4229
22,0,181500,30,-1.4908855,-0.46855646,-1.6288487,-0.4281
22,0,182000,30,-1.3226249,-0.7045988,0.59513515,-0.4332
22,0,182500,30,-1.023748,-0.6718211,2.561454,-0.4381
22,0,183000,30,-0.63831097,0.06512138,2.0097098,-0.4428
22,0,183500,30,-0.5991536,-0.27577275,1.360968,-0.4473
22,0,184000,30,-0.59204763,0.49728438,1.0185213,-0.4513
22,0,184500,30,-0.62331086,0.9028173,0.69398105,-0.4551
22,0,185000,30,-0.92340493,0.24159618,0.34938928,-0.4586
22,0,185500,30,-1.0960761,0.21255031,-0.035362292,-0.4617
22,0,186000,31,-1.5314021,-0.31831694,-0.30281776,-0.4645
22,0,186500,31,-1.5813358,0.13989805,-0.517757,-0.4669
22,0,187000,31,-1.6621186,-0.25044927,-0.7919616,-0.4691
22,0,187500,31,-1.7064481,0.24895164,-1.5707436,-0.4709
22,0,188000,31,-1.7707694,-0.20509917,-2.1637018,-0.4723
22,0,188500,31,-1.7450335,0.4082151,-1.8663433,-0.4735
22,0,189000,31,-1.7160121,-0.17233092,-1.6294355,-0.4742
22,0,189500,31,-1.6962322,0.54118687,-1.3570491,-0.4748
22,0,190000,32,-1.6803083,-0.2221507,-1.1346194,-0.4753
22,0,190500,32,-1.5422665,0.42900312,-1.0636541,-0.4759
22,0,191000,32,-1.4870322,0.3168851,-1.0017841,-0.4765
22,0,191500,32,-1.3135562,-0.5402358,0.82956016,-0.4773
22,0,192000,32,-1.0329889,0.114372455,3.0075462,-0.4782
22,0,192500,32,-0.7965519,0.13255668,2.0846534,-0.4793
22,0,193000,32,-0.63862675,-0.15746489,1.5437355,-0.4803
22,0,193500,32,-0.47187427,0.15465127,1.6862307,-0.4815
22,0,194000,33,-0.40344802,0.30364528,1.757416,-0.4829
22,0,194500,33,-0.36483032,0.15134248,1.4560485,-0.4846
22,0,195000,33,-0.3445697,-0.18793015,0.5644677,-0.4863
22,0,195500,33,-0.23233324,0.32097882,-0.08710379,-0.4882
22,0,196000,33,-0.2887431,0.051425647,-0.16951913,-0.4902
22,0,196500,33,-0.40515026,-0.5834192,-0.16592994,-0.4923
22,0,197000,34,-0.7419099,-1.4869759,0.56620514,-0.4943
22,0,197500,34,-0.79790986,-0.77264506,1.3552825,-0.4964
22,0,198000,34,-0.76319665,-0.44594955,0.8654844,-0.4983
22,0,198500,34,-0.63862675,-0.35582277,0.2356631,-0.4999
22,0,199000,34,-0.7238719,0.39863655,-1.0916938,-0.5016
22,0,199500,34,-0.7898269,0.4315505,-1.5694847,-0.503
22,0,200000,34,-0.8796668,0.06422369,-2.2109606,-0.5043
22,0,200500,34,-0.92111474,0.41519457,-2.4411712,-0.5056
22,0,201000,34,-0.95363295,0.123838216,-1.4485866,-0.5065
22,0,201500,34,-1.0124135,-0.3329574,2.0727646,-0.5071
22,0,202000,34,-0.77522224,0.11118587,1.7156229,-0.5073
22,0,202500,34,-0.7648914,0.32786897,0.69214827,-0.5073
22,0,203000,34,-0.8095007,0.0014507782,0.17261712,-0.5071
22,0,203500,35,-0.7455598,0.40561602,-0.9727219,-0.5065
22,0,204000,35,-0.78929216,0.3875446,-2.1912022,-0.5055
22,0,204500,35,-0.84274864,0.20001076,1.5471742,-0.5043
22,0,205000,35,-0.7366097,-0.39580548,1.7786374,-0.5029
22,0,205500,35,-0.76571625,0.20941542,1.3415793,-0.5012
22,0,206000,35,-0.79385054,0.3241748,0.92208064,-0.4993
22,0,206500,35,-0.95199114,-0.19555351,0.9082264,-0.4968
22,0,207000,35,-1.0123024,0.279619,0.5949682,-0.4939
22,0,207500,35,-1.088442,-0.29385826,-0.055497345,-0.4905
22,0,208000,35,-1.3462077,0.31520724,-2.2180493,-0.4868
22,0,208500,35,-1.4874603,-0.23119815,-2.1545813,-0.4833
22,0,209000,36,-1.634009,0.45717478,-0.9938055,-0.4795
22,0,209500,36,-1.689318,-0.10960971,0.25541735,-0.4753
22,0,210000,36,-1.6235372,0.34750548,-0.280718,-0.4708
22,0,210500,36,-1.603503,0.3050412,-1.2515404,-0.4656
22,0,211000,36,-1.4805866,-0.31987733,-1.0661647,-0.4601
22,0,211500,36,-1.4417212,0.04269309,-0.9092326,-0.4541
22,0,212000,36,-1.3662765,-0.75032955,0.5607072,-0.4476
22,0,212500,36,-1.2705256,-0.06524192,2.185009,-0.4405
22,0,213000,36,-1.1509124,0.043299384,1.6916968,-0.4329
22,0,213500,36,-0.8499194,-0.24532159,1.2677953,-0.4246
22,0,214000,36,-0.7467709,0.12867919,0.78430927,-0.416
22,0,214500,36,-0.75932163,-0.0151683455,-0.34041378,-0.4078
22,0,215000,37,-0.8796668,-0.6617209,-2.5815856,-0.399
22,0,215500,37,-1.1065487,-0.23949832,-1.7524842,-0.3897
22,0,216000,37,-1.259068,-0.90462047,0.82420003,-0.3792
22,0,216500,37,-1.3340533,-1.3972111,0.7126329,-0.3683
22,0,217000,37,-1.3539035,-1.6553292,-0.67579067,-0.3569
22,0,217500,37,-1.4208969,-1.054075,-1.1497403,-0.3452
22,0,218000,37,-1.4273385,0.33436903,-0.468626,-0.3333
22,0,218500,37,-1.4386913,0.032113437,-0.5194801,-0.3212
22,0,219000,37,-1.4365656,0.64174765,-1.3897142,-0.309
22,0,219500,37,-1.4351486,-0.05785355,2.2213047,-0.2968
22,0,220000,37,-1.1243529,-0.2828227,2.5223992,-0.2849
22,0,220500,37,-0.9620658,0.28984615,2.0154452,-0.2731
22,0,221000,37,-0.76770276,0.20018466,1.6023698,-0.2623
22,0,221500,37,-0.5177763,0.08621019,1.1480287,-0.2521
22,0,222000,38,-0.53177357,-0.47823372,0.75010836,-0.2415
22,0,222500,38,-0.562817,-1.0603966,0.2123684,-0.2315
22,0,223000,38,-0.6048411,-1.1687733,-0.8179675,-0.2221
22,0,223500,38,-0.81921166,0.22142386,-1.7922703,-0.2136
22,0,224000,38,-0.9194938,0.78509694,-0.506416,-0.2057
22,0,224500,38,-1.08406,0.3228165,-0.3482569,-0.1985
22,0,225000,38,-1.1804713,-0.030607775,-1.2665815,-0.1922
22,0,225500,38,-1.2271036,-0.85745144,-1.5685749,-0.1867
22,0,226000,38,-1.3005334,-0.5522631,-0.65734136,-0.1821
22,0,226500,38,-1.3073974,0.13557406,-0.6578535,-0.1784
22,0,227000,38,-1.3211939,-0.08351543,0.63535887,-0.1755
22,0,227500,38,-1.2484456,0.35628036,2.4140937,-0.1735
22,0,228000,38,-1.1668252,0.4145648,1.745344,-0.1721
22,0,228500,38,-0.89923507,0.1050853,0.9660791,-0.1707
22,0,229000,38,-0.87405324,0.923892,0.5580235,-0.1697
22,0,229500,39,-0.87034535,0.53189975,-1.6526794,-0.1693
22,0,230000,39,-0.95671195,-0.5796592,-2.7562234,-0.1696
22,0,230500,39,-1.0333742,-0.45005733,-2.4322648,-0.1706
22,0,231000,39,-1.1058602,-0.8521546,-1.9569918,-0.1723
22,0,231500,39,-1.136815,-0.09726757,-1.6065125,-0.1746
22,0,232000,39,-1.1209356,-0.034945853,-1.5091326,-0.1775
22,0,232500,39,-1.0796669,0.02464047,-1.2574883,-0.1811
22,0,233000,39,-0.88435304,0.33640882,-0.97990054,-0.1851
22,0,233500,39,-0.65511763,0.22809313,1.0501622,-0.1895
22,0,234000,39,-0.39301655,0.50597465,2.3571975,-0.1944
22,0,234500,39,-0.17689015,-1.2517279,1.3387179,-0.1997
22,0,235000,39,-0.2036665,-1.1308163,0.38492808,-0.2054
22,0,235500,39,-0.1437966,-0.46196708,-0.47026357,-0.2114
22,0,236000,39,-0.21139151,0.13146158,-0.72106695,-0.2179
22,0,236500,39,-0.33810905,0.13950324,1.4350158,-0.2247
22,0,237000,39,-0.6759647,0.0835641,1.454129,-0.2313
22,0,237500,39,-0.75892895,0.5054107,0.95157534,-0.2379
22,0,238000,39,-0.83533823,0.50476205,0.6353956,-0.2444
22,0,238500,39,-0.9137753,-0.07709996,0.46178046,-0.2504
22,0,239000,39,-0.94672126,0.34669238,-0.35961127,-0.2562
22,0,239500,39,-0.9847795,-0.17891559,-1.2285519,-0.2617
22,0,240000,39,-1.1237428,0.17501158,-0.6506582,-0.2669
22,0,240500,39,-1.1329969,0.046988867,2.1645634,-0.2717
22,0,241000,40,-1.088442,-0.052227676,1.5608181,-0.2762
22,0,241500,40,-0.9581407,0.20113876,0.5654391,-0.2803
22,0,242000,40,-0.9065345,0.19537188,0.07486633,-0.284
22,0,242500,40,-0.8845784,-0.1552841,-0.19120657,-0.2873
22,0,243000,40,-0.95532036,0.28928214,-1.5152223,-0.2903
22,0,243500,40,-0.99581844,0.29080024,-1.3897128,-0.2931
22,0,244000,40,-1.0752627,-0.23047905,-1.3253759,-0.2955
22,0,244500,40,-1.0475186,0.28257057,-1.1224974,-0.2981
22,0,245000,40,-1.0255586,0.24509296,-0.9604518,-0.3007
22,0,245500,40,-0.99403846,-0.8167732,-0.39101228,-0.3033
22,0,246000,40,-0.95858043,0.023456076,-0.23890045,-0.3064
22,0,246500,40,-0.92340493,0.3874835,-0.46643192,-0.3097
22,0,247000,40,-0.90905714,-0.040891327,-0.39963332,-0.3132
22,0,247500,40,-0.87907624,0.20605494,2.7404976,-0.317
22,0,248000,40,-0.82975906,0.115415856,2.4020622,-0.3211
22,0,248500,40,-0.6442017,-0.4182432,1.7631418,-0.3253
22,0,249000,40,-0.53770834,-0.096144274,0.90160596,-0.3297
22,0,249500,40,-0.55769354,-0.023745805,0.28405324,-0.3344
22,0,250000,40,-0.6827872,-0.2842797,-0.058077767,-0.3391
22,0,250500,40,-1.0234802,0.2960078,-0.776262,-0.344
22,0,251000,40,-1.1779804,-0.13574629,-0.59327495,-0.3489
22,0,251500,40,-1.5359014,0.30778596,-0.5507183,-0.3539
22,0,252000,40,-1.6170273,0.28964874,-0.52889836,-0.3588
22,0,252500,40,-1.4943032,-0.77584577,-0.97863114,-0.3635
22,0,253000,40,-1.4870409,-0.33285868,-1.7735415,-0.3679
22,0,253500,41,-1.4632676,-0.7326905,0.5406968,-0.372
22,0,254000,41,-1.3755554,0.06725988,2.3031049,-0.3756
22,0,254500,41,-1.302032,-0.14784403,1.2007368,-0.3787
22,0,255000,41,-1.0404562,0.0051073614,0.41114345,-0.3812
22,0,255500,41,-0.89196545,0.37856293,0.12890433,-0.3831
22,0,256000,41,-0.7617034,0.24731134,-0.66277593,-0.3845
22,0,256500,41,-0.7471955,-0.29300287,-0.7932639,-0.3855
22,0,257000,41,-0.7999724,0.033100434,0.95174104,-0.3859
22,0,257500,41,-0.81270224,-0.027806588,1.5285248,-0.3857
22,0,258000,42,-0.70449686,-0.2873441,-0.5605314,-0.3851
22,0,258500,42,-0.8309474,0.22987913,-1.6404817,-0.3839
22,0,259000,42,-0.9006977,-0.03133627,-2.041153,-0.3823
22,0,259500,42,-0.9377544,-0.5879829,-1.4177887,-0.3803
22,0,260000,42,-1.0919305,-0.21867271,-0.7004586,-0.3777
22,0,260500,42,-1.2630205,-0.7256923,-0.3963158,-0.3747
22,0,261000,42,-1.3189068,-0.12808062,-0.45867255,-0.3711
22,0,261500,42,-1.336362,-0.28299192,0.23587875,-0.3668
22,0,262000,42,-1.4977849,0.41769496,1.2850074,-0.3619
22,0,262500,42,-1.4354446,0.2554188,1.0832953,-0.3561
22,0,263000,42,-1.2630205,-0.037596643,-0.733602,-0.3495
22,0,263500,42,-1.039155,-0.5541431,1.5427186,-0.3419
22,0,264000,43,-0.73960173,-1.5285754,2.0840456,-0.3333
22,0,264500,43,-0.4262614,-1.4165186,1.4792367,-0.3235
22,0,265000,43,-0.42058447,-1.3914912,0.6797781,-0.3125
22,0,265500,43,-0.4158623,-0.479122,-0.826653,-0.3005
22,0,266000,43,-0.5032375,-0.10563823,1.3391857,-0.2872
22,0,266500,43,-0.67732155,0.124129616,1.6342602,-0.2728
22,0,267000,43,-0.81217855,0.733416,1.1396841,-0.2573
22,0,267500,43,-0.903479,0.7735068,0.7127499,-0.2407
22,0,268000,43,-1.0928129,0.44424045,0.28794822,-0.2235
22,0,268500,43,-1.3008854,0.7370209,0.08636632,-0.2056
22,0,269000,43,-1.6375055,0.43406498,-0.5413572,-0.1873
22,0,269500,43,-1.6639723,0.45994306,-0.35177398,-0.1688
22,0,270000,43,-1.6952932,-1.3641232,-0.6733042,-0.1502
22,0,270500,43,-1.7350761,-0.5027723,-0.6874278,-0.1317
22,0,271000,43,-1.7792233,-0.68095785,-1.144008,-0.1137
22,0,271500,44,-1.7676674,0.31390533,-1.6809299,-0.0961
22,0,272000,44,-1.7565647,-0.16564286,-1.3732632,-0.0791
22,0,272500,44,-1.5041425,-0.38662642,-0.8800531,-0.0631
22,0,273000,44,-1.3475989,-0.22242329,-1.1051804,-0.0481
22,0,273500,44,-1.035118,-0.38341635,-0.99052745,-0.0345
22,0,274000,44,-0.980088,-0.19184524,-1.3754123,-0.0221
22,0,274500,44,-0.94856536,-0.40338656,-1.565018,-0.0107
22,0,275000,45,-0.92820066,-1.2417452,-1.4535668,-0.0004
22,0,275500,45,-0.89355946,-0.5802608,-0.36274436,0.0089
22,0,276000,45,-0.6493836,-0.06547692,2.1770682,0.0173
22,0,276500,45,-0.26432353,0.4273957,0.45785016,0.0249
22,0,277000,45,-0.35743198,-0.093653284,-0.85227895,0.0319
22,0,277500,45,-0.21961014,-0.8863657,0.32376948,0.0381
22,0,278000,45,-0.07375539,-1.5905493,1.0586904,0.0436
22,0,278500,45,-0.069164544,-1.0408822,0.23598234,0.0487
22,0,279000,45,-0.2319796,-0.5315174,-0.62059045,0.0534
22,0,279500,45,-0.48185968,0.41943866,-0.5383831,0.0579
22,0,280000,45,-0.695205,0.8470521,-0.76859367,0.0623
22,0,280500,45,-0.9801319,0.4493493,-0.15032455,0.0669
22,0,281000,45,-1.2335719,0.6573939,0.12751883,0.072
22,0,281500,45,-1.3401319,0.05769072,0.21898797,0.0774
22,0,282000,45,-1.4568709,0.063302495,-0.55776155,0.0745
22,0,282500,45,-1.4657438,-0.40268156,-1.0037858,0.0712
22,0,283000,45,-1.4597803,0.18581682,-0.79931945,0.0677
22,0,283500,45,-1.4717252,1.3949286,-0.8384136,0.0639
22,0,284000,45,-1.4943032,0.74076205,-0.70273846,0.0598
22,0,284500,45,-1.3828208,0.48453334,-0.6012561,0.0553
22,0,285000,45,-1.3211939,-0.5313905,0.18377951,0.0507
26,0,500,1,0.19388048,-0.014421049,-0.6946704,-0.0109
26,0,1000,1,0.34182414,-0.20134859,-0.5624001,-0.0003
26,0,1500,1,0.48471415,-0.18112928,0.73480767,0.0127
26,0,2000,1,0.57711774,-0.19023784,1.8946992,0.0275
26,0,2500,1,0.6187654,0.14405753,1.1245637,0.044
26,0,3000,1,0.66298,-0.017377336,-0.56048703,0.0632
26,0,3500,1,0.70508385,-0.15783149,-0.55773,0.0833
26,0,4000,1,0.71471846,-0.010261568,-0.8574622,0.1039
26,0,4500,1,0.7201557,-0.6940567,0.35519853,0.1301
26,0,5000,1,0.7247473,0.12788959,2.6773584,0.1579
26,0,5500,1,0.7970235,-0.13966607,1.8284725,0.1838
26,0,6000,1,0.87282956,-0.0683862,1.0057403,0.2062
26,0,6500,1,0.9084951,0.012326528,0.4151613,0.226
26,0,7000,1,0.96568394,0.15937005,-1.591082,0.2407
26,0,7500,1,1.023843,0.1480196,-1.3092523,0.2521
26,0,8000,1,1.0399625,-0.028046286,-1.0511363,0.2599
26,0,8500,2,1.083358,0.08135511,-0.6267466,0.2617
26,0,9000,2,1.1567098,0.21702938,-0.8031966,0.2595
26,0,9500,2,1.2286941,0.30721727,-0.91161025,0.2537
26,0,10000,2,1.289222,-0.0684708,0.8614546,0.2435
26,0,10500,2,1.3252515,0.07929652,1.9536216,0.2293
26,0,11000,2,1.3452975,-0.07340108,1.5365409,0.2127
26,0,11500,2,1.2180418,-0.25467923,-0.9629841,0.1943
26,0,12000,2,0.79947877,0.11918993,-1.303591,0.1741
26,0,12500,2,0.30713293,0.4304037,-1.0682249,0.1529
26,0,13000,2,-0.2923243,0.04183299,-0.9317996,0.1316
26,0,13500,2,-0.50040555,0.09549735,-0.7754315,0.1103
26,0,14000,2,-0.43667385,-0.42402887,-0.38985527,0.0892
26,0,14500,2,-0.29992455,0.22341666,2.2243118,0.0686
26,0,15000,2,-0.33810905,-0.0066942843,1.9105287,0.0484
26,0,15500,2,-0.025480254,0.02035409,1.0797347,0.0288
26,0,16000,2,0.15124065,0.039219804,0.3367428,0.01
26,0,16500,2,0.2598234,-0.018002432,-1.2602065,-0.0079
26,0,17000,2,0.36171013,0.09830323,-1.2934738,-0.0249
26,0,17500,2,0.44601238,-0.3718638,-0.022903727,-0.0396
26,0,18000,2,0.57101476,0.21718918,2.0539398,-0.0539
26,0,18500,2,0.69495624,0.034646727,1.5032973,-0.0674
26,0,19000,2,0.68512017,-0.06441472,0.98660433,-0.0803
26,0,19500,2,0.68951637,-0.008719975,-0.69427675,-0.0927
26,0,20000,2,0.68832123,-0.024507202,-1.562192,-0.1046
26,0,20500,2,0.7105406,0.036672417,-1.2238841,-0.1161
26,0,21000,2,0.71120906,0.07430514,-1.1969384,-0.1273
26,0,21500,2,0.77989316,0.1501675,-1.0252664,-0.138
26,0,22000,2,0.8457191,-0.12689152,-0.8675125,-0.1486
26,0,22500,2,0.9429882,-0.55640846,0.62253755,-0.159
26,0,23000,2,1.0191916,-0.08543772,1.4780374,-0.1691
26,0,23500,3,0.9829991,0.044869177,0.44551328,-0.1789
26,0,24000,3,0.8360389,-0.18452266,-1.0119584,-0.1883
26,0,24500,3,0.34386772,0.013539122,-0.9654323,-0.1977
26,0,25000,3,-0.22039823,-0.25194386,-0.8025643,-0.2067
26,0,25500,3,-0.56295764,0.23356391,-0.66042197,-0.2154
26,0,26000,3,-0.2625778,0.24327876,-0.54353994,-0.2237
26,0,26500,3,0.16111054,-0.12568833,-0.4339915,-0.2315
26,0,27000,3,0.20721117,0.27694002,-0.3528411,-0.2389
26,0,27500,3,0.113718584,-0.1324657,-0.29079747,-0.2457
26,0,28000,3,-0.0046900455,-0.29920214,1.217732,-0.2519
26,0,28500,3,-0.088376656,0.037485514,2.1997056,-0.2578
26,0,29000,3,-0.10066172,0.276752,1.9829451,-0.2633
26,0,29500,3,-0.16990528,-0.30239812,1.5986563,-0.2683
26,0,30000,3,-0.47035235,0.065346986,1.0906286,-0.2728
26,0,30500,3,-0.68029135,0.09850063,-0.009616729,-0.277
26,0,31000,3,-0.7941159,0.0016528773,-1.4410927,-0.2809
26,0,31500,3,-0.44756025,-0.18626165,-1.3767786,-0.2849
26,0,32000,3,-0.22644714,-0.27628034,-1.0550059,-0.2888
26,0,32500,3,-0.03959938,-0.35362318,1.1363187,-0.2927
26,0,33000,3,0.13504364,0.31602034,2.0801752,-0.2967
26,0,33500,3,0.31245995,0.18001705,1.7804703,-0.3008
26,0,34000,3,0.46177024,-0.020709619,0.81894404,-0.3051
26,0,34500,3,0.55554914,0.084706195,-1.1918157,-0.3098
26,0,35000,3,0.49044678,-0.03523255,-1.0339208,-0.315
26,0,35500,3,0.48992178,0.06723168,-1.5949825,-0.3207
26,0,36000,3,0.4463095,-0.23320034,-0.58514357,-0.3271
26,0,36500,3,0.5006559,0.00092908065,-0.03975686,-0.3342
26,0,37000,3,0.5040934,-0.08312063,-0.7663704,-0.3419
26,0,37500,3,0.5048304,0.012547427,-0.8878072,-0.3501
26,0,38000,3,0.49753425,0.11012368,-0.50502294,-0.3587
26,0,38500,3,0.43461052,0.17547217,-0.756145,-0.3676
26,0,39000,3,0.35829064,0.1724407,-0.71846205,-0.3766
26,0,39500,3,0.37169784,0.2584503,-0.59808505,-0.3856
26,0,40000,3,0.36358902,-0.19042113,-0.49791113,-0.3947
26,0,40500,3,0.24431334,0.35579625,-0.41453138,-0.4037
26,0,41000,3,0.17288445,0.062362496,-0.34393936,-0.4125
26,0,41500,3,0.15779935,-0.6404958,-0.24965285,-0.4212
26,0,42000,3,0.2299246,-0.18424067,0.5741588,-0.4295
26,0,42500,4,0.30857402,-0.09848956,-0.22304647,-0.4372
26,0,43000,4,0.2981009,0.08636059,-0.30760917,-0.4443
26,0,43500,4,0.27680683,-0.08374573,0.14078279,-0.4508
26,0,44000,4,0.105152,-0.3474051,1.8911716,-0.4565
26,0,44500,4,0.1939835,0.085241996,1.8178681,-0.4617
26,0,45000,4,0.30172437,0.023347978,1.5672678,-0.4661
26,0,45500,4,0.34778306,-0.064461716,0.97182065,-0.4701
26,0,46000,5,0.37630153,-0.21075794,-1.2527561,-0.4737
26,0,46500,5,0.42345834,-0.19383802,-1.0713445,-0.4768
26,0,47000,5,0.46771044,-0.56128705,-0.2560451,-0.4796
26,0,47500,5,0.5326807,0.09614124,2.2934816,-0.4819
26,0,48000,5,0.68124634,0.296647,1.8916537,-0.4838
26,0,48500,5,0.64050925,0.23997468,1.7839546,-0.4853
26,0,49000,5,0.6904985,0.14662841,1.3635288,-0.4864
26,0,49500,5,0.6721094,0.22549875,1.0443255,-0.4872
26,0,50000,5,0.52808493,-0.20348237,0.71315724,-0.4879
26,0,50500,5,0.42180797,-0.2837533,-0.71821547,-0.4885
26,0,51000,5,0.3353205,-0.3290141,-1.3849835,-0.4889
26,0,51500,5,0.25104094,0.0013473787,-1.5045823,-0.4892
26,0,52000,5,0.2656081,0.14472961,-1.778825,-0.4893
26,0,52500,5,0.35704616,0.123250715,-1.4984692,-0.4895
26,0,53000,5,0.42977372,0.33984452,-1.2428412,-0.4895
26,0,53500,5,0.51028615,0.17812297,-1.0281742,-0.4893
26,0,54000,5,0.5938216,-0.13866028,-0.8272754,-0.4889
26,0,54500,5,0.59847087,0.22446005,0.029012268,-0.4882
26,0,55000,5,0.6619976,0.07150395,0.8310866,-0.4876
26,0,55500,5,0.61317325,-0.32163513,-0.5180596,-0.4871
26,0,56000,5,0.4297271,0.12393221,-0.7806049,-0.4869
26,0,56500,5,0.13492219,0.06533288,-0.64735675,-0.4867
26,0,57000,5,-0.12334413,-0.07525287,-0.5328555,-0.4869
26,0,57500,5,-0.34767637,0.44471043,-0.44533622,-0.4872
26,0,58000,5,-0.49990174,-0.27311257,-0.36902252,-0.4877
26,0,58500,5,-0.66919523,0.17705137,-0.30468413,-0.4883
26,0,59000,5,-0.78636014,0.0841563,-0.24973135,-0.4889
26,0,59500,5,-0.6718405,-0.75509065,-0.2058741,-0.4895
26,0,60000,5,-0.6089253,-0.16664864,0.23941045,-0.4897
26,0,60500,5,-0.41981542,-0.05516516,0.81411874,-0.4899
26,0,61000,6,-0.16701566,0.05329624,-0.2290337,-0.4901
26,0,61500,6,0.011398681,0.36010143,-0.32639465,-0.4903
26,0,62000,6,-0.0028803202,-0.14200667,-0.26486486,-0.4904
26,0,62500,6,0.023101673,0.13148507,-0.22262219,-0.4905
26,0,63000,6,0.08533288,0.031953637,-0.18888177,-0.4903
26,0,63500,6,0.16806376,-0.3060876,-0.15292686,-0.4901
26,0,64000,6,0.30938524,-0.28685528,-0.1287693,-0.4895
26,0,64500,6,0.48302364,0.44156614,-0.10014772,-0.4887
26,0,65000,7,0.6123451,0.075668134,-0.07934881,-0.4877
26,0,65500,7,0.7325679,-0.093601584,-0.05758841,-0.4866
26,0,66000,7,0.805168,-0.29559255,-0.041231927,-0.4856
26,0,66500,7,0.75033754,0.15652186,0.1312764,-0.485
26,0,67000,7,0.6285677,0.021167187,0.18535525,-0.4848
26,0,67500,7,0.31135958,-0.44088298,-0.038177617,-0.4853
26,0,68000,8,-0.18482746,-0.16003108,-0.107217535,-0.4865
26,0,68500,8,-0.4839786,-0.09938726,-0.09020771,-0.4881
26,0,69000,8,-0.81460106,0.14980559,-0.06674288,-0.4905
26,0,69500,8,-0.7283161,0.18758872,-0.052163776,-0.4938
26,0,70000,8,-0.7160927,-0.011008864,-0.04072886,-0.4979
26,0,70500,8,-0.71900326,0.33278984,-0.030493546,-0.503
26,0,71000,8,-0.4939084,-1.0523877,0.11265318,-0.5093
26,0,71500,8,-0.16124336,0.119706936,1.2765839,-0.5169
26,0,72000,8,-1.6834567e-06,0.07949862,0.9590233,-0.5257
26,0,72500,8,0.110174425,-0.12056536,-0.0019276966,-0.5355
26,0,73000,8,0.1950527,0.06974617,-0.3655518,-0.5462
26,0,73500,8,0.21242288,0.29890302,-0.3736876,-0.5575
26,0,74000,8,0.16921431,-0.37811947,-0.21882522,-0.5689
26,0,74500,8,0.28379485,-0.050192583,-0.11752843,-0.5805
26,0,75000,8,0.264295,0.04860096,-0.06756635,-0.5922
26,0,75500,8,0.29632628,-0.0043113953,-0.13674575,-0.6037
26,0,76000,8,0.27789143,-0.18825445,-0.22182994,-0.615
26,0,76500,8,0.22217192,0.021811085,-0.18148045,-0.626
26,0,77000,8,0.17734592,0.18244694,-0.14938116,-0.6364
26,0,77500,8,0.17990494,0.25207242,-0.12276135,-0.6461
26,0,78000,8,0.21015377,-0.20539998,-0.10135111,-0.6547
26,0,78500,8,0.19504304,0.036381017,-0.08119826,-0.6621
26,0,79000,8,0.15726021,-0.33341798,-0.06095787,-0.6681
26,0,79500,9,0.21969326,0.075616434,-0.044078477,-0.6728
26,0,80000,9,0.272607,-0.0899497,-0.036971882,-0.6758
26,0,80500,9,0.22678307,0.068886064,-0.030709188,-0.6775
26,0,81000,9,0.08919974,0.3041952,-0.020148514,-0.6779
26,0,81500,9,-0.032834392,-0.17375031,-0.022039695,-0.6771
26,0,82000,9,-0.08720104,0.11769534,0.0065305308,-0.6752
26,0,82500,10,-0.06791934,-0.41655588,0.007449421,-0.672
26,0,83000,10,0.055396736,0.028029155,-0.0197788,-0.6676
26,0,83500,10,0.19255492,0.09837373,-0.016552323,-0.6631
26,0,84000,10,0.21590202,0.04256149,-0.0052262475,-0.6577
26,0,84500,10,0.25180772,0.2560768,0.010096374,-0.6516
26,0,85000,10,0.24348597,-0.33543897,0.026642237,-0.6449
26,0,85500,10,0.3018479,-0.12553324,0.01588518,-0.6376
26,0,86000,10,0.35677585,0.29472473,-0.0048218076,-0.6299
26,0,86500,11,0.45507064,0.17997946,0.014374803,-0.6221
26,0,87000,11,0.5427868,0.12060933,0.034209006,-0.6141
26,0,87500,11,0.5994349,-0.0902176,0.028471556,-0.6065
26,0,88000,11,0.57045066,-0.8084871,0.016206454,-0.5993
26,0,88500,11,0.4245384,-0.9835472,0.00767411,-0.5926
26,0,89000,11,0.21368447,-0.21335234,0.012489458,-0.5865
26,0,89500,12,-0.06972815,-0.035115052,0.009358694,-0.5813
26,0,90000,12,-0.19433726,0.94506073,0.0068509313,-0.5771
26,0,90500,12,-0.278416,-0.5428866,0.00027483908,-0.574
26,0,91000,12,-0.24486348,0.092945255,0.30325773,-0.5715
26,0,91500,12,0.012306807,0.41597477,0.83316916,-0.5695
26,0,92000,12,0.105152,0.09646554,0.3489338,-0.5685
26,0,92500,12,0.04380739,0.11333846,-0.17127696,-0.5686
26,0,93000,12,0.019795537,-0.36133116,-0.26178488,-0.5699
26,0,93500,12,0.045523077,-1.0889865,-0.20926748,-0.5722
26,0,94000,12,0.11202914,-0.5892942,-0.17003329,-0.5755
26,0,94500,12,0.23005122,-0.38525873,0.061513677,-0.5795
26,0,95000,12,0.4301,-0.07719866,0.069860436,-0.5841
26,0,95500,12,0.46468621,-0.117712475,-0.1689002,-0.5889
26,0,96000,12,0.5366252,0.12020043,-0.10665436,-0.5941
26,0,96500,12,0.5366252,0.77616704,-0.08984908,-0.5992
26,0,97000,12,0.48873913,0.41792527,-0.074732475,-0.6042
26,0,97500,12,0.37000015,0.26599845,-0.06032553,-0.6088
26,0,98000,12,0.32346818,0.3499213,-0.047218286,-0.6129
26,0,98500,12,0.29273617,0.18418594,-0.0381461,-0.6164
26,0,99000,13,0.2501097,0.33225405,-0.032186884,-0.6197
26,0,99500,13,0.22315459,0.21020502,-0.025838982,-0.6223
26,0,100000,13,0.2019093,-0.42725304,-0.022599082,-0.6243
26,0,100500,13,0.065415874,7.36846e-05,0.495384,-0.6256
26,0,101000,13,0.22103907,0.12159632,1.2252815,-0.6261
26,0,101500,13,0.28881025,0.13059679,1.8690808,-0.6261
26,0,102000,13,0.27166626,0.052835643,1.5097264,-0.6255
26,0,102500,13,0.16240793,0.382102,-0.4710255,-0.6247
26,0,103000,13,-0.024874978,0.28946075,-0.6873082,-0.6237
26,0,103500,13,-0.12038132,-0.33861616,-0.7304867,-0.6225
26,0,104000,14,-0.096358836,-0.22492369,-0.5858672,-0.6213
26,0,104500,14,-0.031326406,0.15925725,-0.4803921,-0.6202
26,0,105000,14,0.060605593,0.12481111,-0.3998691,-0.6191
26,0,105500,14,0.18085138,0.147841,-0.32826832,-0.6181
26,0,106000,14,0.315163,0.23222442,-0.26378432,-0.6173
26,0,106500,14,0.41390386,0.3231596,-0.21840152,-0.6164
26,0,107000,14,0.52755433,0.283332,-0.18001443,-0.6152
26,0,107500,14,0.5366252,-0.219655,-0.15007186,-0.6131
26,0,108000,14,0.47525752,-0.17125462,-0.119885325,-0.6101
26,0,108500,14,0.26067552,-0.73660094,-0.09594866,-0.6055
26,0,109000,14,0.21754543,-0.20770296,0.24623924,-0.5995
26,0,109500,14,0.15632349,-0.09579177,-0.15355979,-0.5917
26,0,110000,14,0.037573453,-0.008437976,-0.13138269,-0.5837
26,0,110500,14,-0.6105124,-0.21360143,-0.096559405,-0.5736
26,0,111000,14,-0.6177631,0.211756,-0.07437705,-0.5613
26,0,111500,14,-0.6218063,0.26483756,-0.056220144,-0.5467
26,0,112000,14,-0.6218063,-0.38169146,-0.04709339,-0.5293
26,0,112500,15,-0.55182314,0.3443988,0.073081076,-0.5093
26,0,113000,15,-0.38922855,0.08742748,0.15774184,-0.4869
26,0,113500,15,-0.23581927,-0.07499437,-0.0035819327,-0.4621
26,0,114000,15,-0.15295261,-0.5119138,2.9607735,-0.4353
26,0,114500,15,-0.21148397,-0.31971756,2.691633,-0.407
26,0,115000,15,-0.19489019,-0.26270682,-1.0346377,-0.3777
26,0,115500,15,-0.14298455,0.35072497,1.7533447,-0.3479
26,0,116000,15,-0.0963429,0.08067361,2.6135213,-0.3182
26,0,116500,15,-0.059434604,0.43930078,2.1085484,-0.2892
26,0,117000,15,0.05050355,0.31063417,0.93606186,-0.2613
26,0,117500,15,0.22390896,-0.09629467,1.5611595,-0.2331
26,0,118000,15,0.29150918,0.07300795,0.29074606,-0.2069
26,0,118500,15,0.39466465,-0.032309167,0.19840938,-0.1829
26,0,119000,15,0.48659977,0.0834372,-0.19480889,-0.1615
26,0,119500,15,0.5744682,0.056163225,-1.3722271,-0.1433
26,0,120000,15,0.61317325,0.41197038,-1.5758635,-0.1279
26,0,120500,15,0.59566736,0.055744927,-1.1380523,-0.1153
26,0,121000,15,0.570985,-0.4981287,1.4989312,-0.1055
26,0,121500,15,0.5832256,0.13684775,1.6384875,-0.0986
26,0,122000,15,0.6330404,-0.1776278,1.2971566,-0.0945
26,0,122500,15,0.63206303,-0.07655476,0.16471332,-0.093
26,0,123000,15,0.4785193,0.18406373,-1.3549207,-0.0937
26,0,123500,15,0.21015377,-0.0901142,-2.2420185,-0.0967
26,0,124000,15,0.13615982,-0.29344466,-1.776652,-0.1005
26,0,124500,15,0.044195887,-0.12558964,-1.4970491,-0.1054
26,0,125000,15,0.013081456,0.3002613,-1.262229,-0.1111
26,0,125500,15,0.06460155,0.27176064,-1.0640979,-0.1172
26,0,126000,15,0.16330688,0.2993965,-0.8869671,-0.1233
26,0,126500,15,0.25180772,0.027911656,-0.78208053,-0.1294
26,0,127000,15,0.3352825,0.17778456,-0.6579597,-0.1353
26,0,127500,15,0.3986516,0.23376131,-0.5480162,-0.141
26,0,128000,15,0.42861816,-0.036703646,-0.4588917,-0.1466
26,0,128500,15,0.44706333,-0.13962847,-0.38183066,-0.1521
26,0,129000,15,0.4583606,-0.94208395,0.0517826,-0.1571
26,0,129500,15,0.5225226,-0.08217124,1.3510431,-0.1619
26,0,130000,15,0.5762011,-0.025682196,1.7724826,-0.1663
26,0,130500,16,0.53218204,0.10816849,1.2517537,-0.1705
26,0,131000,16,0.45089838,0.1256947,0.47040707,-0.1749
26,0,131500,16,0.40470347,-0.16764504,-0.70442337,-0.1799
26,0,132000,16,0.37327558,-0.21484223,-0.7894722,-0.1851
26,0,132500,16,0.5178406,-0.23565373,-0.32340276,-0.1907
26,0,133000,16,0.6074533,0.41626617,-0.827665,-0.1968
26,0,133500,16,0.6476967,-0.22791286,-0.59988284,-0.2034
26,0,134000,16,0.7110671,-0.39682537,0.22960176,-0.2106
26,0,134500,16,0.7975551,-0.07749006,0.9030448,-0.2185
26,0,135000,16,0.8657807,-0.094875276,-0.104481585,-0.227
26,0,135500,16,0.85373265,-0.0473209,-0.04694107,-0.2361
26,0,136000,16,0.76984537,-0.06291073,-0.39819998,-0.2457
26,0,136500,16,0.6745106,-0.025578797,-0.5129583,-0.2558
26,0,137000,16,0.5903193,0.033321332,-0.39321774,-0.2662
26,0,137500,17,0.5655773,0.3246401,-0.5337808,-0.2769
26,0,138000,17,0.61097836,0.1948831,-0.44314626,-0.2876
26,0,138500,17,0.6563853,-0.12785503,-0.36916608,-0.2982
26,0,139000,17,0.71713346,-0.47465703,0.041162107,-0.3085
26,0,139500,17,0.80827075,-0.26637748,0.068082474,-0.3185
26,0,140000,17,0.8115354,-0.18300457,0.043880552,-0.3278
26,0,140500,17,0.7756363,-0.11295609,-0.15553384,-0.3365
26,0,141000,17,0.6600176,0.021289388,-0.24519438,-0.3445
26,0,141500,17,0.47619587,0.3839867,-0.2428436,-0.3515
26,0,142000,17,0.42595583,-0.13877778,-0.22731526,-0.3577
26,0,142500,17,0.32507396,0.3217449,-0.19068512,-0.3629
26,0,143000,18,0.29204324,0.24314247,-0.15876995,-0.3673
26,0,143500,18,0.33350876,0.34763238,-0.12944308,-0.3709
26,0,144000,18,0.375221,-1.3164936,0.14744292,-0.3736
26,0,144500,18,0.48347685,-0.3940571,1.3540502,-0.3758
26,0,145000,18,0.5871416,0.0183472,1.4954919,-0.3775
26,0,145500,18,0.6181415,0.06805417,1.3886596,-0.3788
26,0,146000,18,0.6333911,0.07906152,1.2672776,-0.3799
26,0,146500,18,0.59556717,0.07156035,0.95536906,-0.3811
26,0,147000,18,0.5366252,0.032766733,0.7479493,-0.3823
26,0,147500,18,0.5366252,0.17212579,0.17077965,-0.3839
26,0,148000,18,0.5366252,0.044775177,-0.7522442,-0.3857
26,0,148500,18,0.57423425,-0.22302018,-0.97112566,-0.3879
26,0,149000,18,0.62849057,0.10093522,-0.9928514,-0.3905
26,0,149500,18,0.6671401,-0.22439729,-0.8963346,-0.3935
26,0,150000,18,0.7222737,0.08066891,-0.7417874,-0.397
26,0,150500,18,0.71648526,0.32637438,-0.61880517,-0.4007
26,0,151000,18,0.69735986,-0.31420445,-0.48678026,-0.4047
26,0,151500,18,0.7059213,0.23887488,-0.36253658,-0.4087
26,0,152000,18,0.7186802,-0.29713884,-0.07240738,-0.4127
26,0,152500,18,0.6077842,-0.017349135,0.18761088,-0.4167
26,0,153000,18,0.40770298,0.22788633,0.5731349,-0.4204
26,0,153500,18,0.22232692,0.24444436,-0.4451953,-0.4238
26,0,154000,18,0.12768486,-0.032304466,-0.41634464,-0.4268
26,0,154500,18,0.105152,-0.56061023,-0.34406015,-0.4293
26,0,155000,18,0.16216744,0.21511179,-0.2842815,-0.4313
26,0,155500,18,0.17511785,0.23984778,-0.23310173,-0.433
26,0,156000,18,0.25159234,0.05539243,-0.1924091,-0.4342
26,0,156500,18,0.35802898,-0.11064371,-0.027658962,-0.4349
26,0,157000,19,0.48619136,0.28489706,0.27264106,-0.4351
26,0,157500,19,0.61943054,0.03838321,0.5992607,-0.4348
26,0,158000,19,0.69476444,0.013985621,0.4245819,-0.4341
26,0,158500,19,0.71416324,-0.33304667,1.4105598,-0.4331
26,0,159000,19,0.689916,0.35585263,1.9747194,-0.4317
26,0,159500,19,0.6871177,-0.28779528,1.1981788,-0.4301
26,0,160000,19,0.70758665,-0.17936678,-0.5956094,-0.428
26,0,160500,19,0.6690897,-0.043260116,-0.434592,-0.4256
26,0,161000,19,0.60347927,0.16601582,-0.8883952,-0.4229
26,0,161500,19,0.61297935,-0.1342282,-0.82299465,-0.4197
26,0,162000,19,0.6585662,-0.005157391,-0.6805789,-0.4163
26,0,162500,19,0.6367448,0.10684309,-0.5597683,-0.4123
26,0,163000,19,0.62487656,0.025749667,-0.46382055,-0.4079
26,0,163500,19,0.63009214,0.03162934,-0.38575923,-0.4033
26,0,164000,19,0.5819247,0.0076312497,-0.309374,-0.3984
26,0,164500,19,0.5666831,-0.33818847,-0.1939612,-0.3935
26,0,165000,19,0.6264816,-0.24548139,0.2347871,-0.3884
26,0,165500,19,0.66276664,-0.2447106,0.36067715,-0.3833
26,0,166000,19,0.61418957,-0.20598276,0.7291017,-0.3787
26,0,166500,19,0.51363844,0.20921332,1.4381679,-0.3742
26,0,167000,19,0.37891284,0.31009835,0.80903554,-0.3701
26,0,167500,19,0.15303446,-0.3030514,-0.57722986,-0.3667
26,0,168000,19,0.13046302,0.09160576,-0.7496582,-0.364
26,0,168500,19,0.07074817,-0.4162316,-0.61493963,-0.3622
26,0,169000,19,0.081106685,-0.38786253,-0.28537053,-0.3615
26,0,169500,19,0.1237304,-0.037309945,-0.38058642,-0.3619
26,0,170000,19,0.15303446,-0.08316293,0.3535011,-0.3637
26,0,170500,19,0.16806023,0.041287795,0.96160024,-0.3667
26,0,171000,19,0.31998748,-0.09976795,-0.10984699,-0.3705
26,0,171500,19,0.4336144,-0.0672065,-0.6080519,-0.3752
26,0,172000,19,0.5181779,0.22325686,-0.5011084,-0.3804
26,0,172500,19,0.56646156,0.025806066,-0.41536245,-0.3861
26,0,173000,19,0.6267309,0.07725673,-0.3383761,-0.392
26,0,173500,19,0.6929206,-0.27990872,0.8446088,-0.3977
26,0,174000,19,0.76153296,-0.50733596,1.708507,-0.4027
26,0,174500,19,0.79057145,-0.25274286,1.6864989,-0.4069
26,0,175000,19,0.6759364,-0.06354522,-0.15277804,-0.4103
26,0,175500,20,0.3857997,0.169052,-0.83314914,-0.4122
26,0,176000,20,0.04225356,0.55030483,-0.8335381,-0.4126
26,0,176500,20,-0.45145482,0.029603649,-0.6908968,-0.4113
26,0,177000,20,-0.40087804,0.038350306,-0.568043,-0.4079
26,0,177500,20,-0.3485499,-0.041558724,-0.45920888,-0.4023
26,0,178000,20,-0.29555154,0.16531552,-0.3744778,-0.3947
26,0,178500,21,-0.24553643,-0.1756491,-0.308709,-0.3853
26,0,179000,21,-0.26329207,0.04430988,-0.25527182,-0.374
26,0,179500,21,-0.201351,-0.5635054,-0.21535276,-0.3611
26,0,180000,21,-0.10651685,0.03825631,1.1196529,-0.3468
26,0,180500,21,-0.0035698926,0.23782209,1.8361568,-0.3313
26,0,181000,21,0.08024771,0.6182054,1.8208807,-0.3149
26,0,181500,21,0.18550552,-0.29535285,0.5759484,-0.2984
26,0,182000,21,0.27764574,0.024052974,0.32987052,-0.2819
26,0,182500,21,0.3998604,0.13014089,0.14191061,-0.2658
26,0,183000,21,0.45198402,-0.03299536,-1.1367886,-0.2503
26,0,183500,21,0.50957376,-0.18162277,-0.9858154,-0.2358
26,0,184000,21,0.5802576,-0.08796631,-0.8146587,-0.2224
26,0,184500,21,0.65403354,-0.15927908,-0.6713766,-0.2105
26,0,185000,21,0.7213388,0.056943424,-0.5483287,-0.2001
26,0,185500,21,0.7713916,-0.27879012,-0.4500019,-0.1913
26,0,186000,21,0.85625696,-0.5859525,-0.33853018,-0.1843
26,0,186500,21,0.9958348,0.28271627,1.3677647,-0.1791
26,0,187000,21,1.0300097,0.088809274,1.6289785,-0.1759
26,0,187500,21,0.8981921,0.021594886,1.3779775,-0.1743
26,0,188000,22,0.62082636,0.30238098,1.2132262,-0.1745
26,0,188500,22,0.21015377,0.15495206,1.0097126,-0.1762
26,0,189000,22,-0.3516442,0.0834701,0.20518449,-0.1791
26,0,189500,22,-0.38251007,-0.060673535,-0.9518514,-0.183
26,0,190000,22,-0.42133692,0.10048402,-0.992699,-0.1875
26,0,190500,22,-0.498965,0.09949703,-1.1279761,-0.1925
26,0,191000,22,-0.2657133,-0.28183103,-0.8650226,-0.1977
26,0,191500,22,0.052942112,0.0825301,-0.70643157,-0.2028
26,0,192000,23,0.18647227,-0.68833685,-0.67009175,-0.2078
26,0,192500,23,0.1484114,-0.68655086,-0.55670524,-0.2127
26,0,193000,23,0.017619694,-0.25067487,-0.44873282,-0.2175
26,0,193500,23,-0.17689015,-0.16375816,0.6403379,-0.2222
26,0,194000,23,-0.10701799,0.22701684,2.0599725,-0.2267
26,0,194500,23,-0.00759371,-0.08190334,1.5965106,-0.2311
26,0,195000,23,0.06130425,0.08170761,1.3483676,-0.2352
26,0,195500,24,0.095925145,0.1499936,1.0827099,-0.2392
26,0,196000,24,0.11082095,0.21310021,0.30362278,-0.2433
26,0,196500,24,0.12849309,0.20957051,-1.3005582,-0.2475
26,0,197000,24,0.12100443,-0.2833961,-0.37960216,-0.2523
26,0,197500,24,0.24853128,-0.023379207,0.3759487,-0.2577
26,0,198000,24,0.32820278,0.15871675,0.7137899,-0.2639
26,0,198500,24,0.42017898,0.055467628,0.74838996,-0.2711
26,0,199000,24,0.48087656,-0.11872297,0.28196597,-0.2797
26,0,199500,24,0.4944651,-0.123855345,0.206483,-0.2895
26,0,200000,24,0.44710448,-0.034254957,-0.03286416,-0.3003
26,0,200500,24,0.36507556,-0.060537238,-1.1550541,-0.3121
26,0,201000,24,0.32238144,0.109263584,-1.3946505,-0.3247
26,0,201500,24,0.3372309,0.011292533,-0.94810086,-0.3381
26,0,202000,24,0.32864594,-0.23406984,0.59215814,-0.3521
26,0,202500,24,0.4000432,0.20455565,0.8285797,-0.3666
26,0,203000,24,0.4664329,-0.09910526,0.6819316,-0.3815
26,0,203500,24,0.44226468,0.015160616,0.58280206,-0.3964
26,0,204000,24,0.43134287,-0.09558027,-1.1143854,-0.4113
26,0,204500,24,0.3969854,0.028273555,-1.28788,-0.4257
26,0,205000,24,0.33419862,0.1051182,-1.1314952,-0.4397
26,0,205500,24,0.28025365,0.026290163,-0.937134,-0.4531
26,0,206000,24,0.21751131,0.29150054,-0.7728499,-0.4654
26,0,206500,24,0.15303446,-0.3280271,-0.64414454,-0.4765
26,0,207000,24,0.039277177,0.0401175,-0.5258029,-0.4866
26,0,207500,24,0.0077004097,-0.0018768064,-0.43321997,-0.4955
26,0,208000,24,-0.006930274,-0.66071504,-0.2556357,-0.5031
26,0,208500,24,-0.0044193803,0.20785972,0.5467447,-0.5094
26,0,209000,24,0.08614628,0.16504763,1.3507881,-0.5143
26,0,209500,24,0.2019093,-0.35660297,0.93821627,-0.5179
26,0,210000,24,0.2694762,-0.02701699,-0.29261133,-0.5199
26,0,210500,24,0.31004936,-0.056072257,-0.76708853,-0.5203
26,0,211000,24,0.37788406,-0.051503878,-0.6344838,-0.5192
26,0,211500,24,0.4436648,0.009370241,-0.520605,-0.5163
26,0,212000,24,0.48456046,0.2561097,-0.42870077,-0.5117
26,0,212500,24,0.51006633,0.37544215,-0.34381124,-0.5053
26,0,213000,24,0.5188651,-0.13861328,-0.283292,-0.4969
26,0,213500,24,0.503147,-0.36815083,-0.22682211,-0.4868
26,0,214000,24,0.5081008,-0.5007184,0.103774466,-0.4751
26,0,214500,25,0.4259739,0.060073607,0.56917244,-0.4615
26,0,215000,25,0.4349945,-0.50606227,0.20120311,-0.4465
26,0,215500,25,0.31306213,0.3425329,-0.2716966,-0.43
26,0,216000,25,0.060556334,-1.0808274,-0.3235055,-0.4122
26,0,216500,25,-0.1391069,-1.282635,-0.2606238,-0.3934
26,0,217000,25,-0.24943613,-0.42526025,-0.21273586,-0.3739
26,0,217500,25,-0.12038132,-0.764735,-0.17310803,-0.354
26,0,218000,26,-0.042114366,0.84636587,-0.13951673,-0.3341
26,0,218500,26,0.030912088,0.6636965,-0.11383799,-0.3145
26,0,219000,26,0.07018286,0.023239877,-0.09685121,-0.2957
26,0,219500,26,0.11207251,-0.21383172,0.38198203,-0.2779
26,0,220000,26,0.19963339,0.05535483,1.4315326,-0.2614
26,0,220500,26,0.32373598,0.5210005,1.0164247,-0.2465
26,0,221000,26,0.42838606,0.36952958,1.0081838,-0.2333
26,0,221500,26,0.52721554,-0.09450398,-0.46716902,-0.2219
26,0,222000,26,0.55401915,0.24704345,-0.6746643,-0.2123
26,0,222500,26,0.5073091,0.1917952,-0.54872733,-0.2047
26,0,223000,26,0.4376753,0.0843772,-0.4484104,-0.1989
26,0,223500,26,0.39438653,0.11431136,-0.36744416,-0.195
26,0,224000,26,0.37668416,-0.27070618,-0.3083892,-0.1927
26,0,224500,26,0.4259087,0.18647012,-0.25083554,-0.1918
26,0,225000,26,0.5399985,0.17403398,-0.20252419,-0.1922
26,0,225500,26,0.62499416,-0.1539023,-0.16338016,-0.1936
26,0,226000,26,0.66495657,-0.70856553,0.44206563,-0.1958
26,0,226500,26,0.70208365,0.35448027,2.190754,-0.1986
26,0,227000,26,0.7005391,0.15321778,2.085924,-0.2018
26,0,227500,26,0.682659,-0.20949365,1.3941458,-0.2052
26,0,228000,26,0.5746141,-0.4400135,0.83911264,-0.2087
26,0,228500,26,0.3963983,-0.30077192,-0.68135744,-0.2123
26,0,229000,26,0.29680848,0.11277447,-0.9811293,-0.2158
26,0,229500,26,0.2486127,0.15225428,-1.048391,-0.2191
26,0,230000,26,0.2717542,-0.062464226,-0.8668446,-0.2221
26,0,230500,26,0.33619732,0.23002012,-0.7154451,-0.2247
26,0,231000,26,0.3955548,0.30647936,-0.58344233,-0.2269
26,0,231500,26,0.4452712,0.3422932,-0.47568035,-0.2285
26,0,232000,26,0.52587587,0.24537966,-0.390944,-0.2296
26,0,232500,26,0.62102664,0.19816837,-0.3250751,-0.2302
26,0,233000,27,0.6833842,-0.029042682,-0.2697672,-0.2303
26,0,233500,27,0.704365,-0.80287063,-0.22348563,-0.2299
26,0,234000,27,0.7733763,-0.2666548,-0.1491343,-0.2288
26,0,234500,27,0.7733763,-0.4173643,-0.13325024,-0.2271
26,0,235000,27,0.5483854,0.38023612,-0.14492151,-0.2247
26,0,235500,27,0.110149704,0.14444762,-0.11420128,-0.2218
26,0,236000,27,-0.18773879,0.18378644,-0.007491813,-0.2183
26,0,236500,27,-0.36594293,0.25177163,-0.110245585,-0.2143
26,0,237000,27,-0.43916205,-0.27054167,-0.079514265,-0.2099
26,0,237500,27,-0.46811706,-0.5850172,0.016027872,-0.2054
26,0,238000,27,-0.3466251,0.20401515,1.3632948,-0.2009
26,0,238500,27,-0.14641239,0.5477716,1.551375,-0.1967
26,0,239000,27,-0.07703491,0.0028936716,1.4109014,-0.1929
26,0,239500,27,-0.041217636,-0.16315657,-0.1365666,-0.19
26,0,240000,28,-0.034646615,0.3457994,-0.467113,-0.188
26,0,240500,28,-0.003754561,0.19923057,-0.42926863,-0.1871
26,0,241000,28,0.033588488,-0.42445657,-0.35297418,-0.1875
26,0,241500,28,0.11061579,-0.012489358,1.1022848,-0.1893
26,0,242000,28,0.29743338,0.19884047,1.5428739,-0.1927
26,0,242500,28,0.32864594,-0.24074851,1.2358705,-0.1976
26,0,243000,28,0.3977679,-0.05356247,1.0659981,-0.2039
26,0,243500,28,0.42261764,0.17991365,1.0173024,-0.2115
26,0,244000,28,0.4329337,-0.089578405,-0.111440524,-0.2204
26,0,244500,28,0.44107237,0.088842176,-0.73829216,-0.2302
26,0,245000,28,0.45980108,0.0841375,-1.1542133,-0.2409
26,0,245500,28,0.4758972,0.050401054,-1.2420793,-0.2519
26,0,246000,28,0.49164328,-0.19568512,-1.0243443,-0.2632
26,0,246500,28,0.5232735,0.015094816,-0.85197693,-0.2745
26,0,247000,28,0.5469516,-0.37322208,-0.6858839,-0.2856
26,0,247500,28,0.5298456,-0.0013598088,0.15036038,-0.2961
26,0,248000,28,0.59146345,-0.06210703,0.0565142,-0.3059
26,0,248500,28,0.5650639,-0.07930425,-0.18275623,-0.3147
26,0,249000,28,0.52729124,-0.48452228,-0.6039156,-0.3224
26,0,249500,28,0.35445997,-0.11449299,-0.15245531,-0.329
26,0,250000,28,0.20536669,-0.028892282,1.550613,-0.3346
26,0,250500,28,0.22253963,-0.014552648,0.39796472,-0.3391
26,0,251000,28,0.26665878,-0.030823974,0.1750105,-0.3426
26,0,251500,28,0.27117077,-0.31067008,-0.37553763,-0.3453
26,0,252000,28,0.3227284,0.028729452,-0.30515832,-0.3471
26,0,252500,28,0.34260875,0.11365336,-0.3966143,-0.3482
26,0,253000,28,0.4349945,-0.19077833,-0.5159831,-0.3488
26,0,253500,28,0.4968827,0.13124068,-0.20484607,-0.3489
26,0,254000,28,0.5750193,0.48232436,-0.4882101,-0.3488
26,0,254500,28,0.6750132,-0.10224954,-0.43886724,-0.3485
26,0,255000,28,0.74102396,-0.20876515,-0.3582433,-0.3483
26,0,255500,28,0.76069266,-0.16127658,-0.29001546,-0.3483
26,0,256000,28,0.6710091,-0.056354254,-0.23296049,-0.3483
26,0,256500,29,0.40400803,0.1712798,-0.19369479,-0.3483
26,0,257000,29,0.07791177,0.28892025,-0.15750381,-0.3481
26,0,257500,29,-0.5058775,-0.19111204,-0.12413837,-0.3476
26,0,258000,29,-0.47539195,-0.4376682,-0.11678754,-0.3469
26,0,258500,29,-0.5633538,-0.42803794,0.52820057,-0.3457
26,0,259000,29,-0.6936725,0.043651883,0.5694158,-0.3438
26,0,259500,29,-0.7354933,0.119678736,0.25851223,-0.3409
26,0,260000,29,-0.78534424,0.12770629,0.34233114,-0.3369
26,0,260500,29,-0.8348648,-0.083853826,0.14442158,-0.3315
26,0,261000,29,-0.961129,0.17266159,0.0017618716,-0.3245
26,0,261500,29,-1.003121,0.22587945,-0.4279952,-0.3141
26,0,262000,29,-1.061983,-0.31105548,-0.34246632,-0.3015
26,0,262500,29,-0.9000862,-0.024563601,0.6002233,-0.2865
26,0,263000,29,-0.7405322,-0.013133255,1.6224214,-0.2693
26,0,263500,29,-0.5725671,0.1702928,1.5887524,-0.2498
26,0,264000,29,-0.43298805,-0.30246392,-0.5672449,-0.2281
26,0,264500,29,-0.35215116,0.2346684,-0.84179527,-0.2045
26,0,265000,29,-0.31237802,-1.090232,-0.6207512,-0.1792
26,0,265500,30,-0.21797718,0.61570036,-0.3401678,-0.1524
26,0,266000,30,-0.06544847,0.48331136,-0.5182945,-0.1246
26,0,266500,30,-0.032834392,-0.16481096,-0.4289596,-0.0961
26,0,267000,30,0.14299755,0.20107296,-0.34499365,-0.0677
26,0,267500,30,0.1849923,0.078803025,0.15639867,-0.0397
26,0,268000,30,0.23088652,0.15307678,0.14063601,-0.0127
26,0,268500,30,0.29576883,0.16103855,1.3013303,0.013
26,0,269000,30,0.33733517,0.21987288,0.7758872,0.0353
26,0,269500,30,0.33733517,-0.043786515,-0.7001423,0.0551
26,0,270000,30,0.3361708,0.44802392,-0.5298648,0.0723
26,0,270500,30,0.32895985,0.35995102,-0.48908025,0.0867
26,0,271000,30,0.35480654,-0.073706575,-0.39670944,0.098
26,0,271500,30,0.41941008,0.13781124,-0.31854656,0.106
26,0,272000,30,0.4780241,-0.62418216,-0.26999798,0.1106
26,0,272500,30,0.62838435,0.079066224,-0.21141662,0.1118
26,0,273000,30,0.70069945,0.02263358,-0.17386816,0.1097
26,0,273500,30,0.7326652,0.007899148,-0.14434929,0.1047
26,0,274000,30,0.75565755,0.020894589,-0.12045872,0.0968
26,0,274500,30,0.7270895,-0.023379207,-0.09474146,0.0865
26,0,275000,30,0.69131243,0.053573538,-0.06229579,0.0742
26,0,275500,30,0.6495469,-0.077757955,-0.044522602,0.0603
26,0,276000,30,0.6171627,-0.14333205,-0.051784724,0.0453
26,0,276500,30,0.6367337,0.26681626,-0.039962582,0.0298
26,0,277000,30,0.6621937,0.25344482,-0.028566472,0.0143
26,0,277500,30,0.64674157,0.22440836,-0.01685755,-0.0008
26,0,278000,30,0.5736777,0.21726908,-0.007588108,-0.015
26,0,278500,30,0.42595583,-0.32117453,-0.0038641072,-0.0279
26,0,279000,30,0.20997499,-0.12778923,-0.018790167,-0.0395
26,0,279500,30,0.20855434,-0.04259272,-0.014158073,-0.0491
26,0,280000,30,0.30909628,-0.20697446,-0.009548155,-0.0569
26,0,280500,30,0.3214702,-0.09407158,-0.008039237,-0.0624
26,0,281000,30,0.32389563,-0.05530616,-0.006414181,-0.0655
26,0,281500,30,0.37192154,0.51481533,0.0033632913,-0.0665
26,0,282000,30,0.41004843,-1.4580429,0.009383497,-0.0651
26,0,282500,30,0.49600396,-1.0257906,0.012577875,-0.0617
26,0,283000,30,0.5893281,-0.12990421,0.014322278,-0.0562
26,0,283500,31,0.6466112,0.094928645,0.016528023,-0.0492
26,0,284000,31,0.73312145,0.20694323,0.019322045,-0.0411
26,0,284500,31,0.7837188,-1.5325187,-0.009240594,-0.0325
26,0,285000,31,0.8568135,1.016007,-0.014275962,-0.0237
26,0,285500,31,0.83654803,0.15346688,-0.007930394,-0.0152
26,0,286000,31,0.866586,0.15017219,-0.0032831256,-0.0075
26,0,286500,31,0.75286496,0.45967987,-0.0008661141,-0.0007
26,0,287000,31,0.6320677,0.6257677,0.0038911644,0.0046
26,0,287500,31,0.5905741,0.2781949,0.004492864,0.0082
26,0,288000,31,0.57743233,0.2754454,0.0045847823,0.0095
26,0,288500,31,0.55090904,0.010399537,0.005435391,0.0087
26,0,289000,31,0.54176295,0.0839683,0.004845363,0.0057
26,0,289500,31,0.49719658,-0.27644014,-0.0058165668,0.0005
26,0,290000,31,0.45421904,0.007086052,-0.0048947586,-0.0082
26,0,290500,31,0.52149075,-0.029907478,-0.0024185106,-0.0191
26,0,291000,31,0.59564257,0.054565232,0.002764218,-0.0316
26,0,291500,31,0.56386507,-0.12967862,0.0015975861,-0.0455
26,0,292000,31,0.5576924,0.31046495,0.00070349895,-0.0603
26,0,292500,31,0.5938216,-0.27443326,-0.0011436195,-0.0756
26,0,293000,31,0.5381123,0.056976322,0.0014776547,-0.0909
26,0,293500,31,0.49543276,0.061018303,0.0068652295,-0.1059
26,0,294000,31,0.4611822,0.566172,0.008618971,-0.1197
26,0,294500,32,0.43471894,-0.17113243,0.006234933,-0.1321
26,0,295000,32,0.41577935,0.07788653,0.008309076,-0.1421
26,0,295500,32,0.36943713,-0.019774323,-0.00015586345,-0.1493
26,0,296000,32,0.295698,-0.03168407,0.0043034833,-0.1534
26,0,296500,32,0.22570838,-0.3689357,0.0045923693,-0.1538
26,0,297000,32,0.15303446,-0.46814287,0.0010271095,-0.1479
26,0,297500,32,0.02463515,-0.71192604,-0.009385036,-0.1394
26,0,298000,32,0.06811014,-0.07049179,0.7433461,-0.1297
26,0,298500,32,0.13865258,-0.10959561,1.3330228,-0.1189
26,0,299000,32,0.18057713,0.044925578,-0.15374275,-0.1073
26,0,299500,32,0.20234628,-0.113473095,-0.39475057,-0.0951
26,0,300000,32,0.28064644,-0.13578859,-0.31168422,-0.0823
27,0,500,1,1.4308151,0.14051844,3.6272204,0.0063
27,0,1000,1,1.5090357,0.45466498,2.8870347,-0.0069
27,0,1500,1,1.5535563,0.17986666,2.112243,-0.0225
27,0,2000,1,1.5931094,-0.4377669,0.67077476,-0.0399
27,0,2500,1,1.594759,-0.21257684,0.4940417,-0.0588
27,0,3000,1,1.573123,0.23047602,0.16209468,-0.0791
27,0,3500,1,1.5294985,0.300971,0.36510906,-0.1003
27,0,4000,1,1.4408543,0.33797863,0.30728608,-0.122
27,0,4500,2,1.28312,0.26883724,0.0933098,-0.1511
27,0,5000,2,1.246582,0.28783926,-0.7967796,-0.186
27,0,5500,2,1.1557838,0.33421394,-2.0730195,-0.2171
27,0,6000,2,1.1604502,0.54565656,-1.9093105,-0.2407
27,0,6500,2,1.1134703,0.321524,-1.5894303,-0.2603
27,0,7000,2,1.0556778,0.23164631,-1.3239373,-0.2763
27,0,7500,2,1.0430156,0.104121804,-1.1036519,-0.2884
27,0,8000,2,1.0015893,0.1477517,-0.92051345,-0.2967
27,0,8500,2,1.0626495,0.07977122,0.18081303,-0.3014
27,0,9000,2,1.2348372,0.11068297,2.6827335,-0.3025
27,0,9500,2,1.255322,0.02709386,2.3126826,-0.3007
27,0,10000,2,1.3047277,0.18529513,0.8543072,-0.296
27,0,10500,2,1.3450722,0.17630877,0.6126903,-0.2885
27,0,11000,2,1.3701757,0.24576035,-1.2770418,-0.2787
27,0,11500,2,1.3889011,0.22364695,-1.6631695,-0.2669
27,0,12000,2,1.4159858,0.08975867,-1.3836284,-0.253
27,0,12500,2,1.430065,0.13325228,-1.1518465,-0.2375
27,0,13000,3,1.453739,0.08094151,-0.9596756,-0.2211
27,0,13500,3,1.4502323,-0.1340919,0.07182194,-0.2037
27,0,14000,3,1.3794832,0.08682118,-0.27267122,-0.1853
27,0,14500,3,1.1995858,0.48140317,2.6739564,-0.1663
27,0,15000,3,1.3553704,0.31863353,3.974825,-0.148
27,0,15500,3,1.021849,0.15240468,3.141081,-0.1296
27,0,16000,3,0.91191745,-0.2654281,2.5672157,-0.1111
27,0,16500,3,0.80857193,0.20794433,2.0853248,-0.0933
27,0,17000,3,0.7199108,0.365309,1.7842062,-0.0757
27,0,17500,3,0.6606925,0.22038987,1.5239667,-0.0591
27,0,18000,3,0.7263383,0.19911776,0.72928673,-0.0436
27,0,18500,3,0.8522441,0.28250948,0.259891,-0.029
27,0,19000,3,0.91325915,0.40488753,-0.3187873,-0.016
27,0,19500,4,0.993722,0.2787824,-0.5701428,-0.0046
27,0,20000,4,1.190615,0.1283408,-0.5767717,0.005
27,0,20500,4,1.086472,0.1482358,-1.7328161,0.0131
27,0,21000,4,1.2800516,0.45455688,-2.1389134,0.0195
27,0,21500,4,1.2494662,0.3854061,-1.631554,0.024
27,0,22000,4,1.322341,0.034895822,-1.592836,0.0269
27,0,22500,4,1.3470464,0.026116265,-1.3325983,0.0291
27,0,23000,4,1.3671871,0.03790381,-1.5838584,0.0298
27,0,23500,4,1.3916198,0.017393105,-1.9387912,0.0287
27,0,24000,5,1.3829635,0.07492084,-1.616377,0.0263
27,0,24500,5,1.3594831,-0.0077940794,-1.3482215,0.0227
27,0,25000,5,1.3950256,0.09868863,-1.125338,0.0183
27,0,25500,5,1.3558488,0.07668803,-0.93982327,0.013
27,0,26000,5,1.2864473,0.07868552,-0.7852066,0.0071
27,0,26500,5,1.2474976,0.052050747,-0.65636355,0.001
27,0,27000,5,1.2149143,-0.16443495,-0.54905677,-0.0053
27,0,27500,5,1.1992828,0.1061005,-0.40990192,-0.0112
27,0,28000,5,1.2169428,0.06382889,3.1620498,-0.0169
27,0,28500,5,1.3804152,0.2591083,3.3291547,-0.0217
27,0,29000,5,1.3361076,0.22121237,2.4611626,-0.0255
27,0,29500,5,1.3829635,-0.19594361,1.2344623,-0.0279
27,0,30000,5,1.3805338,-0.15688209,0.7669096,-0.0283
27,0,30500,5,1.3701757,0.05715492,0.4819701,-0.027
27,0,31000,5,1.3875774,-0.5095826,-2.1941419,-0.0233
27,0,31500,5,1.3955878,-0.49558604,-1.928711,-0.0176
27,0,32000,5,1.3635036,0.23169331,-1.6048663,-0.0093
27,0,32500,6,1.4134558,0.23329131,1.1440101,0.0011
27,0,33000,6,1.4394014,0.29009995,3.219035,0.0145
27,0,33500,6,1.3891373,0.082511306,1.0791826,0.0307
27,0,34000,6,1.2314787,-0.15700899,-2.247193,0.0492
27,0,34500,6,1.1386482,-0.21924141,-1.8682008,0.0703
27,0,35000,6,1.0178045,-0.055832557,-1.5543841,0.0932
27,0,35500,6,0.8572363,-0.009979569,-1.2939602,0.1185
27,0,36000,6,0.7014427,0.048079263,1.4379604,0.1453
27,0,36500,6,0.71884334,0.11849434,2.3669777,0.1735
27,0,37000,6,0.7923558,0.22308296,1.8678068,0.2022
27,0,37500,6,0.7900211,0.11534065,1.0328611,0.2309
27,0,38000,6,0.7675656,-0.13726908,-1.2335429,0.2598
27,0,38500,6,0.796905,-1.096295,-1.9917784,0.2877
27,0,39000,6,0.84764266,-1.5456458,-0.62074274,0.3148
27,0,39500,6,0.9196479,-0.7301056,1.8319473,0.3403
27,0,40000,6,1.0213355,-0.28937447,1.0784557,0.3644
27,0,40500,7,1.0941372,-0.17397591,-0.21767144,0.3859
27,0,41000,7,1.1425264,0.09406385,-2.0019033,0.4047
27,0,41500,7,1.1609006,0.11891264,-1.6650181,0.4212
27,0,42000,7,1.1690408,-0.0005796124,-1.3857865,0.4347
27,0,42500,7,1.1901896,0.8435882,-1.1544491,0.4455
27,0,43000,7,1.2154454,0.08040101,0.25623673,0.4535
27,0,43500,7,1.3033884,-0.8892139,1.3849475,0.4585
27,0,44000,7,1.2325462,-0.7096419,0.49572486,0.4607
27,0,44500,7,1.2097223,-0.3681696,-1.0232147,0.4609
27,0,45000,7,1.0857098,-0.19244683,-1.1511471,0.4588
27,0,45500,7,0.891859,0.122536324,-0.958497,0.4544
27,0,46000,7,0.71369785,0.105513,-0.7989083,0.4487
27,0,46500,7,0.5601833,0.10740239,-0.66628516,0.4414
27,0,47000,7,0.48797706,0.2737252,-0.556194,0.4326
27,0,47500,7,0.45497638,0.0618032,-0.46477386,0.4231
27,0,48000,7,0.53992295,0.26016107,-0.38854566,0.4126
27,0,48500,7,0.6049451,0.13199738,0.5254188,0.4016
27,0,49000,7,0.72829163,-0.029921576,3.2503102,0.3903
27,0,49500,7,0.93014705,-0.0011342098,2.9054725,0.3787
27,0,50000,7,1.0377654,-0.07435987,2.4084468,0.3671
27,0,50500,7,1.0791702,0.07177185,1.349751,0.3554
27,0,51000,7,1.1276538,-0.12409975,0.18917525,0.3439
27,0,51500,7,1.2110015,0.011156234,0.25462714,0.3329
27,0,52000,7,1.2132316,0.21810098,0.17231715,0.3219
27,0,52500,7,1.2338114,0.1260848,-1.0781862,0.3111
27,0,53000,7,1.272505,-0.29404625,-1.9439884,0.3011
27,0,53500,7,1.2821779,-0.80977017,-1.6532397,0.2912
27,0,54000,8,1.3810349,-0.33745527,-1.3758556,0.2823
27,0,54500,8,1.361704,0.18138005,0.061955176,0.2742
27,0,55000,8,1.4451829,0.16565393,2.9804094,0.2667
27,0,55500,8,1.42395,0.3017465,1.5684274,0.2603
27,0,56000,8,1.3964254,0.4154578,0.4447899,0.2551
27,0,56500,8,1.2663244,0.24716094,0.35345557,0.2502
27,0,57000,8,1.270193,-0.106954224,0.46757072,0.2465
27,0,57500,8,1.2091651,-0.013683152,1.1012471,0.2441
27,0,58000,8,1.0087855,0.03196304,1.1566005,0.2424
27,0,58500,8,0.8967681,0.1280541,1.014514,0.2418
27,0,59000,9,0.8433228,0.1704949,0.4872418,0.2421
27,0,59500,9,0.84227633,0.18634322,0.21341832,0.2435
27,0,60000,9,0.87587667,0.10108562,-0.28400078,0.2462
27,0,60500,9,0.9413834,0.15949695,-0.22201085,0.2499
27,0,61000,9,1.0627209,0.0621134,-0.4247413,0.2547
27,0,61500,9,1.2042476,0.056675524,-2.5254009,0.2596
27,0,62000,9,1.2230009,0.084019996,-2.1925116,0.2653
27,0,62500,9,1.2756802,-0.05145688,-1.8256508,0.2715
27,0,63000,9,1.3014439,-0.015722943,-1.5207065,0.2783
27,0,63500,10,1.2994747,0.00324617,-1.2672987,0.2855
27,0,64000,10,1.3198233,0.011560432,-1.0569835,0.293
27,0,64500,10,1.2782594,0.13867605,-0.88215995,0.3007
27,0,65000,10,1.2386807,0.0832962,-0.7365002,0.3082
27,0,65500,10,1.2035046,-0.051184278,-0.6124228,0.3152
27,0,66000,10,1.1563,-0.038856234,2.3668218,0.3219
27,0,66500,10,1.2579839,-0.37663898,1.9042628,0.3285
27,0,67000,10,1.1247094,0.6409909,0.65113056,0.3344
27,0,67500,10,1.1477797,1.356196,-0.15290819,0.3395
27,0,68000,11,1.0689118,0.6019952,-1.3026123,0.3437
27,0,68500,11,1.033932,-0.26911756,-1.0945537,0.3465
27,0,69000,11,1.0679035,-0.47061506,-0.91110486,0.3485
27,0,69500,11,1.0822153,-0.44954035,-0.7590914,0.349
27,0,70000,11,1.1467987,-0.23735042,-0.6328815,0.3483
27,0,70500,11,1.2900809,-0.13868847,-0.5280939,0.3463
27,0,71000,11,1.2917253,0.05256304,0.6714882,0.343
27,0,71500,11,1.382928,0.06763117,2.787636,0.3387
27,0,72000,11,1.4400548,0.1479209,2.601319,0.3329
27,0,72500,11,1.4742669,-0.026481193,1.5024629,0.3259
27,0,73000,12,1.5005836,-0.14024417,1.2643284,0.3181
27,0,73500,12,1.464966,0.045310978,0.8272424,0.3091
27,0,74000,12,1.335633,0.035177823,0.757477,0.2978
27,0,74500,12,1.2097946,0.056901123,0.549839,0.2859
27,0,75000,12,1.0153488,0.02064549,-0.45891738,0.2735
27,0,75500,12,0.86850035,0.017632803,-1.5755026,0.2611
27,0,76000,12,0.7554819,0.06568068,-1.776006,0.2491
27,0,76500,12,0.72225785,0.0029876712,-1.6216519,0.2384
27,0,77000,12,0.7544625,0.022478482,-1.3498218,0.2289
27,0,77500,13,0.7858114,0.01627921,-1.1243174,0.2209
27,0,78000,13,0.8245657,0.04258969,-0.93694025,0.2146
27,0,78500,13,0.8647447,0.02502117,-0.78145725,0.2116
27,0,79000,13,0.915396,0.043628383,-0.65214205,0.2115
27,0,79500,13,0.9821286,0.01622751,-0.5443625,0.2146
27,0,80000,13,1.1171676,-0.038687035,-0.4547676,0.2213
27,0,80500,13,1.1616164,-0.07474527,-0.38016534,0.2321
27,0,81000,14,1.2162033,-0.1350178,-0.31807384,0.2467
27,0,81500,14,1.3112885,0.0007269816,-0.26617888,0.2663
27,0,82000,14,1.3961486,-0.17316282,-0.22302546,0.2894
27,0,82500,14,1.4571674,0.36743808,-0.10683965,0.318
27,0,83000,14,1.5098214,-0.12897833,2.0683367,0.3493
27,0,83500,14,1.5816168,-0.1545368,1.1825229,0.3828
27,0,84000,14,1.564796,-0.10100405,0.46669444,0.4179
27,0,84500,14,1.4631289,-0.008926774,0.31081486,0.4541
27,0,85000,15,1.2341642,0.02729596,0.75472236,0.4906
27,0,85500,15,0.9179224,-0.1976168,2.8919756,0.5268
27,0,86000,15,0.6721094,-0.49660593,3.4116855,0.5619
27,0,86500,15,-0.6528311,0.13395257,3.2385235,0.595
27,0,87000,15,-0.8603374,0.09658774,2.6951227,0.6255
27,0,87500,15,-0.5589247,0.09726924,1.6419107,0.6529
27,0,88000,16,-0.5704688,-0.47250444,0.62353176,0.6763
27,0,88500,16,-0.3972583,0.18200044,0.24774905,0.696
27,0,89000,16,-0.11527009,0.2364967,0.17970388,0.7119
27,0,89500,16,0.121712394,0.084945895,0.10833857,0.7228
27,0,90000,16,0.20779818,0.01198343,-0.26553047,0.7275
27,0,90500,16,0.26524585,0.22418745,-1.7326045,0.7285
27,0,91000,16,0.31998748,0.02286388,-2.9773543,0.7259
27,0,91500,16,0.49811867,-0.34677532,-2.6064036,0.7193
27,0,92000,16,0.66173446,0.019663194,-0.8506492,0.7099
27,0,92500,16,0.8943064,-0.089282304,0.95075387,0.6983
27,0,93000,16,0.9211091,-0.072305985,0.43669263,0.6848
27,0,93500,16,0.97302246,-0.10324594,-0.86425865,0.6683
27,0,94000,16,1.0518675,0.089424975,-1.3046995,0.6509
27,0,94500,16,1.113535,0.116835244,0.6350618,0.6333
27,0,95000,16,1.1854719,-0.3722539,1.0972555,0.6155
27,0,95500,17,1.2082969,-0.4855328,2.8645806,0.5985
27,0,96000,17,1.3217648,-0.2416039,3.0455034,0.5821
27,0,96500,17,1.4112952,-0.70826477,2.3441799,0.5665
27,0,97000,17,1.3753326,0.37152708,1.1584427,0.553
27,0,97500,17,1.4402117,1.0727451,0.7968691,0.5409
27,0,98000,17,1.454406,-0.058450446,0.54968756,0.5303
27,0,98500,17,1.4378117,-0.68188846,-0.07246661,0.5211
27,0,99000,17,1.3879893,-0.5922035,0.020732624,0.5139
27,0,99500,17,1.3249797,-0.3049032,-0.07763417,0.5079
27,0,100000,18,1.2234448,-0.034001157,-0.52919805,0.5026
27,0,100500,18,1.1589713,-0.105783924,-0.91055626,0.4977
27,0,101000,18,1.0646164,0.04697947,-1.4878566,0.4939
27,0,101500,18,1.0167515,-0.0077282796,-1.6488096,0.4905
27,0,102000,18,0.96508235,0.035600822,-0.799758,0.4873
27,0,102500,18,0.93693054,-0.10950631,-1.5598806,0.4841
27,0,103000,18,0.9598048,0.0001394843,-1.5364764,0.4811
27,0,103500,18,1.0907143,-0.057040453,-2.1550157,0.4781
27,0,104000,18,1.035272,-0.108782515,-1.6663706,0.4753
27,0,104500,18,1.1350571,-0.16976473,-1.0444058,0.4727
27,0,105000,18,1.1600236,0.05092745,-1.7041379,0.47
27,0,105500,18,1.2209393,0.24239047,-1.1701707,0.4678
27,0,106000,18,1.2895539,-0.21225254,2.2140472,0.4652
27,0,106500,18,1.3684881,-0.10655002,1.722089,0.4628
27,0,107000,18,1.4317745,-0.1330203,0.45676056,0.4615
27,0,107500,18,1.474686,-0.010003069,-1.4714634,0.4607
27,0,108000,18,1.5124171,-0.095852874,-1.7122941,0.4609
27,0,108500,18,1.5273561,0.011865931,-1.4320564,0.4627
27,0,109000,19,1.5444804,0.12128142,-1.1934009,0.4653
27,0,109500,19,1.5347029,0.12493331,-0.99536055,0.4686
27,0,110000,19,1.5054563,-0.40831214,-0.75793725,0.4729
27,0,110500,19,1.4765931,0.13737415,-0.54560703,0.4777
27,0,111000,19,1.3705078,0.20460734,-0.58109975,0.4828
27,0,111500,19,1.1700039,-0.24008581,-0.5217445,0.4879
27,0,112000,19,1.0862058,-0.20969574,-0.43638748,0.4932
27,0,112500,19,0.9745351,0.006517355,-0.36520484,0.4987
27,0,113000,20,0.8895872,0.10267891,-0.30627185,0.5039
27,0,113500,20,0.9002989,0.025801366,-0.25679415,0.5097
27,0,114000,20,0.91107446,-0.30194223,-0.21543768,0.5154
27,0,114500,20,0.92246515,-0.05529206,-0.18089919,0.5203
27,0,115000,20,0.9859952,-0.024192303,-0.15202257,0.5251
27,0,115500,20,1.1718494,-0.0032304002,-0.1279861,0.5296
27,0,116000,20,1.1595259,-0.2878329,0.13656564,0.5332
27,0,116500,20,1.1584902,-0.90103436,0.39014584,0.5369
27,0,117000,20,1.2217382,0.37052128,0.75201154,0.5405
27,0,117500,20,1.2983207,2.5489378,1.8848181,0.5438
27,0,118000,21,1.3840463,0.76824754,3.2588055,0.5474
27,0,118500,21,1.42588,-0.5695402,2.6708665,0.5512
27,0,119000,21,1.4342299,-1.0813913,1.4853958,0.5553
27,0,119500,21,1.406303,-0.666778,1.0957162,0.5599
27,0,120000,21,1.370333,-0.22397429,0.5973952,0.5649
27,0,120500,21,1.3300984,-0.09178269,0.21127823,0.5703
27,0,121000,21,1.1817334,0.08853198,-1.5479409,0.5763
27,0,121500,21,1.146547,0.20741323,-1.9214363,0.5829
27,0,122000,21,1.2833521,0.041536894,-1.5978799,0.5903
27,0,122500,22,1.2406032,-0.18524647,1.0588626,0.5983
27,0,123000,22,1.2798201,0.3458041,1.7787313,0.6069
27,0,123500,22,1.2304579,-0.19434091,1.7828689,0.6157
27,0,124000,22,1.1550248,-0.28991497,1.6934954,0.6247
27,0,124500,22,1.0586693,-0.31912065,1.362373,0.634
27,0,125000,22,1.0882124,-0.112937294,1.054538,0.6431
27,0,125500,22,1.0801531,-0.05906144,0.7169997,0.6521
27,0,126000,22,1.1629714,0.02713146,0.09298414,0.6608
27,0,126500,22,1.1806498,-0.106451325,0.281832,0.6692
27,0,127000,22,1.2185729,-0.04850529,0.97527474,0.6771
27,0,127500,22,1.2571466,-0.15734269,1.6450391,0.6845
27,0,128000,22,1.2916801,-0.19490962,1.1067251,0.6915
27,0,128500,23,1.3182918,-0.13905038,0.54908174,0.6978
27,0,129000,23,1.3386289,-0.136597,-0.021048145,0.7035
27,0,129500,23,1.3596046,0.13673966,-3.0459557,0.7081
27,0,130000,23,1.3870409,0.1710918,-3.1365325,0.7123
27,0,130500,23,1.3958067,0.087305285,-2.610682,0.7158
27,0,131000,23,1.406203,-1.0346924,-0.34633183,0.719
27,0,131500,23,1.3419404,-0.86566234,2.6530948,0.7217
27,0,132000,23,1.3087586,-0.12639333,2.7518456,0.7239
27,0,132500,23,1.1215178,-0.27080488,2.5131848,0.7261
27,0,133000,24,0.8716205,-0.011347263,2.2762246,0.7279
27,0,133500,24,0.62701416,0.077369526,1.8516012,0.7296
27,0,134000,24,0.4394201,0.12840189,1.3199681,0.7309
27,0,134500,24,0.48252428,0.032075837,0.709051,0.7317
27,0,135000,24,0.5734314,0.17774227,-3.39838,0.7317
27,0,135500,24,0.66433567,0.4105416,-3.877235,0.7311
27,0,136000,24,0.72797805,0.0845276,-3.2277086,0.7297
27,0,136500,24,0.799921,-0.14419685,-2.6884956,0.7275
27,0,137000,24,0.94767934,-0.22568977,-0.26402622,0.7245
27,0,137500,25,1.0271964,-0.08877001,0.019051835,0.7207
27,0,138000,25,1.0039134,-0.006318286,-0.019158132,0.7161
27,0,138500,25,1.0725323,-0.087082714,-0.26273617,0.7105
27,0,139000,25,1.1587217,-0.17480311,0.31474778,0.704
27,0,139500,25,1.2200435,-0.16313776,0.46327072,0.6967
27,0,140000,25,1.2626476,0.05096035,0.51945406,0.6886
27,0,140500,25,1.3276769,0.06665828,0.41845196,0.68
27,0,141000,25,1.3770809,-0.13772967,0.36676535,0.6711
27,0,141500,26,1.4316846,0.2834448,0.3300211,0.6623
27,0,142000,26,1.4886419,-0.34805372,0.26653305,0.6541
27,0,142500,26,1.5005836,-0.31800675,0.19685932,0.6467
27,0,143000,26,1.4859984,-0.4336121,-0.04692444,0.6403
27,0,143500,26,1.4086663,-0.15953287,-0.15972823,0.6349
27,0,144000,26,1.2479563,-0.068828,-0.08121606,0.631
27,0,144500,26,0.9929836,-0.04227782,-0.031232977,0.6285
27,0,145000,26,0.7733763,0.052351546,-0.14969864,0.6273
27,0,145500,26,-0.44280237,-0.23336954,0.14235911,0.6277
27,0,146000,26,-0.48415574,-0.03619605,0.17528042,0.6298
27,0,146500,26,-0.44007474,-0.115827784,0.23318394,0.6335
27,0,147000,26,-0.27596253,0.052229345,0.25144532,0.6389
27,0,147500,27,0.022737676,0.18391804,0.24193309,0.6459
27,0,148000,27,0.38124844,-0.5983323,0.26042268,0.6539
27,0,148500,27,0.472331,-0.121364355,0.19199203,0.6628
27,0,149000,27,0.6104805,-0.1570748,0.136727,0.6725
27,0,149500,27,0.70523626,-0.17558801,0.12673418,0.6826
27,0,150000,27,0.81168973,-0.22831236,0.08958054,0.6927
27,0,150500,27,0.8690105,-0.06911,-0.0070818285,0.7028
27,0,151000,27,0.96404594,-0.030335175,-0.27189267,0.7127
27,0,151500,27,1.0422713,0.0035093687,-2.714881,0.722
27,0,152000,27,1.1133965,-0.064433515,-2.0991073,0.7307
27,0,152500,28,1.1663674,-0.33686307,1.2204872,0.7387
27,0,153000,28,1.2390273,-0.05735535,1.9663283,0.7457
27,0,153500,28,1.2333733,0.4076229,0.96879965,0.7518
27,0,154000,28,1.2177421,-0.1556883,-1.6085745,0.757
27,0,154500,28,1.1499972,-0.3720377,0.5247217,0.7612
27,0,155000,28,1.1473705,0.03426603,2.3558908,0.7647
27,0,155500,29,1.0011142,0.05754972,1.8629739,0.7678
27,0,156000,29,0.8846126,-0.29658896,1.7117066,0.7703
27,0,156500,29,0.6721094,-1.180105,-0.92109126,0.7723
27,0,157000,29,0.52740526,-0.48536357,-3.2081428,0.7741
27,0,157500,29,0.50990117,-0.29302636,-2.8003771,0.7755
27,0,158000,29,0.5374287,2.0386987,-2.3304038,0.7768
27,0,158500,30,0.60031444,1.6096095,-0.5484238,0.7779
27,0,159000,30,0.7165372,-0.017678134,1.7817749,0.7789
27,0,159500,30,0.8103551,-0.9566163,0.9281423,0.7798
27,0,160000,30,0.85612726,-1.0834076,-0.01489371,0.781
27,0,160500,30,0.8679252,-0.9386812,0.24505335,0.7824
27,0,161000,30,0.887478,-0.7171383,0.26791415,0.784
27,0,161500,30,0.8749442,-0.46767285,0.23848076,0.7857
27,0,162000,30,0.8884449,-0.12502564,-0.95630085,0.7875
27,0,162500,30,0.9235937,-0.24904867,-1.3780534,0.7893
27,0,163000,30,0.97166955,-0.53766966,-0.99443465,0.7909
27,0,163500,30,1.0403332,-0.42643994,-0.8098874,0.7927
27,0,164000,30,1.0819353,-0.21573523,-0.73245317,0.7945
27,0,164500,30,1.1212661,-0.04845359,-0.74173135,0.7962
27,0,165000,30,1.1537098,-0.07529047,-0.6925102,0.7979
27,0,165500,31,1.169612,0.0186715,-0.17918776,0.7995
27,0,166000,31,1.1820511,0.01405612,0.7690946,0.801
27,0,166500,31,1.1750721,-0.029968577,0.5341607,0.8025
27,0,167000,31,1.1330621,-0.20625067,0.26275125,0.8038
27,0,167500,31,1.0755699,-0.19726901,0.11420996,0.8049
27,0,168000,31,1.0081829,-0.13760749,-0.26231423,0.8058
27,0,168500,31,0.9417505,-0.10444444,-0.028224187,0.8063
27,0,169000,31,0.94231987,-0.11337439,1.9043188,0.8065
27,0,169500,31,0.91575134,-0.21479523,1.701979,0.8063
27,0,170000,31,0.86607397,-0.24639788,0.8368036,0.8058
27,0,170500,31,0.8145434,-0.25062785,-1.056935,0.8048
27,0,171000,31,0.8045247,-0.2625188,1.0141478,0.8032
27,0,171500,31,0.8448104,-0.18164627,2.2459087,0.8012
27,0,172000,31,0.90626675,-0.24697597,1.2559414,0.7987
27,0,172500,31,0.96377015,-0.63776976,0.7701702,0.7956
27,0,173000,31,1.0204791,-0.29187956,0.48604426,0.792
27,0,173500,31,1.0421873,-0.17318632,0.14215572,0.7881
27,0,174000,31,1.0631397,-0.38568175,-0.97935075,0.7837
27,0,174500,31,1.0867354,-0.073311776,-0.15889513,0.7791
27,0,175000,31,1.1106228,0.06375839,-1.6219887,0.7741
27,0,175500,31,1.1561893,-0.018228032,-1.2084281,0.769
27,0,176000,31,1.2176635,0.21957207,-1.4960446,0.7639
27,0,176500,32,1.2213898,-0.045337506,-0.5469987,0.7587
27,0,177000,32,1.2320348,0.05966941,-1.1590964,0.7536
27,0,177500,32,1.214939,0.12503201,-1.9132912,0.7485
27,0,178000,32,1.1622007,0.07033366,-1.5938135,0.7441
27,0,178500,32,1.0858871,-0.03806194,-1.3285394,0.7399
27,0,179000,32,0.98219,-0.018213931,-1.108235,0.736
27,0,179500,32,0.8700408,-0.045845103,-0.92512834,0.7325
27,0,180000,32,0.80641186,-0.05732715,-0.7729246,0.7295
27,0,180500,32,0.8248208,-0.10874021,-0.6460976,0.727
27,0,181000,33,0.82140404,-0.27458364,2.3165035,0.7249
27,0,181500,33,0.93879926,-0.25642294,3.6902542,0.7233
27,0,182000,33,1.1099559,-0.14016896,3.0958672,0.7223
27,0,182500,33,1.0872349,-0.3938832,2.062734,0.7217
27,0,183000,33,1.1458925,-0.36409944,0.34415638,0.7213
27,0,183500,33,1.1929945,-0.28216472,-0.63767874,0.7212
27,0,184000,33,1.2346979,-0.1352481,-1.5803176,0.7213
27,0,184500,33,1.2959002,0.052492544,-1.1300917,0.7216
27,0,185000,33,1.3500131,0.19745398,-1.2341837,0.722
27,0,185500,33,1.382664,0.07697943,0.75288314,0.7221
27,0,186000,33,1.4310324,0.101583816,0.8536217,0.722
27,0,186500,33,1.4477386,0.21654528,0.32674736,0.7218
27,0,187000,33,1.4771615,0.102881014,0.09656604,0.7215
27,0,187500,33,1.4546198,-0.25775772,-0.4395451,0.7209
27,0,188000,33,1.4241636,-0.23837502,-1.3910636,0.7199
27,0,188500,33,1.2994176,0.37398517,-1.7183012,0.7183
27,0,189000,33,1.171292,0.10985578,-1.4302032,0.716
27,0,189500,33,1.021849,-0.34364983,-1.1914924,0.7132
27,0,190000,33,0.8182982,-0.2185035,-0.99336433,0.7102
27,0,190500,33,0.64652675,0.11049498,-0.8287368,0.7069
27,0,191000,33,0.50652134,0.0050744615,-0.6919928,0.7034
27,0,191500,33,0.5225279,0.0402585,-0.5657132,0.6997
27,0,192000,33,0.55567914,0.038261008,2.6478705,0.6959
27,0,192500,33,0.818825,0.010390137,3.7043839,0.692
27,0,193000,33,0.8354148,0.044093683,3.170193,0.6881
27,0,193500,33,1.0078858,-0.03745564,2.13084,0.6842
27,0,194000,33,1.0627189,0.07866202,1.1979853,0.6805
27,0,194500,33,1.0985368,-0.011746761,0.65097326,0.6769
27,0,195000,33,1.1254927,0.039788503,0.10195711,0.6735
27,0,195500,33,1.1529692,0.07929182,-2.0713603,0.6704
27,0,196000,33,1.2000844,-0.047593497,0.31820655,0.6677
27,0,196500,33,1.2512782,-0.028605584,2.199821,0.6655
27,0,197000,34,1.2689087,0.31047437,1.5174537,0.6636
27,0,197500,34,1.2461911,0.26779386,-0.31489697,0.6617
27,0,198000,34,1.257513,-0.15709358,-2.392454,0.6601
27,0,198500,34,1.2626295,-0.3067832,-1.3063666,0.6585
27,0,199000,34,1.2970318,-0.28139862,1.4858003,0.6569
27,0,199500,34,1.3007842,-0.0675308,1.8934876,0.6554
27,0,200000,34,1.2783716,-0.10405434,1.2552737,0.6539
27,0,200500,34,1.221037,-0.10507893,-1.7828372,0.6525
27,0,201000,34,1.0931826,-0.023797505,-2.8633058,0.6512
27,0,201500,34,0.98769635,-0.24626158,-2.3812082,0.6499
27,0,202000,35,0.91122645,-0.25011557,-1.7067653,0.6487
27,0,202500,35,0.9518625,-0.101835944,1.2727084,0.6474
27,0,203000,35,1.025813,0.037095413,1.6253111,0.6463
27,0,203500,35,1.0405847,0.12193473,1.0410637,0.6452
27,0,204000,35,0.96307033,0.09728333,0.86605024,0.6443
27,0,204500,35,0.98547703,0.05106845,0.9595098,0.6434
27,0,205000,35,0.99932796,0.06921507,0.94865847,0.6427
27,0,205500,36,0.9949181,0.0403384,0.7820842,0.642
27,0,206000,36,1.0112667,-0.21751651,0.13849854,0.6414
27,0,206500,36,1.059416,-0.14732234,-0.27599835,0.6409
27,0,207000,36,1.1230644,-0.027562188,0.4262341,0.6407
27,0,207500,36,1.1850642,0.05320224,0.1159707,0.6407
27,0,208000,36,1.2310213,0.29695252,-0.21880539,0.6407
27,0,208500,36,1.2651184,0.235035,-2.5075078,0.6407
27,0,209000,36,1.3121974,0.2551979,-2.3340702,0.6409
27,0,209500,36,1.295268,0.18060455,1.5215416,0.6411
27,0,210000,36,1.302028,0.18356554,2.8864498,0.6413
27,0,210500,37,1.2649441,0.18616463,2.849856,0.6415
27,0,211000,37,1.257513,-1.7590812,1.996069,0.6416
27,0,211500,37,1.0425875,-2.0620935,1.0845147,0.6417
27,0,212000,37,1.1772583,-1.3782232,1.0644629,0.6418
27,0,212500,37,0.96540284,-0.8714856,0.52204174,0.6418
27,0,213000,37,0.8537672,-0.5534099,-3.0532315,0.6418
27,0,213500,37,0.77159595,0.07431924,-3.563152,0.6418
27,0,214000,37,0.80834335,0.19559748,-1.8001866,0.6417
27,0,214500,37,0.8238964,0.37624115,-0.97514325,0.6416
27,0,215000,37,0.8429911,0.34893897,-0.50329196,0.6414
27,0,215500,37,0.8212527,0.3225956,-0.15815483,0.6411
27,0,216000,37,0.84812516,0.14375202,-0.1458944,0.6408
27,0,216500,38,0.89048696,-0.09833446,-0.20965733,0.6403
27,0,217000,38,0.94247854,-0.102639645,-1.1503808,0.6399
27,0,217500,38,0.99852604,-0.08055444,-1.3801394,0.6394
27,0,218000,38,1.065553,-0.05332747,-1.0507739,0.6389
27,0,218500,38,1.1278038,-0.10456193,-0.45707345,0.6385
27,0,219000,38,1.200359,-0.093281984,-0.25024346,0.6381
27,0,219500,38,1.2427796,0.25040394,-0.5817592,0.638
27,0,220000,38,1.2577846,0.23810409,-0.69843435,0.6379
27,0,220500,38,1.2687365,-0.08847861,-0.6085089,0.6381
27,0,221000,38,1.2525343,-0.49442515,-0.95739514,0.6385
27,0,221500,38,1.2125338,-0.40658253,-1.1843684,0.639
27,0,222000,38,1.1544081,-0.028309485,-0.89831537,0.6397
27,0,222500,39,1.0894747,-0.045097806,-0.86099714,0.6408
27,0,223000,39,1.1035218,0.11884683,-0.7124059,0.6422
27,0,223500,39,0.9961615,-0.015666543,1.6553459,0.6439
27,0,224000,39,0.86154795,0.15300629,3.9064448,0.6461
27,0,224500,39,0.8379657,0.2616228,3.6568677,0.6482
27,0,225000,39,0.83578503,-0.5125201,2.2113333,0.6507
27,0,225500,39,0.7783697,-3.4890022,0.71197313,0.6533
27,0,226000,39,0.8105238,-2.362521,0.35049903,0.6562
27,0,226500,39,0.76418847,-1.2008742,-0.14054796,0.6593
27,0,227000,39,0.7849721,-0.8318131,-0.1731197,0.6627
27,0,227500,39,0.83064395,-0.17993549,-0.30283585,0.6662
27,0,228000,39,0.9752982,0.4262677,-0.35767105,0.6698
27,0,228500,39,0.90642184,0.53323454,-2.2035704,0.6737
27,0,229000,39,1.0566629,0.4974818,-2.0396593,0.6779
27,0,229500,39,1.0693814,0.48787972,-1.8016602,0.6821
27,0,230000,39,1.0931724,0.3023293,-1.5005496,0.6865
27,0,230500,39,1.1154728,0.12284182,-1.2506624,0.6907
27,0,231000,39,1.1254927,0.21564288,-0.5810195,0.6949
27,0,231500,39,1.1163719,0.14472021,-0.048392504,0.6989
27,0,232000,39,1.0764706,0.2349927,1.617648,0.7031
27,0,232500,39,1.0498366,0.20334774,2.0533078,0.7071
27,0,233000,39,0.9783842,-0.17218052,2.8764539,0.7109
27,0,233500,39,0.9243747,-0.8773982,-0.3092363,0.7145
27,0,234000,39,0.85054505,-0.74937546,-1.9856571,0.7179
27,0,234500,39,0.87542564,-0.15203641,-1.5375772,0.7211
27,0,235000,40,0.93693423,-0.12731923,0.16642329,0.7244
27,0,235500,40,1.0399216,-0.048350193,0.901048,0.7275
27,0,236000,40,1.0431787,-0.27415127,0.999795,0.7305
27,0,236500,40,1.1265078,-0.32430002,0.06942652,0.7336
27,0,237000,40,1.1682467,-0.016799238,-0.18200482,0.7367
27,0,237500,40,1.1932178,0.24622566,-0.14005949,0.7397
27,0,238000,41,1.2136189,0.24998564,-0.31999245,0.7429
27,0,238500,41,1.2209036,0.1932381,-0.5162679,0.7461
27,0,239000,41,1.209166,0.13461526,-0.57631356,0.7495
27,0,239500,41,1.190416,0.13105269,-0.915891,0.753
27,0,240000,41,1.1712998,0.1477188,-0.62435615,0.7567
27,0,240500,41,1.1331037,0.11378966,-0.0954949,0.7605
27,0,241000,41,1.0453405,0.08192851,0.16615133,0.7645
27,0,241500,41,0.9472327,0.062103998,0.1661487,0.7685
27,0,242000,41,0.81314284,0.16305953,0.19364423,0.7725
27,0,242500,41,0.67493427,0.17958936,-0.03643263,0.7765
27,0,243000,41,0.5401781,0.15127198,-0.21317503,0.7804
27,0,243500,41,0.39720535,0.074088946,-0.0773412,0.7842
27,0,244000,42,0.34440908,0.31754312,-0.04982643,0.7877
27,0,244500,42,0.39557093,0.47699457,-0.94985056,0.791
27,0,245000,42,0.5085001,0.2603021,-0.99460334,0.794
27,0,245500,42,0.6306839,0.022469081,1.8977555,0.7967
27,0,246000,42,0.70722365,0.3034714,1.0348883,0.7989
27,0,246500,42,0.76737624,0.023169378,-0.031813376,0.801
27,0,247000,42,0.84769255,-0.3527678,-0.735743,0.8027
27,0,247500,43,0.9240733,-0.9286655,-0.61151797,0.804
27,0,248000,43,1.0021715,-0.6032766,-0.3115395,0.805
27,0,248500,43,1.0413585,-0.10821851,-0.296963,0.8057
27,0,249000,43,1.0551295,0.23796779,-0.6599557,0.8061
27,0,249500,43,1.0777627,0.3837423,-0.46874416,0.8061
27,0,250000,43,1.0901963,0.54855174,-0.423392,0.8058
27,0,250500,43,1.1141149,0.26626167,0.7024375,0.8054
27,0,251000,43,1.1211255,0.16944681,2.1905916,0.8047
27,0,251500,43,1.0077677,0.24681784,0.29879284,0.8039
27,0,252000,43,0.9314619,0.3004164,0.14699908,0.8032
27,0,252500,43,0.846626,-0.086796016,0.17548761,0.8026
27,0,253000,43,0.74508417,-0.026170995,0.08073976,0.802
27,0,253500,43,0.72364026,0.29104933,-0.9211347,0.8014
27,0,254000,43,0.70442384,0.32851288,-1.2211555,0.8007
27,0,254500,43,0.77163684,0.30659217,-1.0207994,0.8001
27,0,255000,43,0.8359318,0.26051357,-0.84978867,0.7995
27,0,255500,43,0.8816093,0.16485493,-0.70823663,0.7989
27,0,256000,43,0.99933153,-1.0734906,0.82858235,0.7981
27,0,256500,44,1.0707341,-1.6317823,3.1195223,0.7975
27,0,257000,44,1.0891094,-0.870978,2.2791119,0.797
27,0,257500,44,1.1438985,-0.42498296,1.7384963,0.7965
27,0,258000,44,1.1716138,0.20692444,0.888733,0.7959
27,0,258500,44,1.1605008,0.48740035,0.44157946,0.7953
27,0,259000,44,1.1249776,0.4307797,-0.119116716,0.7947
27,0,259500,44,1.1115581,0.36991027,-0.3312526,0.7941
27,0,260000,44,1.0770273,0.3222149,-0.25857475,0.7932
27,0,260500,44,1.0537863,0.22799914,0.15518184,0.7925
27,0,261000,44,1.0237465,0.28013128,-0.029050576,0.7917
27,0,261500,44,0.9270967,0.2961676,-0.9026256,0.791
27,0,262000,44,0.8540191,0.30897036,-0.43586954,0.7901
27,0,262500,44,0.7837188,0.29370013,-0.011651185,0.7892
27,0,263000,44,0.73240304,-0.0681888,-0.3425095,0.7882
27,0,263500,44,0.752076,0.11798674,-0.6812856,0.7873
27,0,264000,44,0.7623347,0.30703396,-0.1439072,0.7864
27,0,264500,44,0.8291801,0.17648268,-0.029467272,0.7854
27,0,265000,44,0.8548361,0.2354674,0.16005205,0.7843
27,0,265500,44,0.8853435,0.045654073,-1.0851784,0.7831
27,0,266000,44,0.9176216,0.064331785,-1.4473248,0.7817
27,0,266500,44,0.9602566,0.047910064,-1.2042965,0.7801
27,0,267000,44,1.0255067,0.080391616,-0.99198294,0.7782
27,0,267500,44,1.064222,-0.038517836,0.7539911,0.7761
27,0,268000,44,1.1329187,0.09234366,2.973525,0.7736
27,0,268500,45,1.1602856,-0.1758794,3.1171951,0.7709
27,0,269000,45,1.1578352,0.4047841,2.2195723,0.7679
27,0,269500,45,1.0321226,0.0072599514,1.4665202,0.7649
27,0,270000,45,0.8572547,-0.6517381,1.1633873,0.7616
27,0,270500,45,0.67194676,-0.28971758,0.9447141,0.7582
27,0,271000,45,0.5374726,0.036719415,0.3799,0.7545
27,0,271500,45,0.5626917,0.115354754,0.76443654,0.7507
27,0,272000,45,0.64637065,0.26516655,0.7085873,0.747
27,0,272500,46,0.69965833,0.30794108,0.4729516,0.7432
27,0,273000,46,0.7523149,0.387225,0.074313946,0.7393
27,0,273500,46,0.79959196,0.26739904,-0.41750604,0.7355
27,0,274000,46,0.8609704,0.27215073,-0.12326325,0.7319
27,0,274500,46,0.9512057,0.032649234,1.0791593,0.7285
27,0,275000,46,1.0469884,0.110292874,1.9795969,0.7253
27,0,275500,46,1.0866814,-0.29405096,0.5380869,0.7222
27,0,276000,46,1.1572361,-0.8411378,-3.6123853,0.7194
27,0,276500,46,1.2028861,-1.7714703,-2.9789317,0.7169
27,0,277000,46,1.2479658,-1.991246,0.38961738,0.7146
27,0,277500,46,1.257513,-1.0050637,0.801095,0.7127
27,0,278000,46,1.1816114,-1.1439246,0.5207517,0.711
27,0,278500,46,0.96808475,-0.77516896,0.21881726,0.7097
27,0,279000,46,0.67070436,-0.29093018,0.05591746,0.7088
27,0,279500,46,0.41457316,0.18818092,-0.12568931,0.7081
27,0,280000,47,0.24754913,0.3634384,-0.57482535,0.7077
27,0,280500,47,0.20983486,0.41831067,-0.3086579,0.7075
27,0,281000,47,0.27120024,0.327305,-0.09776222,0.7075
27,0,281500,47,0.3098402,0.54312795,0.019937752,0.7075
27,0,282000,47,0.35463184,0.5444158,0.040488914,0.7075
27,0,282500,47,0.33733517,-0.4150613,-0.2625497,0.7077
27,0,283000,47,0.3607011,-2.338706,-0.9244362,0.7081
27,0,283500,47,0.4641499,-4.105442,-1.4772878,0.7085
27,0,284000,47,0.59469944,-2.2000709,-1.3564535,0.7091
27,0,284500,47,0.69466496,-1.1606612,-2.180347,0.7098
27,0,285000,47,0.776883,-0.349036,-1.5396475,0.7105
27,0,285500,47,0.8746058,-0.10809632,2.7370656,0.7114
27,0,286000,47,1.0330836,-0.3454264,3.369572,0.7123
27,0,286500,48,1.1409125,-1.8950422,2.9631863,0.7131
27,0,287000,48,1.1972103,-1.6325437,1.5028138,0.7139
27,0,287500,48,1.2088026,-0.4320799,-2.9715126,0.7146
27,0,288000,48,1.239936,0.23184842,-2.7710056,0.7154
27,0,288500,48,1.2902478,0.57437813,-1.6441556,0.7163
27,0,289000,48,1.1902437,0.52742064,-0.71958345,0.7174
27,0,289500,48,0.9558588,0.37537634,0.16928735,0.7185
27,0,290000,48,0.5757727,0.013670722,0.33480144,0.7195
27,0,290500,48,0.14764866,0.099036425,-0.41822737,0.7207
27,0,291000,48,-0.18717133,-0.043199018,-1.9943562,0.7219
27,0,291500,48,-0.5177763,-0.045972005,-1.6597624,0.7229
27,0,292000,48,-0.3174157,-0.42111018,-1.3827404,0.7238
27,0,292500,48,-0.14846377,-0.14468095,-1.1527841,0.7247
27,0,293000,48,-0.031631358,0.032165136,-0.96191895,0.7256
27,0,293500,48,0.009984189,-0.006299486,-0.8032617,0.7265
27,0,294000,48,-0.012828186,0.20046666,-0.5460477,0.7274
27,0,294500,48,-0.032834392,-0.2204117,-0.3698457,0.7285
27,0,295000,48,0.14151059,0.20869632,1.3306464,0.7299
27,0,295500,48,0.24508317,-0.20461977,0.9527673,0.7314
27,0,296000,48,0.22607796,-0.0676624,1.2085518,0.7333
27,0,296500,48,0.25729114,-0.034367755,2.8099422,0.7355
27,0,297000,48,0.36081356,-0.123639144,2.5683749,0.738
27,0,297500,48,0.4548963,-1.8195465,1.4115965,0.741
27,0,298000,48,0.5220938,-1.1558201,1.4113882,0.7444
27,0,298500,48,0.6126822,1.251598,0.16399433,0.7482
27,0,299000,48,0.7029911,-0.036778845,0.2683927,0.7526
27,0,299500,48,0.772851,-1.0401068,0.32627812,0.7574
27,0,300000,48,0.844122,-0.72750175,0.27572194,0.7627
27,0,300500,49,0.90846795,-0.2395312,0.26284406,0.7683
27,0,301000,49,0.9703662,0.11891264,0.16609122,0.7743
27,0,301500,49,1.002616,0.36360762,-0.15963864,0.7805
27,0,302000,49,1.021849,0.43837488,0.0076329657,0.7868
27,0,302500,49,0.9999919,0.5197174,0.050465398,0.7928
27,0,303000,49,0.8517451,0.5402986,0.014803754,0.7984
27,0,303500,49,0.69205415,0.10895808,0.0063195564,0.8034
27,0,304000,49,0.31911242,0.30407298,0.01647229,0.8077
27,0,304500,49,0.036195572,0.4075853,0.10794522,0.8113
27,0,305000,49,-0.12274363,0.43578047,0.17524424,0.8135
27,0,305500,49,-0.18636517,0.2767567,0.16296864,0.8144
27,0,306000,49,-0.16990528,0.257092,0.036991645,0.8141
27,0,306500,49,-0.16990528,0.32963148,-0.94578165,0.812
27,0,307000,49,-0.05091875,0.28925866,-0.9669523,0.8086
27,0,307500,49,0.13540037,0.3630624,-0.526767,0.8033
27,0,308000,49,0.28744936,0.3653795,-0.34418708,0.796
27,0,308500,49,0.36834684,0.25117943,-0.29541644,0.7866
27,0,309000,49,0.43278742,0.2992978,-0.58322203,0.7741
27,0,309500,49,0.5100141,0.41406187,-0.3254953,0.7591
27,0,310000,49,0.5602184,0.46761343,-0.3394651,0.7037
27,0,310500,49,0.594944,0.5380285,-0.30963138,0.6483
27,0,311000,49,0.61327124,0.47670788,-0.5753229,0.5932
27,0,311500,49,0.6621937,0.016918408,-0.4177275,0.5383
27,0,312000,49,0.69062084,0.435475,1.275705,0.4839
27,0,312500,49,0.68306196,0.3635982,0.62512237,0.4302
27,0,313000,49,0.63260573,-1.8768721,-1.4409282,0.3773
34,0,500,1,0.08774167,0.18046825,0.9264598,-0.0931
34,0,1000,1,0.0162376,0.1461866,0.8721332,-0.0929
34,0,1500,1,-0.067999005,-0.21614411,1.0618501,-0.0911
34,0,2000,1,-0.092938885,0.3226708,0.2889751,-0.0876
34,0,2500,1,-0.025382824,0.15910685,0.50874805,-0.0827
34,0,3000,1,-0.09328428,-0.31770125,0.2928342,-0.076
34,0,3500,1,-0.050687037,0.12924789,0.25384423,-0.0684
34,0,4000,1,0.025864596,-0.1350178,0.2762323,-0.0602
34,0,4500,1,0.13445462,-0.1784174,0.58330804,-0.0229
34,0,5000,1,0.26152682,-0.04255042,0.50027174,0.0048
34,0,5500,1,0.26867354,0.3632551,0.41254207,0.0276
34,0,6000,1,0.20217636,-0.31379557,0.31156975,0.048
34,0,6500,1,0.12334238,-0.032680463,0.29106644,0.0641
34,0,7000,1,0.22107922,0.0063716555,0.45457962,0.0778
34,0,7500,1,0.3150483,-0.24612059,0.4827819,0.0892
34,0,8000,2,0.36926037,-0.18186247,0.3600804,0.0982
34,0,8500,2,0.36737326,-0.5187804,0.52429247,0.1049
34,0,9000,2,0.28758258,-0.121547654,0.43796024,0.1096
34,0,9500,2,0.25180772,0.16017374,0.36688527,0.1124
34,0,10000,2,0.15441729,-0.035251353,0.14757743,0.1136
34,0,10500,2,0.06639087,0.03560552,0.060481858,0.1128
34,0,11000,2,-0.07035879,0.37911755,-0.21804143,0.1113
34,0,11500,2,-0.19200292,-0.019628625,-0.025331244,0.1095
34,0,12000,2,-0.25900868,0.14703731,-0.07920991,0.1075
34,0,12500,2,-0.19869287,-0.027651487,-0.092312194,0.1057
34,0,13000,3,-0.0016217448,0.112732165,-0.16462907,0.1044
34,0,13500,3,0.11407272,0.12456201,-0.07575962,0.1037
34,0,14000,3,0.1956959,-0.12950942,-0.05592834,0.1037
34,0,14500,3,0.21388899,-0.15120922,-0.2649886,0.1046
34,0,15000,3,0.14028555,-0.11837517,-0.28443295,0.1065
34,0,15500,3,0.105152,0.000416783,-0.24522035,0.1094
34,0,16000,3,0.047788978,0.005629059,-0.2986642,0.1135
34,0,16500,3,0.059679944,0.0024142738,-0.71396154,0.1186
34,0,17000,3,0.061861064,0.025810765,-0.49255827,0.1247
34,0,17500,3,0.07189389,-0.08701692,-0.35559574,0.1316
34,0,18000,3,0.09726596,0.58686596,0.13930859,0.1395
34,0,18500,3,0.10951682,0.33417633,0.4838855,0.148
34,0,19000,3,0.36358902,-0.17299832,0.12856087,0.157
34,0,19500,3,0.44833302,-0.081837535,0.23182735,0.1663
34,0,20000,3,0.4766116,-0.2009538,0.27910307,0.1758
34,0,20500,3,0.41385186,-0.050197285,0.2868245,0.1857
34,0,21000,3,0.33256727,0.078746624,0.25019872,0.1956
34,0,21500,3,0.17309953,-0.024276903,0.38604802,0.2055
34,0,22000,3,-0.03666952,-0.08516512,-0.05958464,0.2151
34,0,22500,3,-0.15586859,-0.069739796,0.19661859,0.2249
34,0,23000,3,-0.20414275,0.7523052,-0.8015917,0.2345
34,0,23500,3,-0.18603781,-0.00010961456,-0.5635714,0.2441
34,0,24000,3,-0.16485207,-0.7965068,-0.5194544,0.2525
34,0,24500,3,-0.15344906,-0.57755363,-0.8476372,0.2609
34,0,25000,3,-0.13464458,-0.18736616,-0.45312682,0.2693
34,0,25500,3,-0.13464458,-0.015041445,-0.97022486,0.2775
34,0,26000,3,-0.0050315135,0.064919285,-2.5131567,0.2859
34,0,26500,3,0.09331859,-0.0056743887,-1.1922278,0.2944
34,0,27000,3,0.16588975,0.1685491,-0.72349244,0.3032
34,0,27500,3,0.27834916,0.05897381,1.1058984,0.3123
34,0,28000,3,0.43415126,0.12514481,1.0608748,0.3217
34,0,28500,3,0.5279119,-0.0036392983,0.891975,0.3315
34,0,29000,3,0.5366252,-0.27189526,0.78427804,0.3415
34,0,29500,4,0.37962872,-0.31800205,0.34751385,0.3518
34,0,30000,4,0.08279318,0.24665804,0.23797886,0.362
34,0,30500,4,-0.085508026,0.3698398,0.61978644,0.3721
34,0,31000,4,-0.14330822,0.18829371,0.67950875,0.3818
34,0,31500,4,-0.10611147,0.5619655,0.5003721,0.3922
34,0,32000,4,-0.14881656,-0.17406991,0.58626604,0.4021
34,0,32500,4,-0.13810255,0.09012997,0.66847277,0.4114
34,0,33000,4,-0.15905188,-0.010050069,0.5227071,0.4199
34,0,33500,4,-0.19015273,-0.025348498,0.4236922,0.4277
34,0,34000,4,-0.21148397,0.16540952,0.38083494,0.4343
34,0,34500,4,-0.29315448,-0.14822003,0.27442428,0.4397
34,0,35000,4,-0.30312428,-0.061218735,0.24551761,0.4435
34,0,35500,4,-0.26260388,-0.05307367,0.09129985,0.4456
34,0,36000,4,-0.17909554,-0.14443655,0.095079,0.4459
34,0,36500,4,-0.10602588,-0.10704352,0.06166104,0.4446
34,0,37000,4,0.049033567,-0.04212742,0.012165847,0.4417
34,0,37500,4,0.16443364,-0.12831563,-0.04607208,0.437
34,0,38000,4,0.21991928,0.28468087,-0.09029613,0.4309
34,0,38500,4,0.30112353,-0.005157391,-0.09421009,0.4234
34,0,39000,4,0.38890994,-0.0013504089,-0.17163529,0.4147
34,0,39500,4,0.44909906,0.0399906,-0.1673449,0.4048
34,0,40000,4,0.4991939,-0.011704461,0.22009304,0.3938
34,0,40500,4,0.5018044,0.049841754,0.2168079,0.3819
34,0,41000,4,0.5178406,0.03405453,0.19662121,0.3689
34,0,41500,4,0.20696421,-0.2215585,0.21547233,0.3555
34,0,42000,4,-0.23266889,-0.095693074,0.11300305,0.3417
34,0,42500,4,-0.5165893,-0.14751503,-0.087476715,0.3279
34,0,43000,4,-0.6105124,-0.069363795,-0.18374632,0.3149
34,0,43500,4,-0.7024126,-0.058060348,-0.36083362,0.3021
34,0,44000,4,-0.7240516,-0.1569385,-0.400247,0.2893
34,0,44500,4,-0.72062033,0.015776312,-1.1048071,0.2767
34,0,45000,4,-0.62595654,0.2577265,0.029299404,0.2645
34,0,45500,4,-0.45049176,0.024372572,0.3106894,0.2528
34,0,46000,4,-0.25827995,-0.24477638,0.34718034,0.2415
34,0,46500,5,-0.06863841,-0.09382718,0.29295704,0.2305
34,0,47000,5,0.08815443,0.36186862,0.17044581,0.22
34,0,47500,5,0.019846462,-0.15883258,0.3956434,0.2102
34,0,48000,5,0.1327899,-0.2434416,0.36807173,0.2009
34,0,48500,5,0.13157435,-0.12612544,0.27137056,0.1921
34,0,49000,5,-0.028268615,-0.075426765,0.19080293,0.1841
34,0,49500,5,-0.2657133,-0.05544716,0.12437698,0.1767
34,0,50000,5,-0.6808903,0.07605823,0.051188488,0.17
34,0,50500,5,-0.7411019,0.0035140687,-0.090136796,0.1633
34,0,51000,5,-0.78074443,0.15784256,-0.633234,0.1577
34,0,51500,5,-0.7312947,0.24193928,0.04169786,0.153
34,0,52000,5,-0.5551998,0.22124997,0.1846123,0.1495
34,0,52500,5,-0.4272236,0.23012823,0.12931168,0.1472
34,0,53000,5,-0.3357378,0.097870834,0.19199233,0.1459
34,0,53500,5,-0.2657133,0.31717652,0.053529337,0.1459
34,0,54000,5,0.0010857548,-0.18648255,-0.063644215,0.1469
34,0,54500,5,-0.09353263,-0.04449151,-0.102975294,0.1489
34,0,55000,5,-0.1615394,-0.20624596,-0.15832348,0.151
34,0,55500,5,-0.17555998,-0.2430891,-0.34341264,0.154
34,0,56000,5,-0.21148397,0.006225956,-0.42790183,0.1579
34,0,56500,5,-0.26878855,0.20951882,-0.36352494,0.1623
34,0,57000,5,-0.18290077,0.026854161,-0.43041658,0.1672
34,0,57500,6,-0.05380298,-0.19102274,-0.20779854,0.1723
34,0,58000,6,0.06691657,0.37896714,0.08695839,0.1775
34,0,58500,6,0.15032972,-0.09262399,0.017591065,0.1824
34,0,59000,6,0.21015377,0.056684922,0.3227164,0.1871
34,0,59500,6,0.16542633,-0.12607373,0.45325893,0.1913
34,0,60000,6,0.1374559,-0.10373944,0.4569619,0.1951
34,0,60500,6,0.06334021,-0.03354056,0.3227724,0.1983
34,0,61000,6,-0.027431672,0.028029155,0.25610748,0.2009
34,0,61500,6,-0.10602588,0.28845027,0.17661221,0.2029
34,0,62000,6,-0.2919517,-0.40378135,0.015306241,0.2043
34,0,62500,6,-0.35374996,-0.04882489,-0.2180108,0.2061
34,0,63000,6,-0.36625198,-0.19327402,-0.35448515,0.2076
34,0,63500,6,-0.3197301,-0.037079643,-0.8546694,0.2086
34,0,64000,6,-0.17689015,-0.31958595,-0.33388028,0.2092
34,0,64500,6,-0.114954785,-0.24971606,-0.61619765,0.2097
34,0,65000,6,-0.042725462,-0.18687735,-0.97635394,0.2103
34,0,65500,6,-0.01040591,-0.03984323,-1.3022606,0.2109
34,0,66000,6,-0.008584717,0.12867449,-0.3089617,0.2119
34,0,66500,7,0.015440611,0.36192033,0.5775665,0.2131
34,0,67000,7,0.21015377,0.2599684,0.48498997,0.2149
34,0,67500,7,0.28999293,0.29692903,0.18794179,0.2169
34,0,68000,7,0.26674795,-0.17990729,0.7003538,0.2195
34,0,68500,7,0.36930573,-0.14452115,0.73521763,0.2225
34,0,69000,7,0.35254797,0.16050744,0.5123521,0.2256
34,0,69500,7,0.16949725,0.07133476,-0.5716926,0.2289
34,0,70000,7,-0.10602588,0.50159425,-0.18234478,0.2321
34,0,70500,7,-0.10602588,0.2987244,0.56193984,0.2352
34,0,71000,7,0.012253662,0.24284637,0.48414782,0.2381
34,0,71500,7,0.027472476,0.20191896,-0.032428496,0.2408
34,0,72000,7,-0.01685101,-0.20054018,0.04709594,0.2431
34,0,72500,7,-0.07912135,-0.3887132,0.09991069,0.2447
34,0,73000,7,-0.11321518,0.49942288,0.19279449,0.2459
34,0,73500,7,-0.055508364,-0.44338807,0.083063394,0.2464
34,0,74000,7,0.01618886,-0.1345525,0.014145444,0.2464
34,0,74500,7,0.07290628,-0.16748524,-0.04798952,0.2456
34,0,75000,7,0.118071884,-0.067606,-0.37746325,0.2442
34,0,75500,7,0.16323295,-0.18122798,-1.938035,0.242
34,0,76000,7,0.21339147,0.05890801,-1.0339966,0.2392
34,0,76500,7,0.2350592,-0.080756545,-0.56923294,0.2361
34,0,77000,7,0.21882598,-0.13595779,-1.0734315,0.2325
34,0,77500,8,0.2049155,-0.32994,-1.7488896,0.2285
34,0,78000,8,0.16525067,0.2985411,-0.33164564,0.2243
34,0,78500,8,0.19400555,0.36054322,0.15502077,0.2198
34,0,79000,8,0.3072671,0.2149332,0.6664923,0.2151
34,0,79500,8,0.4182979,0.056125626,0.33473402,0.2103
34,0,80000,8,0.43351263,0.20309395,0.9628317,0.2053
34,0,80500,8,0.38708475,0.109131984,0.70681226,0.2001
34,0,81000,8,0.46230805,-0.14229336,0.5590037,0.1947
34,0,81500,8,0.3207184,0.068021275,0.3584965,0.1891
34,0,82000,8,0.14907663,-0.6572512,-0.023232298,0.1833
34,0,82500,8,0.08396547,-0.21284004,-0.3274437,0.1773
34,0,83000,8,0.059623543,-0.0009979105,-1.098379,0.1709
34,0,83500,9,0.073984124,-0.0039635967,0.5129159,0.1643
34,0,84000,9,0.22675477,0.03177974,0.6080781,0.1573
34,0,84500,9,0.31998748,0.061037105,0.4903259,0.1501
34,0,85000,9,0.36193216,-0.025733896,0.36085835,0.1427
34,0,85500,9,0.3785289,-0.3021255,0.24722438,0.1352
34,0,86000,9,0.3748266,-0.48637408,0.10287571,0.1275
34,0,86500,10,0.400022,-0.08147564,0.074273966,0.1195
34,0,87000,10,0.36943826,0.19546118,-0.41782,0.1115
34,0,87500,10,0.33948603,0.19019721,-0.56814015,0.1033
34,0,88000,10,0.386648,0.015433214,0.28409728,0.0951
34,0,88500,10,0.45479554,0.34292302,0.29615027,0.0869
34,0,89000,10,0.5724407,0.0066019543,0.5669892,0.0787
34,0,89500,10,0.5540573,0.50432026,0.55686563,0.0703
34,0,90000,10,0.46230805,-0.27803344,0.5065417,0.0619
34,0,90500,10,0.19448821,0.28262228,-0.80028445,0.0535
34,0,91000,10,-0.09728392,-0.16476396,-2.4901297,0.0451
34,0,91500,10,-0.33403143,-0.29177618,-1.7826623,0.0367
34,0,92000,10,-0.51183563,-0.6298738,-1.2726223,0.0281
34,0,92500,10,-0.2751237,0.42352292,0.9671078,0.0195
34,0,93000,10,-0.029954275,-0.09811357,1.204646,0.0106
34,0,93500,10,0.16341814,-0.30031604,1.1141424,0.0015
34,0,94000,10,0.24694218,-0.07915385,1.0101774,-0.0079
34,0,94500,10,0.24286163,-0.014985046,0.7254717,-0.0175
34,0,95000,10,0.21269518,0.006982653,0.27226028,-0.0271
34,0,95500,10,0.16111054,0.1265172,0.24245572,-0.0371
34,0,96000,10,0.19173831,-0.021461615,0.33451575,-0.047
34,0,96500,10,0.16853939,-0.18729095,0.39391068,-0.0569
34,0,97000,10,0.10164674,-0.106131725,0.24538396,-0.0667
34,0,97500,10,0.103956714,-0.019506425,0.2989224,-0.0765
34,0,98000,11,0.17533405,0.22159307,0.4723146,-0.0862
34,0,98500,11,0.1922547,0.18270545,0.44536474,-0.0957
34,0,99000,11,0.17734592,-0.08466222,0.30435577,-0.1049
34,0,99500,11,0.14776891,0.2586853,0.23812886,-0.1141
34,0,100000,11,0.11582751,-0.15727688,0.07784857,-0.1231
34,0,100500,11,0.08392425,-0.30161792,-0.57491934,-0.1319
34,0,101000,11,0.04792954,-0.5674346,-0.46648386,-0.1406
34,0,101500,11,0.010370109,0.084438294,-0.2729032,-0.1489
34,0,102000,11,-0.0028803202,-0.37622538,-0.84883446,-0.1572
34,0,102500,11,-0.009758709,-0.350916,-2.0500674,-0.1654
34,0,103000,11,0.03332708,0.14593752,-1.1750152,-0.1735
34,0,103500,11,0.13040341,0.093579754,0.48362723,-0.1815
34,0,104000,11,0.23993848,-0.14171056,0.69758224,-0.1894
34,0,104500,11,0.32407224,-0.23324734,0.6805254,-0.1971
34,0,105000,11,0.3646142,0.07803693,0.7590603,-0.2044
34,0,105500,11,0.32864594,0.06975556,0.6672087,-0.2114
34,0,106000,11,0.05551011,-0.07891885,0.5092999,-0.218
34,0,106500,11,-0.05577299,0.41450366,-0.085451014,-0.2241
34,0,107000,11,-0.1200825,-0.13353729,-0.6137593,-0.2295
34,0,107500,11,-0.14340836,0.21911618,-0.6193444,-0.2342
34,0,108000,11,-0.124732,0.28455868,0.3139611,-0.238
34,0,108500,11,-0.04026153,0.29515243,0.24783249,-0.241
34,0,109000,11,-0.00314793,-0.0691899,0.10709257,-0.2429
34,0,109500,11,0.014140183,-0.20659377,-0.12184946,-0.2437
34,0,110000,11,0.023049386,-0.0053406903,-0.23035964,-0.2435
34,0,110500,11,0.024244407,-0.14405115,0.1211295,-0.2421
34,0,111000,11,0.012245741,0.2755441,-0.8976197,-0.2397
34,0,111500,12,-0.02523231,-0.23574772,-1.0316721,-0.2364
34,0,112000,12,-0.025382824,-0.07349978,-1.0673174,-0.2323
34,0,112500,12,-0.008192501,-0.10444913,-0.7515707,-0.2275
34,0,113000,12,0.021903532,0.12323192,-0.7960547,-0.2219
34,0,113500,12,0.07567023,-0.44629267,-1.2441047,-0.216
34,0,114000,12,0.19173673,-0.12444284,-2.0021343,-0.2095
34,0,114500,12,0.39903492,-0.007201882,-1.7930979,-0.203
34,0,115000,12,0.35577956,-0.12557554,-2.1912446,-0.1963
34,0,115500,12,0.36990425,0.1907424,-1.3503222,-0.1895
34,0,116000,12,0.33413965,0.21064211,-2.4104772,-0.183
34,0,116500,12,0.40362635,0.35957503,-1.8520013,-0.1768
34,0,117000,12,0.5151594,-0.16643246,1.568222,-0.1709
34,0,117500,12,0.61343455,-0.0902317,2.3819807,-0.1653
34,0,118000,13,0.68946284,-0.2216055,1.6087965,-0.1599
34,0,118500,13,0.72225785,-0.08104324,0.659976,-0.1547
34,0,119000,13,0.72225785,-0.093709685,1.5994736,-0.1498
34,0,119500,13,0.7255246,0.2135655,1.6229031,-0.1449
34,0,120000,13,0.7187105,-0.010449567,1.355281,-0.1401
34,0,120500,13,0.6660318,0.15682267,0.8942484,-0.1355
34,0,121000,13,0.58851516,0.15365958,-0.18991096,-0.1307
34,0,121500,13,0.46230805,0.3638614,0.22167899,-0.1261
34,0,122000,13,0.42595583,-0.40513024,0.9994475,-0.1212
34,0,122500,13,0.5362203,-0.1995955,1.0841372,-0.1165
34,0,123000,13,0.5381552,-0.4387539,1.0444285,-0.1119
34,0,123500,13,0.45561522,0.14222454,0.39438048,-0.1071
34,0,124000,13,0.43740144,-0.26580408,0.67783934,-0.1025
34,0,124500,13,0.44406596,0.42753673,0.270796,-0.0981
34,0,125000,14,0.43645972,-0.26884028,-0.44286495,-0.0941
34,0,125500,14,0.4175565,-0.3059513,-0.11546567,-0.0905
34,0,126000,14,0.40840137,-0.03988083,-0.7321033,-0.0878
34,0,126500,14,0.4602797,-0.1118986,0.022489576,-0.0858
34,0,127000,14,0.56621206,0.1278285,0.56325996,-0.0848
34,0,127500,14,0.5841999,-0.25071716,-0.14546485,-0.0848
34,0,128000,14,0.64247453,-0.1124438,0.55372643,-0.086
34,0,128500,14,0.64247453,0.3202409,0.71878004,-0.0885
34,0,129000,14,0.67762893,0.30677548,0.65365845,-0.0923
34,0,129500,14,0.64126486,-0.22560517,0.3385797,-0.0975
34,0,130000,15,0.6105436,0.047660965,0.21764743,-0.1037
34,0,130500,15,0.4936272,0.25852078,0.31376645,-0.1112
34,0,131000,15,0.29194027,0.33783293,0.2937274,-0.1197
34,0,131500,15,0.09075355,-0.12725812,0.16947061,-0.1291
34,0,132000,15,-0.6882375,0.016608208,0.10763649,-0.1391
34,0,132500,15,-0.8109301,-0.10246104,-0.19119577,-0.1498
34,0,133000,15,-0.9129988,0.084198594,0.15674709,-0.1609
34,0,133500,15,-0.8943625,-0.68335015,-0.24140327,-0.1723
34,0,134000,15,-0.8668695,0.30643708,-0.33940327,-0.1838
34,0,134500,15,-0.8363919,-0.15724869,-0.13761358,-0.1952
34,0,135000,15,-0.7629649,-0.08050274,-0.20789279,-0.2063
34,0,135500,15,-0.7004536,-0.1771108,-0.40709302,-0.2168
34,0,136000,15,-0.6287551,-0.06738511,-0.48749313,-0.2266
34,0,136500,15,-0.53352046,0.5605414,0.25882593,-0.2356
34,0,137000,15,-0.33810905,-0.416241,0.23878424,-0.2439
34,0,137500,15,-0.116185255,-0.36317354,0.19282512,-0.2513
34,0,138000,15,0.100168444,-0.0686917,0.092163295,-0.2581
34,0,138500,15,0.17167757,-0.156022,-0.15438764,-0.2642
34,0,139000,15,0.13009067,-0.26182792,-0.63571084,-0.2695
34,0,139500,15,0.088186614,0.15670046,-1.2479932,-0.2741
34,0,140000,15,0.073766865,-0.21174964,-1.5481424,-0.2782
34,0,140500,15,0.1161862,-0.18642616,-1.3931867,-0.2816
34,0,141000,15,0.19987464,0.007786349,-1.4596751,-0.2843
34,0,141500,15,0.278692,0.09623524,-1.99579,-0.2865
34,0,142000,15,0.2991256,-0.29874623,-1.4785656,-0.2882
34,0,142500,15,0.26916274,-0.13083951,-1.0862864,-0.2895
34,0,143000,15,0.22100778,0.26596087,-0.07190664,-0.2905
34,0,143500,15,0.14988601,0.84853727,1.6233665,-0.2909
34,0,144000,15,0.31998748,-0.05324287,1.7033687,-0.2909
34,0,144500,15,0.3514639,0.08978687,1.5267026,-0.2901
34,0,145000,15,0.3212655,-0.036308847,1.2059588,-0.2886
34,0,145500,15,0.14578013,-0.154659,0.8221314,-0.2862
34,0,146000,15,-0.010608906,-0.13319421,0.62068725,-0.2828
34,0,146500,15,-0.073430516,-0.017715733,0.35894996,-0.2785
34,0,147000,15,-0.10602588,-0.0066237845,-0.47894534,-0.2733
34,0,147500,15,-0.07430167,0.045428477,-1.889684,-0.2673
34,0,148000,15,-0.05045698,-0.14703564,-1.8576431,-0.2605
34,0,148500,16,0.016269935,-0.22509287,-1.8229523,-0.2529
34,0,149000,16,0.118396275,-0.27039596,-1.5884248,-0.2447
34,0,149500,16,0.22269106,0.19970997,-1.0767803,-0.2362
34,0,150000,16,0.33348593,0.3208754,1.2535803,-0.2275
34,0,150500,16,0.48118982,0.4491566,1.5319333,-0.2188
34,0,151000,16,0.5650639,-0.460496,0.8791099,-0.2105
34,0,151500,16,0.61038285,0.1674634,1.043249,-0.2027
34,0,152000,16,0.639017,0.18780021,1.2525401,-0.1956
34,0,152500,16,0.51498324,-0.106507726,1.1940646,-0.1895
34,0,153000,16,0.36960703,-0.019685024,1.1257577,-0.1845
34,0,153500,16,0.19441465,0.04642017,0.87850386,-0.1808
34,0,154000,17,0.01223694,0.14049494,0.65676033,-0.1785
34,0,154500,17,-0.16289812,0.27033183,-0.67648315,-0.1775
34,0,155000,17,-0.14258817,-0.33622858,0.40199336,-0.1779
34,0,155500,17,-0.04936085,-0.16101338,0.41563722,-0.1796
34,0,156000,17,0.015361058,0.0024612737,-0.791036,-0.1825
34,0,156500,17,0.04011395,0.31566313,0.27920112,-0.1865
34,0,157000,17,0.025625344,-0.6314624,0.2921791,-0.1913
34,0,157500,17,-0.04026153,-0.7890668,0.0060157888,-0.1967
34,0,158000,17,-0.12956429,-0.7193097,-0.17949502,-0.2024
34,0,158500,18,-0.13272803,0.18414834,-1.9753728,-0.2083
34,0,159000,18,-0.07120951,0.12238122,-3.065743,-0.2141
34,0,159500,18,0.047780745,0.004336565,-0.61579084,-0.2197
34,0,160000,18,0.19519721,0.128557,1.1585516,-0.225
34,0,160500,18,0.3591066,0.18350443,1.1132826,-0.2297
34,0,161000,18,0.46230805,-0.16600475,1.1490037,-0.2341
34,0,161500,18,0.48848584,0.17801486,1.1446159,-0.2377
34,0,162000,18,0.44345328,-0.07677096,0.92910874,-0.2407
34,0,162500,18,0.30127472,0.1470091,0.5878876,-0.2433
34,0,163000,19,0.21237732,0.05048095,0.65292513,-0.2454
34,0,163500,19,0.18550552,-0.030523174,0.5809015,-0.2472
34,0,164000,19,0.18550552,0.13596886,0.57723206,-0.2489
34,0,164500,19,0.18309492,0.39443007,0.6244748,-0.2506
34,0,165000,19,0.105152,-0.09533118,0.42199504,-0.2524
34,0,165500,19,-0.0011033458,0.012740126,0.16571888,-0.2543
34,0,166000,19,-0.14338516,0.24163377,0.45380196,-0.2566
34,0,166500,19,-0.23252822,0.09065637,0.39442542,-0.2592
34,0,167000,19,-0.19754581,0.3251947,0.21956283,-0.2622
34,0,167500,20,-0.18385284,-0.20829986,0.070324406,-0.2657
34,0,168000,20,-0.21937038,-0.14979452,-0.06984767,-0.2696
34,0,168500,20,-0.24127859,-0.22594358,-0.6010521,-0.2739
34,0,169000,20,-0.24590129,-0.10056225,-0.4379892,-0.2786
34,0,169500,20,-0.21833737,-0.22319879,-0.92274547,-0.2835
34,0,170000,20,-0.09766187,-0.11298899,-1.2451125,-0.2884
34,0,170500,20,-0.04834254,-0.04875909,-1.0149838,-0.2934
34,0,171000,20,0.020924121,0.116703644,-0.9898099,-0.2982
34,0,171500,20,0.12543815,-0.12302815,-0.24720082,-0.3028
34,0,172000,20,0.22238532,-0.09219629,0.11970842,-0.307
34,0,172500,20,0.23301695,-0.13151161,0.17822735,-0.3109
34,0,173000,20,0.21015377,0.21025671,0.32379314,-0.3145
34,0,173500,20,0.24922517,-0.10925251,0.43786976,-0.3177
34,0,174000,20,0.19417429,-0.16966604,-0.14198159,-0.3206
34,0,174500,20,0.11253468,-0.0040904963,0.013763473,-0.3233
34,0,175000,20,0.030015634,-0.1757807,0.0479127,-0.3256
34,0,175500,20,-0.025711732,0.1250555,-0.50832826,-0.3275
34,0,176000,20,0.012245741,0.35551426,-0.013883485,-0.3291
34,0,176500,20,0.08724601,0.32727677,0.7622483,-0.3303
34,0,177000,20,0.2526877,-0.1551619,0.8313959,-0.3313
34,0,177500,20,0.39437494,-0.15130322,0.839724,-0.3321
34,0,178000,20,0.41824317,-0.08613802,0.8005003,-0.3327
34,0,178500,21,0.37307954,-0.15005302,0.4838668,-0.3331
34,0,179000,21,0.2437094,-0.15886548,-0.21247587,-0.3333
34,0,179500,21,0.012245741,0.071541555,0.070299596,-0.3334
34,0,180000,21,-0.37027723,0.101870514,0.33294964,-0.3333
34,0,180500,21,-0.33996028,0.10742589,0.31880182,-0.3331
34,0,181000,21,-0.28447625,-0.11395719,0.21434158,-0.3327
34,0,181500,21,-0.2319796,-0.06675531,0.16210257,-0.3321
34,0,182000,21,-0.2319796,-0.110733,0.09346387,-0.3311
34,0,182500,22,-0.23769596,-0.10174195,-0.21906567,-0.3297
34,0,183000,22,-0.18969181,0.2557995,-1.0462415,-0.3282
34,0,183500,22,-0.11583302,-0.07920085,-0.6563428,-0.3264
34,0,184000,22,0.014534827,0.06436939,-0.42398,-0.3244
34,0,184500,22,0.24366918,-0.049355987,-1.1111872,-0.3224
34,0,185000,22,0.32864594,-0.18832965,-1.5721294,-0.3203
34,0,185500,22,0.31205106,-0.25495654,-1.5198194,-0.3185
34,0,186000,22,0.29721597,0.09676634,-0.74732584,-0.3167
34,0,186500,22,0.3304972,0.4272688,0.75431764,-0.3151
34,0,187000,22,0.42156038,0.014892716,1.0795681,-0.3139
34,0,187500,22,0.5156999,0.03638572,0.75713414,-0.313
34,0,188000,23,0.54302573,-0.08412173,0.4005822,-0.3125
34,0,188500,23,0.49060732,0.1484191,0.25649557,-0.3125
34,0,189000,23,0.3744805,-0.057209652,0.07918182,-0.3129
34,0,189500,23,0.16111054,-0.111536704,-0.039178506,-0.3138
34,0,190000,23,-0.21027485,-0.16717035,-0.3814974,-0.3153
34,0,190500,23,-0.29735798,-0.15165572,-0.8157284,-0.3173
34,0,191000,23,-0.33712155,-0.24982417,-0.70259756,-0.3198
34,0,191500,23,-0.37021604,0.23394461,-0.6205388,-0.3228
34,0,192000,24,-0.21180144,-0.4149485,-0.043875672,-0.3262
34,0,192500,24,-0.041154493,0.024400773,-0.23951295,-0.33
34,0,193000,24,0.15746935,0.30846277,0.31169465,-0.3341
34,0,193500,24,0.3571042,-0.022246512,0.6544192,-0.3385
34,0,194000,24,0.49608988,-0.2440808,0.33641714,-0.3431
34,0,194500,24,0.53201866,-0.16388977,0.32374147,-0.348
34,0,195000,24,0.47365925,0.1687559,0.22435862,-0.3529
34,0,195500,24,0.35452235,0.256763,0.578507,-0.3578
34,0,196000,25,0.16921431,-0.043133218,0.32855216,-0.3629
34,0,196500,25,0.0835025,-0.1543441,0.093454234,-0.3679
34,0,197000,25,-0.09889378,-0.07112159,0.005137751,-0.373
34,0,197500,25,-0.26400474,-0.20171519,0.010513362,-0.378
34,0,198000,25,-0.41435468,0.058353417,-0.15230036,-0.383
34,0,198500,25,-0.4204225,-0.15650609,-0.4440637,-0.3881
34,0,199000,25,-0.33785644,-0.16966604,-0.4848135,-0.3931
34,0,199500,25,-0.244221,-0.27767622,-0.9667568,-0.3979
34,0,200000,25,-0.1174337,0.24471696,-0.9055827,-0.4026
34,0,200500,26,0.077934705,0.054151636,0.5629022,-0.4069
34,0,201000,26,0.27715084,0.1049678,0.09557419,-0.4107
34,0,201500,26,0.39635345,-0.07933715,-0.07437093,-0.4141
34,0,202000,26,0.38370296,-0.023722306,0.295529,-0.4171
34,0,202500,26,0.27716172,0.09537045,-0.026277563,-0.4195
34,0,203000,26,0.17415395,0.20630874,-0.70010406,-0.4211
34,0,203500,26,0.047888815,0.34603438,-0.62057614,-0.4221
34,0,204000,26,-0.11302277,0.56627536,1.0418773,-0.4224
34,0,204500,26,0.08157352,-0.0059798877,0.9088695,-0.422
34,0,205000,26,0.20269611,0.12014403,0.78339034,-0.4209
34,0,205500,27,0.25021145,-0.15978669,0.50418746,-0.4193
34,0,206000,27,0.27139637,0.033123933,0.4357116,-0.4169
34,0,206500,27,0.28159153,-0.14918353,-0.30438212,-0.4139
34,0,207000,27,0.27293026,-0.23431894,-0.052647587,-0.4105
34,0,207500,27,0.24272715,0.15807286,-0.13036168,-0.4068
34,0,208000,27,0.21395925,0.22433315,0.38643816,-0.4029
34,0,208500,27,0.2602259,-0.08220413,0.39920312,-0.3989
34,0,209000,27,0.19193149,-0.06223863,0.16676587,-0.3949
34,0,209500,27,0.11535324,-0.067779906,-0.039005466,-0.3908
34,0,210000,27,0.06878794,-0.14949372,-0.00026704074,-0.3869
34,0,210500,27,0.014193574,-0.10638552,-0.8278033,-0.3834
34,0,211000,27,-0.04935487,0.33011556,0.46785057,-0.3801
34,0,211500,27,0.09726596,-0.008771675,0.5800089,-0.3772
34,0,212000,27,0.14240909,-0.075798064,0.52100146,-0.3747
34,0,212500,27,0.22353542,-0.3963742,0.26905802,-0.3727
34,0,213000,27,0.24341886,-0.22545947,0.071264304,-0.3711
34,0,213500,27,0.22291315,-0.2447341,-0.04266848,-0.3697
34,0,214000,27,0.18358,-0.32084554,-0.279102,-0.3687
34,0,214500,27,0.13948888,-0.1766784,-0.21320508,-0.3675
34,0,215000,27,0.105152,-0.11320049,-0.27169424,-0.3663
34,0,215500,27,0.13581961,0.32824966,-0.019456064,-0.3651
34,0,216000,27,0.22404423,0.007372751,0.2759119,-0.3638
34,0,216500,27,0.27794662,-0.07288878,-0.16182572,-0.3624
34,0,217000,27,0.33319443,-0.25942153,-1.1178657,-0.3607
34,0,217500,27,0.35590926,0.059114814,-0.22716644,-0.3585
34,0,218000,27,0.36332667,0.19674897,0.34897813,-0.3559
34,0,218500,27,0.37772003,0.08700448,0.35868353,-0.3527
34,0,219000,28,0.2840114,0.24934174,0.33581224,-0.3489
34,0,219500,28,0.12100443,-0.2859341,0.52520436,-0.3446
34,0,220000,28,0.04543061,-0.13711399,0.1773671,-0.3397
34,0,220500,28,-0.016557707,-0.053741068,0.23321691,-0.3342
34,0,221000,28,-0.039420187,0.011381833,0.5007246,-0.3285
34,0,221500,28,-0.004261587,0.26230428,0.5581499,-0.3223
34,0,222000,28,0.08940651,0.5797361,0.4304314,-0.3162
34,0,222500,28,0.09726596,-0.09305639,0.22357279,-0.3103
34,0,223000,28,0.116778985,0.13862905,0.2975874,-0.3045
34,0,223500,28,0.091244765,0.1051464,0.2581612,-0.2991
34,0,224000,28,0.077233024,-0.10994341,0.16371478,-0.2942
34,0,224500,28,0.07386817,-0.017179936,0.09570375,-0.2899
34,0,225000,28,0.050920885,0.06468899,-0.23855555,-0.2864
34,0,225500,28,0.05823201,-0.13745238,-0.26692063,-0.2838
34,0,226000,28,0.012918709,-0.25553933,-0.22213165,-0.2822
34,0,226500,28,0.014413356,-0.113209896,-0.19060954,-0.2816
34,0,227000,28,0.023201907,-0.07604717,-1.7903244,-0.2823
34,0,227500,28,0.03904607,0.103327505,-2.1890378,-0.2841
34,0,228000,28,0.07531781,0.2989923,-2.0430946,-0.2872
34,0,228500,28,0.09726596,-0.16889523,-1.7951124,-0.2913
34,0,229000,28,0.14723454,-0.1996425,-1.8026209,-0.2966
34,0,229500,28,0.19530275,0.063650295,-0.9879893,-0.3026
34,0,230000,28,0.27715233,0.22422035,1.1440042,-0.3095
34,0,230500,28,0.3827712,-0.115672685,1.3493551,-0.3169
34,0,231000,28,0.45922565,-0.21397743,1.1772988,-0.325
34,0,231500,28,0.4288397,-0.15939657,0.9203333,-0.3333
34,0,232000,28,0.27438116,0.19043691,0.7200745,-0.3419
34,0,232500,28,-0.025382824,-0.11772187,0.37517163,-0.3504
34,0,233000,28,-0.2354637,0.15631036,-0.5945049,-0.3587
34,0,233500,28,-0.27616405,0.40171504,0.41713038,-0.3667
34,0,234000,28,-0.19303192,-0.24843767,0.4383851,-0.3744
34,0,234500,28,-0.01868122,-0.13689308,0.27565044,-0.3815
34,0,235000,28,0.12100443,-0.21643552,0.5644628,-0.388
34,0,235500,28,0.1356242,-0.04520121,0.5372278,-0.3937
34,0,236000,28,0.14294861,-0.13051991,-0.08237744,-0.3989
34,0,236500,28,0.11386147,-0.09983376,-0.20786507,-0.4035
34,0,237000,28,0.05710612,-0.1334151,-0.21826993,-0.4077
34,0,237500,28,-0.0028803202,-0.12797253,-1.3595464,-0.4111
34,0,238000,28,-0.0028803202,0.16094925,-0.3446858,-0.4138
34,0,238500,28,0.16508403,0.06760767,0.7436239,-0.4158
34,0,239000,29,0.2234705,0.06741968,0.58015335,-0.4173
34,0,239500,29,0.2939994,-0.011178063,0.4336211,-0.4183
34,0,240000,29,0.30559528,-0.10720802,-1.4923674,-0.4189
34,0,240500,29,0.2541953,-0.30147222,-1.9893064,-0.4193
34,0,241000,29,0.17474544,-0.0053124907,-0.25298554,-0.4197
34,0,241500,29,0.104029685,0.17750727,-1.8307945,-0.4201
34,0,242000,29,0.04280089,-0.12684453,-1.6895466,-0.4208
34,0,242500,29,-0.011882449,0.00047318276,-0.44031924,-0.4219
34,0,243000,29,-0.038261548,0.4559857,-0.17109108,-0.4233
34,0,243500,29,-0.000306179,0.22836103,1.5375245,-0.4251
34,0,244000,29,0.10134994,0.2123764,1.2844751,-0.4273
34,0,244500,29,0.19777077,0.20858823,0.7328806,-0.4298
34,0,245000,30,0.24341886,-0.0008381112,0.80232406,-0.4329
34,0,245500,30,0.2996763,0.045987774,0.3657735,-0.4365
34,0,246000,30,0.31685245,-0.15977728,-0.05860914,-0.4404
34,0,246500,30,0.30820537,-0.10881542,0.5443058,-0.4445
34,0,247000,30,0.3525594,-0.16939813,-0.4975379,-0.4489
34,0,247500,30,0.3484918,-0.1758653,-0.49841857,-0.4531
34,0,248000,30,0.23231536,-0.1782811,-0.85780305,-0.4576
34,0,248500,30,0.027472476,0.14280263,-0.9318623,-0.4619
34,0,249000,30,-0.14564335,0.069609866,-1.4560617,-0.466
34,0,249500,30,-0.060206182,0.5029526,0.75549537,-0.4697
34,0,250000,30,0.098606244,0.032978233,1.1680602,-0.4727
34,0,250500,30,0.23615482,-0.3511698,1.1714822,-0.475
34,0,251000,30,0.3118275,-0.22708566,1.011066,-0.4767
34,0,251500,30,0.35195717,-0.27965492,0.71474206,-0.4774
34,0,252000,30,0.37240294,-0.10804932,-0.12184654,-0.4774
34,0,252500,30,0.37240294,0.389575,0.66048783,-0.4765
34,0,253000,30,0.4078339,-0.35429528,0.6339932,-0.4749
34,0,253500,30,0.4000721,-0.1120725,0.514283,-0.4727
34,0,254000,30,0.25592172,-0.090321,0.23869553,-0.47
34,0,254500,30,0.079370864,-0.37044442,-0.12556295,-0.4669
34,0,255000,31,-0.085918166,-0.29052597,0.0519072,-0.4638
34,0,255500,31,-0.23876864,0.33799744,0.151513,-0.4601
34,0,256000,31,-0.19919015,0.5622193,0.37186518,-0.4563
34,0,256500,31,-0.00063514314,0.051895645,0.62619734,-0.4523
34,0,257000,31,0.14644986,-0.02274471,0.5048714,-0.4481
34,0,257500,31,0.24177365,-0.113632895,0.46932885,-0.4437
34,0,258000,31,0.28856054,-0.16536085,0.42395452,-0.439
34,0,258500,31,0.294195,-0.028182585,0.01952835,-0.4339
34,0,259000,31,0.28963003,0.18368304,0.07083447,-0.4286
34,0,259500,31,0.18550552,-0.117688976,0.25221246,-0.4229
34,0,260000,31,0.10324477,-0.12950002,-0.19461542,-0.4165
34,0,260500,32,0.029789217,-0.07717986,-0.3813871,-0.4094
34,0,261000,32,-0.0028803202,-0.094292484,-0.7176593,-0.4016
34,0,261500,32,0.013923161,0.25304532,-1.4803252,-0.393
34,0,262000,32,0.07578697,0.4485174,-0.8149855,-0.3835
34,0,262500,32,0.18550552,0.31550804,0.13337943,-0.3732
34,0,263000,32,0.32206148,0.25313932,0.8937821,-0.3621
34,0,263500,32,0.3652268,0.11617255,0.769434,-0.3503
34,0,264000,32,0.33550245,0.0078662485,0.38135174,-0.3377
34,0,264500,32,0.21492442,-0.13000292,0.7525662,-0.3246
34,0,265000,32,0.12954186,-0.10294044,-0.9820963,-0.3112
34,0,265500,32,0.16546,-0.522625,-3.8585148,-0.2977
34,0,266000,32,0.25921637,0.0061695566,-1.450725,-0.2845
34,0,266500,32,0.40808487,-0.5026172,-0.4690307,-0.2717
34,0,267000,32,0.46230805,0.076020636,1.7601128,-0.2595
34,0,267500,32,0.56607884,0.21266781,1.0942677,-0.2483
34,0,268000,32,0.5746141,0.04626037,0.75295436,-0.2385
34,0,268500,33,0.51729476,-0.22480617,0.8673753,-0.2301
34,0,269000,33,0.43971997,-0.36821193,0.6396726,-0.2232
34,0,269500,33,0.34125528,-0.28738168,0.16190472,-0.2181
34,0,270000,33,0.23723297,-0.07035549,0.44864082,-0.2148
34,0,270500,33,0.14086492,-0.043415215,0.32517803,-0.2135
34,0,271000,33,0.012245741,0.1038257,0.29788765,-0.2141
34,0,271500,33,-0.07524097,-0.09822636,0.31158754,-0.2165
34,0,272000,33,-0.16130418,-0.0463715,-0.16196053,-0.2209
34,0,272500,33,-0.19672161,-0.29957342,-0.8856639,-0.2271
34,0,273000,34,-0.17295706,-0.073730074,-0.81226325,-0.2349
34,0,273500,34,-0.10602588,0.017242705,-1.1198418,-0.2442
34,0,274000,34,-0.04539115,0.4705274,-0.1110104,-0.2557
34,0,274500,34,0.14427266,0.028663652,0.21840611,-0.2683
34,0,275000,34,0.2765347,-0.13713749,-0.32065225,-0.2815
34,0,275500,34,0.32880008,-0.20227918,0.25075346,-0.2951
34,0,276000,34,0.30092493,-0.23516963,0.19488527,-0.3087
34,0,276500,34,0.1992213,-0.1354314,-0.33398357,-0.3225
34,0,277000,34,-0.01040591,0.3262851,-0.41183802,-0.3359
34,0,277500,34,-0.058238216,0.19847387,-0.10857122,-0.3489
34,0,278000,34,-0.04164421,0.19480789,0.15847689,-0.3613
34,0,278500,35,-0.046906453,0.015757512,0.10122118,-0.3728
34,0,279000,35,-0.07439051,-0.124358244,-0.0673726,-0.3835
34,0,279500,35,-0.11321518,-0.009251072,-0.05638443,-0.3931
34,0,280000,35,-0.23997894,-0.0007535116,-0.41235656,-0.4017
34,0,280500,35,-0.20743532,0.29844242,0.18190292,-0.4091
34,0,281000,35,-0.13778198,0.017919503,0.1770184,-0.4154
34,0,281500,35,-0.06607319,0.061380204,0.7402049,-0.4196
34,0,282000,35,-0.03133421,0.26454616,0.5494801,-0.4228
34,0,282500,35,0.0046701888,-0.16111678,0.42234084,-0.4252
34,0,283000,35,-0.08410806,-0.041610423,0.08574828,-0.4267
34,0,283500,35,-0.1791294,-0.061411433,-0.26662153,-0.4275
34,0,284000,35,-0.26175827,-0.07154929,-0.87085253,-0.4276
34,0,284500,35,-0.31860775,0.4351883,0.2138388,-0.4273
34,0,285000,36,-0.13134608,-0.1553593,0.7067758,-0.4266
34,0,285500,36,-0.072728455,-0.07154929,0.3656031,-0.4257
34,0,286000,36,-0.04309476,-0.100623354,0.50306636,-0.4247
34,0,286500,36,-0.04199897,-0.15016583,0.36913127,-0.4237
34,0,287000,36,-0.06516515,0.048116863,0.11837371,-0.4228
34,0,287500,36,-0.098813325,-0.23036626,-0.2707208,-0.4223
34,0,288000,37,-0.08038879,-0.2218922,-0.42959428,-0.4219
34,0,288500,37,-0.058766425,-0.06391652,-0.75606096,-0.4219
34,0,289000,37,-0.022741755,0.13945155,-0.737115,-0.4225
34,0,289500,37,0.07195975,0.15510717,-0.020421643,-0.4235
34,0,290000,37,0.24816135,0.2768319,0.77279,-0.4253
34,0,290500,37,0.32892448,0.38027373,0.59849757,-0.4276
34,0,291000,37,0.3460553,-0.4391205,0.4679918,-0.4309
34,0,291500,37,0.17635278,-0.18581986,0.26235384,-0.4349
34,0,292000,37,0.004651966,-0.10614583,-0.4777113,-0.4405
34,0,292500,37,-0.1525632,-0.2217747,0.064069875,-0.447
34,0,293000,38,-0.29748863,0.20289186,0.15192415,-0.4542
34,0,293500,38,-0.25900868,-0.21258624,-0.22938035,-0.4621
34,0,294000,38,-0.15513611,-0.1123357,0.100747585,-0.4705
34,0,294500,38,-0.036386244,-0.024577701,0.17957927,-0.4794
34,0,295000,38,0.05580863,-0.10962851,0.42373186,-0.4887
34,0,295500,38,0.09384501,-0.17935269,0.38220817,-0.4981
34,0,296000,38,0.080709346,0.15828435,0.21269318,-0.5077
34,0,296500,38,0.019846462,-0.6327925,0.06285072,-0.5173
34,0,297000,38,-0.10393024,-0.11925407,0.3055589,-0.5267
34,0,297500,38,-0.14174193,-0.058159046,0.17335072,-0.5357
34,0,298000,38,-0.13982564,-0.1335702,-0.019035866,-0.5443
34,0,298500,38,-0.13178825,0.2112202,-0.18448313,-0.5519
34,0,299000,38,-0.06972815,-0.2861597,-0.3630875,-0.5588
34,0,299500,38,-0.0011979769,-0.023158308,-0.7894579,-0.5635
34,0,300000,38,0.05211143,0.06973206,0.08697181,-0.567
34,0,300500,39,0.073766865,0.02721606,-0.34486845,-0.5691
34,0,301000,39,0.06379698,0.38246393,-0.43566614,-0.5699
34,0,301500,39,0.041994352,0.72749406,0.18805093,-0.5693
34,0,302000,39,0.12100443,0.22637764,0.5365949,-0.5673
34,0,302500,39,0.20320012,0.052591242,0.59836423,-0.5641
34,0,303000,39,0.22938076,-0.014298849,0.5601776,-0.5591
34,0,303500,40,0.15815414,0.0038383673,0.25467822,-0.5532
34,0,304000,40,0.024180612,-0.12681162,0.06533135,-0.5463
34,0,304500,40,-0.135534,0.045607075,-0.2839001,-0.5386
34,0,305000,40,-0.23876864,-0.090499595,-0.46600968,-0.5304
34,0,305500,40,-0.21123591,0.1722668,-0.56322706,-0.5219
34,0,306000,40,-0.06948678,0.32742247,0.19724013,-0.5133
34,0,306500,40,0.08883122,-0.14123586,0.17155933,-0.505
34,0,307000,41,0.22127952,-0.10304854,0.28033975,-0.4972
34,0,307500,41,0.32314473,-0.18573996,0.10648328,-0.4903
34,0,308000,41,0.33455923,0.0048159626,0.093264274,-0.4532
34,0,308500,41,0.2602259,-0.39979106,-0.089020066,-0.4167
34,0,309000,41,0.16718373,-0.11655628,-0.28650594,-0.3811
34,0,309500,41,0.109640196,0.17915696,-0.6766226,-0.3461
34,0,310000,41,0.11775203,0.034510426,-0.03646502,-0.3118
34,0,310500,41,0.13192043,-0.23708253,-0.7239173,-0.2788
34,0,311000,41,0.0905321,-0.13096641,0.034626573,-0.2464
45,0,500,1,0.49787834,0.33462754,1.273936,0.1355
45,0,1000,1,0.5964937,0.0835735,1.7301979,0.1555
45,0,1500,1,0.6293694,0.23895478,0.4375412,0.1758
45,0,2000,1,0.5717176,0.33277574,1.5772187,0.1963
45,0,2500,1,0.5610514,0.08939207,1.8545904,0.2168
45,0,3000,1,0.5896458,-0.25635713,1.4637413,0.2373
45,0,3500,1,0.5642554,-0.17406051,1.0620815,0.2578
45,0,4000,1,0.4964522,0.18678972,0.21044774,0.2783
45,0,4500,1,0.3868465,0.28151777,-0.032999266,0.29
45,0,5000,1,0.27715084,-0.506114,-0.6120835,0.2964
45,0,5500,1,0.2935814,-0.33269888,-0.74429864,0.3005
45,0,6000,1,0.35276356,-0.3292679,-2.0533926,0.3031
45,0,6500,1,0.44407496,-0.33665156,-3.4396412,0.3047
45,0,7000,1,0.51486635,0.3431204,0.038966283,0.3058
45,0,7500,2,0.5827071,0.26453206,2.0092275,0.3068
45,0,8000,2,0.6736061,-0.0074838805,1.4380593,0.3077
45,0,8500,2,0.70199955,-0.16846754,1.0138977,0.3088
45,0,9000,2,0.63978606,0.100023426,-0.23595148,0.3098
45,0,9500,2,0.5326124,0.052699342,-1.0985441,0.3106
45,0,10000,2,0.4300125,-0.07208038,-0.29120338,0.3116
45,0,10500,2,0.44636446,0.0019865758,-3.046626,0.3127
45,0,11000,2,0.46452937,-0.12433944,-3.4196627,0.3142
45,0,11500,2,0.5178406,-0.58388454,-2.823214,0.3158
45,0,12000,2,0.49137354,-0.12568364,-2.376817,0.3177
45,0,12500,2,0.3115957,-0.19292623,-1.9802068,0.3196
45,0,13000,2,0.073077366,0.7705646,2.2894495,0.3217
45,0,13500,2,-0.036227245,0.35318306,3.3581636,0.3237
45,0,14000,2,-0.0001904987,0.18270545,2.6566956,0.3255
45,0,14500,3,-0.14174193,-0.6118776,1.9216846,0.3272
45,0,15000,3,-0.6001943,-0.14385375,1.5527121,0.3289
45,0,15500,3,-0.87661284,0.24851924,1.1147135,0.3306
45,0,16000,3,-1.0486017,-0.7333297,0.2469142,0.3321
45,0,16500,3,-0.8775521,0.102166615,0.08180513,0.3334
45,0,17000,3,-0.63172865,0.04819206,-0.3145903,0.3346
45,0,17500,3,-0.2949148,0.23216331,-1.8041487,0.3357
45,0,18000,3,-0.01040591,-0.44905156,-3.3527176,0.3364
45,0,18500,3,0.18063094,0.029528448,-2.940514,0.3368
45,0,19000,3,0.288297,0.4064761,0.2521334,0.3369
45,0,19500,4,0.42472416,0.5989825,3.0413592,0.3365
45,0,20000,4,0.58194214,0.0067523536,2.6112802,0.3358
45,0,20500,4,0.66007763,-0.23793322,2.1187809,0.3347
45,0,21000,4,0.6562844,0.0029030715,1.7807968,0.3332
45,0,21500,4,0.5750462,-0.08423923,1.3927629,0.3313
45,0,22000,4,0.38082427,0.021420985,-0.24693061,0.3289
45,0,22500,4,0.04280089,-0.36162254,-2.1828492,0.3259
45,0,23000,4,-0.2591588,-0.058770046,-1.4389194,0.3224
45,0,23500,4,-0.22548768,0.00019118405,-3.0323408,0.3185
45,0,24000,4,-0.1192973,-0.11332269,-3.1561344,0.3141
45,0,24500,4,0.037868544,0.14753081,-1.7303891,0.3093
45,0,25000,4,0.19967002,0.39807725,2.5707743,0.3042
45,0,25500,4,0.3076283,0.21950157,1.5027001,0.2989
45,0,26000,4,0.38124844,-0.7317035,0.53364855,0.2932
45,0,26500,4,0.35639307,0.0007457815,-0.42830336,0.2875
45,0,27000,4,0.30607486,-0.28924757,-2.40734,0.2817
45,0,27500,4,0.26088586,-0.042691417,-2.2307062,0.2761
45,0,28000,4,0.2790198,0.086962186,-2.2656336,0.2706
45,0,28500,4,0.33987424,-0.08169654,-1.8878077,0.2654
45,0,29000,4,0.40340042,0.09443985,-1.5747638,0.2604
45,0,29500,5,0.4675272,0.15981655,-1.0737243,0.2561
45,0,30000,5,0.53989446,0.47020313,3.639686,0.2525
45,0,30500,5,0.6635092,0.018925298,3.3837183,0.2497
45,0,31000,5,0.744431,-0.08090224,2.5828638,0.2476
45,0,31500,5,0.76487327,-0.24659997,1.502918,0.2464
45,0,32000,5,0.7934293,-0.024634102,0.041191287,0.2459
45,0,32500,5,0.6820628,-0.6756657,-2.4681678,0.2464
45,0,33000,5,0.5060616,-0.036487445,-2.5870109,0.2477
45,0,33500,5,0.38961357,-0.20295128,-2.1529267,0.2499
45,0,34000,5,0.31231037,0.15779085,-0.9646027,0.2533
45,0,34500,5,0.31304687,0.6608436,3.5446484,0.2576
45,0,35000,6,0.4041681,0.40154114,3.5035985,0.2632
45,0,35500,6,0.49314848,0.047698565,2.831898,0.2697
45,0,36000,6,0.45435134,0.17675997,2.0178287,0.2775
45,0,36500,6,0.28565794,-0.32095364,1.1857506,0.2865
45,0,37000,6,-0.30505738,-0.06480011,1.4388542,0.2967
45,0,37500,6,-0.20486577,-0.14225106,0.97020143,0.3083
45,0,38000,6,0.10226108,-0.3927129,-1.2856103,0.3208
45,0,38500,6,0.37820083,-0.31869766,-1.3332487,0.3349
45,0,39000,6,0.4900299,-0.12041026,-2.322045,0.3501
45,0,39500,6,0.5085001,0.034980424,-3.2726114,0.3667
45,0,40000,7,0.5295504,0.004350665,-2.831538,0.384
45,0,40500,7,0.6352198,-0.07932775,-2.3581984,0.4025
45,0,41000,7,0.7280194,0.08986207,0.35202312,0.4221
45,0,41500,7,0.8499552,0.3642938,3.3938289,0.4423
45,0,42000,7,0.8839498,-0.10908801,1.8983954,0.4631
45,0,42500,7,0.9317924,0.058931515,1.7149016,0.4841
45,0,43000,7,0.9249423,0.13009858,1.9174476,0.5053
45,0,43500,7,0.94490635,-0.14943263,0.48109585,0.5263
45,0,44000,7,0.8045247,-0.42011848,-2.1901045,0.547
45,0,44500,7,0.60388136,-0.76909655,-2.9758248,0.5668
45,0,45000,7,0.50878817,-0.24547668,-2.7303889,0.5855
45,0,45500,7,0.538007,0.27541253,0.92599607,0.6031
45,0,46000,8,0.6436244,0.26532635,3.06658,0.6189
45,0,46500,8,0.7315056,-0.27857393,2.4962199,0.6329
45,0,47000,8,0.77457005,-0.37824637,2.0601163,0.6451
45,0,47500,8,0.763134,-0.17150372,1.7164534,0.6555
45,0,48000,8,0.7093715,0.08540179,1.466235,0.6637
45,0,48500,8,0.6290211,0.08574959,1.0321001,0.67
45,0,49000,8,0.5933384,-0.084220424,0.72841305,0.6743
45,0,49500,8,0.6114433,-0.09445228,0.5381184,0.6769
45,0,50000,8,0.6477978,-0.09918046,0.4522951,0.6779
45,0,50500,8,0.7082247,-0.021400517,-1.1526971,0.6771
45,0,51000,8,0.7513929,-0.14017367,-1.6043193,0.6748
45,0,51500,8,0.79004455,-0.09441468,-2.4017837,0.6713
45,0,52000,8,0.85233337,-0.14307825,-3.1214662,0.6666
45,0,52500,8,0.9083532,-0.27368596,-3.280515,0.6611
45,0,53000,8,0.9411683,-0.10053405,-2.7398152,0.6546
45,0,53500,8,0.97167,-0.331444,-2.2832901,0.6475
45,0,54000,9,0.9767886,-0.20579477,-1.9041686,0.6401
45,0,54500,9,0.9141825,0.111308075,-0.73088735,0.6321
45,0,55000,9,0.78399444,0.014328719,2.0353072,0.6239
45,0,55500,9,0.62005955,0.15016279,0.2082525,0.6154
45,0,56000,9,0.3460553,-0.5476759,-1.1636142,0.6064
45,0,56500,9,-0.19839825,-0.12542513,-1.4002928,0.5971
45,0,57000,9,-0.3567192,0.1727697,0.8329179,0.5873
45,0,57500,9,-0.15425323,0.59851253,3.7897806,0.5773
45,0,58000,9,0.23425366,0.19484079,3.1816566,0.567
45,0,58500,9,0.44301558,0.116468646,2.5898154,0.5565
45,0,59000,9,0.42595583,-0.76872057,1.0738916,0.5458
45,0,59500,9,0.18305582,0.2981181,0.3779061,0.535
45,0,60000,9,0.09244902,-0.0036063984,2.084331,0.5241
45,0,60500,9,0.1933268,-0.014519748,1.2180042,0.5133
45,0,61000,9,0.30528575,-0.10625862,0.67038345,0.5028
45,0,61500,9,0.33341676,-0.072465785,-0.22813348,0.4925
45,0,62000,9,0.3687902,0.014728217,-1.861876,0.4826
45,0,62500,9,0.39425364,1.728486e-05,-2.787417,0.4729
45,0,63000,9,0.43573228,-0.011225063,-3.197757,0.464
45,0,63500,9,0.52721554,-0.59241027,-2.6997094,0.4556
45,0,64000,10,0.5989035,-0.018345531,-2.1262636,0.4477
45,0,64500,10,0.70990485,-0.08775481,-1.810506,0.4403
45,0,65000,10,0.8029335,-0.10866032,-1.5951754,0.4333
45,0,65500,10,0.8694724,0.35022676,0.52056056,0.427
45,0,66000,10,0.9061072,0.570026,4.056683,0.4212
45,0,66500,10,0.94816935,0.037090715,3.545414,0.416
45,0,67000,10,0.99291974,-0.091641694,2.7319913,0.4111
45,0,67500,10,0.97063375,-0.095829375,0.7102882,0.4065
45,0,68000,11,0.8236483,-0.41039893,-2.584961,0.4021
45,0,68500,11,0.32266042,-0.2609631,-2.0467842,0.3981
45,0,69000,11,-0.07130318,-0.38396156,-2.36193,0.3941
45,0,69500,11,-0.31860775,-0.25420925,-2.092697,0.3901
45,0,70000,11,-0.5167265,-0.16920073,-1.7434599,0.386
45,0,70500,11,-0.26106825,0.18913971,-1.4538122,0.3815
45,0,71000,11,-0.15910217,-0.03382726,-1.2134268,0.3769
45,0,71500,11,-0.15196788,0.006536155,-1.0133027,0.3721
45,0,72000,11,-0.111458726,0.44253436,-0.8120497,0.3674
45,0,72500,11,0.012245741,0.19818248,3.0473294,0.3625
45,0,73000,11,0.19712994,0.46680504,4.107061,0.3571
45,0,73500,11,0.3280053,0.037001416,3.1124005,0.3513
45,0,74000,11,0.33690488,-0.0907205,1.6499814,0.3449
45,0,74500,11,0.26637998,-0.34627712,-0.552894,0.3382
45,0,75000,11,0.22553515,-0.29971913,-2.6121762,0.3313
45,0,75500,11,0.29974583,0.0182955,-2.171853,0.3243
45,0,76000,12,0.40575394,0.7249466,0.7255633,0.3169
45,0,76500,12,0.53447133,0.6504755,3.3306522,0.3097
45,0,77000,12,0.65243447,-0.24414659,2.7000248,0.3027
45,0,77500,12,0.6820628,-0.9997104,2.1912367,0.2959
45,0,78000,12,0.7405294,-0.5068472,1.280841,0.2895
45,0,78500,12,0.7520746,-0.14231215,-0.052917216,0.2838
45,0,79000,12,0.7169492,0.12337761,0.18058279,0.2785
45,0,79500,13,0.6789966,-0.008898574,-0.77549714,0.2737
45,0,80000,13,0.7525153,-0.10503193,-1.3311591,0.2695
45,0,80500,13,0.8136105,-0.1336736,-1.0701908,0.2663
45,0,81000,13,0.85748696,-0.08198794,-2.7012255,0.264
45,0,81500,13,0.8919306,-0.23235905,-2.540012,0.2629
45,0,82000,13,0.9243521,-0.3341888,-2.1151094,0.2626
45,0,82500,13,0.94911015,0.617021,-0.9246416,0.2632
45,0,83000,13,0.9630317,-0.09886556,3.4153686,0.2645
45,0,83500,13,1.0167586,-0.20075169,3.2300117,0.2661
45,0,84000,13,1.0869603,-0.16482976,2.6209812,0.268
45,0,84500,13,1.0472443,-0.05747755,1.9155266,0.2702
45,0,85000,13,0.92864984,-0.3313594,0.9387272,0.2727
45,0,85500,13,0.5241142,-0.22159609,1.094631,0.2753
45,0,86000,13,0.21572493,-0.25538895,-0.23933788,0.278
45,0,86500,13,0.18902126,-0.14332736,-2.3705513,0.2807
45,0,87000,13,0.38568404,-0.16503656,-3.1715279,0.2831
45,0,87500,13,0.41052306,-0.12529354,-2.841071,0.2855
45,0,88000,13,0.28565794,-0.68580824,-2.3651152,0.2874
45,0,88500,13,0.22908574,0.29475763,0.36008507,0.2889
45,0,89000,14,0.24024771,0.07579973,2.7310069,0.2899
45,0,89500,14,0.36489052,0.07895342,1.9053637,0.2904
45,0,90000,14,0.37597278,-0.27385986,0.7049278,0.2905
45,0,90500,14,0.32313305,-0.58169436,-1.9840606,0.2901
45,0,91000,14,0.30501258,-0.40980202,-2.5944018,0.2894
45,0,91500,14,0.34482932,-0.11981336,-2.1589358,0.2884
45,0,92000,14,0.4171541,0.45956707,-0.67539585,0.2871
45,0,92500,14,0.49869102,0.6492958,3.1796193,0.2853
45,0,93000,14,0.6530149,0.06784737,2.5660784,0.283
45,0,93500,14,0.72225785,-0.51330495,0.27280214,0.2803
45,0,94000,14,0.7620124,-0.1782811,-0.9604915,0.277
45,0,94500,14,0.792364,-0.062844925,-2.375138,0.2733
45,0,95000,14,0.8229818,-0.07716106,-2.1336792,0.2693
45,0,95500,14,0.8254931,-0.027651487,-1.7773527,0.2649
45,0,96000,14,0.8534433,0.07649063,-1.4026114,0.2603
45,0,96500,15,0.848114,0.5361156,2.9008186,0.2551
45,0,97000,15,0.8828923,0.26219618,3.1550727,0.2497
45,0,97500,15,0.94461864,-0.013415254,2.226825,0.2439
45,0,98000,15,0.8826984,-0.032374967,0.5811884,0.2382
45,0,98500,15,0.7926643,-0.17002793,-0.57053816,0.2323
45,0,99000,15,0.604336,-0.1542454,-2.5982516,0.226
45,0,99500,16,0.50757563,-0.10327884,-2.0542269,0.2195
45,0,100000,16,0.5698611,0.03139904,-0.38873476,0.2129
45,0,100500,16,0.71822906,-0.00992787,-0.9723562,0.2066
45,0,101000,16,0.8154896,0.021561986,-1.3597676,0.2009
45,0,101500,16,0.8464346,-0.12227615,-1.4013485,0.1957
45,0,102000,16,0.8473257,-0.2648829,-1.1682932,0.1912
45,0,102500,16,0.7837584,0.386708,1.8250601,0.1873
45,0,103000,16,0.7277646,0.2774382,3.1870785,0.1841
45,0,103500,16,0.7005414,0.14537822,1.8058513,0.1818
45,0,104000,16,0.5262896,-0.10958151,1.3121405,0.1804
45,0,104500,16,0.22672856,-0.14504285,-1.7394418,0.1801
45,0,105000,16,0.11556539,-0.08662212,-2.0443077,0.1807
45,0,105500,17,0.1930661,-0.06215403,-1.7004912,0.1819
45,0,106000,17,0.351399,-0.02925888,-1.41592,0.1839
45,0,106500,17,0.5276606,-0.005053992,-1.1801571,0.1869
45,0,107000,17,0.6340244,0.15709996,-0.0022816546,0.1905
45,0,107500,17,0.6892708,0.26024097,3.70191,0.1945
45,0,108000,17,0.7326437,-0.09891256,2.92315,0.199
45,0,108500,17,0.72083265,-0.3946446,-0.011366385,0.2032
45,0,109000,17,0.67810136,-0.31333968,-1.4418985,0.2071
45,0,109500,17,0.658858,-0.33978176,-1.2087328,0.2109
45,0,110000,17,0.6409371,0.08140211,-1.619047,0.2141
45,0,110500,17,0.66000074,0.039013006,-1.3750838,0.2165
45,0,111000,17,0.6609751,-0.025160499,-1.145597,0.2182
45,0,111500,17,0.70470625,0.18569933,-0.95545,0.2191
45,0,112000,18,0.7214089,0.33077827,1.3991541,0.2189
45,0,112500,18,0.71342975,0.5029855,1.2314768,0.218
45,0,113000,18,0.74258727,-0.31980684,-0.12708472,0.2164
45,0,113500,18,0.5976895,-0.2435544,-1.0214937,0.2141
45,0,114000,18,0.369483,0.22938094,-0.68520427,0.2113
45,0,114500,18,0.015370587,0.20592333,3.7068567,0.2082
45,0,115000,18,-0.06675718,0.17865877,2.4597151,0.2049
45,0,115500,18,0.09631782,0.2532286,1.2790428,0.2014
45,0,116000,18,-0.18385284,-0.3903441,1.0041581,0.1978
45,0,116500,18,-0.51144207,-0.17353882,-1.4835207,0.1943
45,0,117000,18,-0.56695074,0.13935754,-2.0947883,0.1909
45,0,117500,18,-0.4093082,0.09163866,-1.7417891,0.1878
45,0,118000,18,-0.053118598,0.22030997,-1.4494643,0.1851
45,0,118500,18,0.18550552,-0.47044584,-1.2073045,0.1827
45,0,119000,19,0.26505366,-0.08372223,-1.0064582,0.1809
45,0,119500,19,0.3218076,0.29350272,-0.07552822,0.1793
45,0,120000,19,0.36473706,0.4728774,3.960942,0.1782
45,0,120500,19,0.4190794,0.10977118,3.2550304,0.1775
45,0,121000,19,0.40042996,0.00755135,1.874324,0.1772
45,0,121500,19,0.28530964,0.11529835,-0.7105413,0.1772
45,0,122000,19,0.1655334,0.2358622,-1.33502,0.1775
45,0,122500,19,0.08157352,-0.48910946,-1.4723428,0.1781
45,0,123000,20,0.11564183,-0.047823794,-1.6517106,0.1791
45,0,123500,20,0.26034442,-0.13532329,-0.7336942,0.1806
45,0,124000,20,0.4259965,0.1263621,-1.3007246,0.1825
45,0,124500,20,0.5665193,0.58913136,2.865294,0.1845
45,0,125000,20,0.67576003,0.35622865,3.7075658,0.1867
45,0,125500,20,0.74250245,-0.07629156,2.7866247,0.189
45,0,126000,20,0.772653,-0.6559822,-1.105907,0.1915
45,0,126500,21,0.76627904,-0.13154921,-0.691415,0.1939
45,0,127000,21,0.7093672,0.48232436,2.35547,0.1965
45,0,127500,21,0.5897646,0.15922435,1.6506776,0.1991
45,0,128000,21,0.39963713,0.27117783,0.7613224,0.2017
45,0,128500,21,-0.11321518,-0.98641884,-1.1010644,0.2041
45,0,129000,21,-0.29651636,-0.00977747,-2.211672,0.2063
45,0,129500,21,-0.35350642,-0.22607987,-2.6323383,0.2082
45,0,130000,21,-0.25718495,0.5370227,0.54791427,0.2097
45,0,130500,22,0.020304529,0.59277385,2.803667,0.2102
45,0,131000,22,0.294195,-0.5885798,2.0339189,0.2099
45,0,131500,22,0.41910425,0.09089606,1.3783376,0.2088
45,0,132000,22,0.42595583,-0.17134392,0.67215854,0.2067
45,0,132500,22,0.380927,-0.30167902,-0.8000154,0.2039
45,0,133000,22,0.3377769,-0.31259707,-3.0071425,0.2002
45,0,133500,23,0.36691722,-0.16054338,-2.7880814,0.1959
45,0,134000,23,0.4455548,-0.2882841,-2.32,0.191
45,0,134500,23,0.52337754,-0.1125801,-1.9319148,0.1853
45,0,135000,23,0.6148027,-0.1117529,-1.6099194,0.179
45,0,135500,23,0.68099874,-0.08931991,-1.3423455,0.1724
45,0,136000,23,0.72574925,0.040681496,-1.0964895,0.1655
45,0,136500,23,0.79065335,0.21613169,2.9431915,0.1589
45,0,137000,23,0.83520585,0.019334195,2.5350626,0.1526
45,0,137500,23,0.86886966,-0.08461522,-0.8184215,0.1467
45,0,138000,23,0.69205415,-0.5647462,-1.6027448,0.1416
45,0,138500,23,0.20822841,-0.14021596,-1.4525808,0.1372
45,0,139000,23,-0.20573913,-0.17505221,-1.209298,0.1338
45,0,139500,23,-0.41652733,0.74907166,-1.0081503,0.1317
45,0,140000,24,-0.26872438,0.70124936,1.8704675,0.1307
45,0,140500,24,-0.017906703,-0.14221346,3.6897137,0.1313
45,0,141000,24,0.26062763,0.09619294,2.4265592,0.1336
45,0,141500,24,0.24364589,-0.21444742,1.1447951,0.1375
45,0,142000,24,0.15529618,-0.23143315,-1.4791988,0.1432
45,0,142500,24,0.14534974,-0.25673312,-2.119382,0.1504
45,0,143000,24,0.23768784,0.7977963,2.2958088,0.1591
45,0,143500,25,0.36391866,0.6887709,3.4147043,0.1692
45,0,144000,25,0.4938469,0.09920563,2.4442225,0.1803
45,0,144500,25,0.57141894,-0.08706862,0.67828494,0.1923
45,0,145000,25,0.6323776,-0.3285676,-2.2602048,0.2051
45,0,145500,25,0.6229036,-1.25436,-2.8548522,0.2184
45,0,146000,25,0.55878216,-0.07050589,-2.3739552,0.2323
45,0,146500,25,0.49116474,-0.27642605,-1.9755908,0.2465
45,0,147000,25,0.48776004,0.5568096,0.16064003,0.2609
45,0,147500,25,0.5622361,-0.22956255,3.0812328,0.2752
45,0,148000,25,0.6439258,-0.50965774,0.7377989,0.2891
45,0,148500,25,0.68395656,0.40683332,1.3839502,0.3023
45,0,149000,25,0.67604893,-1.2580307,-1.9950564,0.3146
45,0,149500,26,0.66697305,-0.546656,-2.2096133,0.3261
45,0,150000,26,0.6721094,0.12238592,-1.8379556,0.3365
45,0,150500,26,0.66120374,0.5223306,-0.5456415,0.3459
45,0,151000,26,0.6455252,-0.69153285,-1.2869047,0.3539
45,0,151500,26,0.6498552,0.5829603,-1.2262105,0.3607
45,0,152000,26,0.6288502,0.67857194,-1.0227324,0.3662
45,0,152500,26,0.56090826,-0.51249653,-0.85377324,0.3705
45,0,153000,26,0.51850176,1.3337584,-0.02165072,0.3736
45,0,153500,26,0.5650639,-0.85952884,3.8949094,0.3755
45,0,154000,26,0.6012512,-0.48399588,3.0822284,0.3763
45,0,154500,26,0.61200994,0.8958942,0.62020224,0.3759
45,0,155000,26,0.5449228,-1.1951778,-0.73229706,0.3746
45,0,155500,26,0.49464315,-0.33875716,-1.8544624,0.3724
45,0,156000,26,0.49197486,-0.20241548,-1.5459428,0.3696
45,0,156500,26,0.5090021,0.2366518,-1.2866876,0.3663
45,0,157000,26,0.5390911,-0.25771543,-1.0717111,0.3625
45,0,157500,26,0.5759343,0.48049608,-0.89359015,0.3585
45,0,158000,26,0.5938216,0.72599477,-0.27531642,0.3543
45,0,158500,27,0.6191656,0.5885768,3.870149,0.3502
45,0,159000,27,0.7029693,0.0845276,3.4525523,0.3464
45,0,159500,27,0.7325402,-0.24017511,2.5376866,0.3429
45,0,160000,27,0.6734152,0.06461849,-0.98959804,0.3395
45,0,160500,27,0.59325385,0.38015154,-2.1832817,0.3366
45,0,161000,27,0.4991939,-1.1012253,-1.814761,0.3341
45,0,161500,28,0.49071917,-0.5033222,-1.5097898,0.3323
45,0,162000,28,0.5528909,-0.36383155,-1.2569503,0.3311
45,0,162500,28,0.65702504,-0.5303001,-1.0475304,0.3306
45,0,163000,28,0.7428209,0.14630881,0.94302636,0.3307
45,0,163500,28,0.82423395,0.11480956,1.1402055,0.3311
45,0,164000,28,0.8773326,-0.045332808,-0.37592748,0.3321
45,0,164500,28,0.8818214,0.09340116,-1.1177274,0.3333
45,0,165000,29,0.8566777,-0.8660618,-0.97396,0.3347
45,0,165500,29,0.812275,-0.61829776,-0.8116105,0.3361
45,0,166000,29,0.7504206,0.22626954,-0.67706966,0.3375
45,0,166500,29,0.6576423,-0.009373272,-0.56525594,0.3386
45,0,167000,29,0.5155682,-0.79320276,-0.47211713,0.3394
45,0,167500,29,0.3140967,0.16189393,-0.3565695,0.3399
45,0,168000,29,0.019846462,1.4628056,2.3921688,0.3401
45,0,168500,29,-0.11813767,-0.8912725,2.1968246,0.34
45,0,169000,29,-0.19032194,0.17172159,-0.9118384,0.3395
45,0,169500,30,-0.21833737,-0.14487834,-0.9524368,0.3383
45,0,170000,30,-0.19855024,0.6529524,1.823007,0.3367
45,0,170500,30,-0.11755395,0.43142828,0.9406683,0.3346
45,0,171000,30,0.08157352,-0.501555,-1.2175356,0.3322
45,0,171500,30,0.14886183,0.21617399,-0.9470927,0.3295
45,0,172000,30,0.22459856,-0.1326772,0.063838184,0.3267
45,0,172500,30,0.34363478,-0.60667,-0.90158325,0.3239
45,0,173000,30,0.4584392,0.7076225,-0.7508137,0.321
45,0,173500,30,0.54105103,-0.21825911,-0.6254064,0.3181
45,0,174000,30,0.6133696,-0.308353,-0.5215659,0.3153
45,0,174500,30,0.68904513,-0.18891245,-0.4350986,0.3124
45,0,175000,30,0.77174413,0.20707013,-0.36344498,0.3094
45,0,175500,30,0.84873337,1.1801349,-0.30384025,0.3064
45,0,176000,30,0.8945737,0.96254,0.46485403,0.3032
45,0,176500,31,0.93602276,-0.059131943,2.5748732,0.2999
45,0,177000,31,0.9256935,-0.09907706,0.43413147,0.2964
45,0,177500,31,0.7959576,-0.043293014,-0.8226783,0.2927
45,0,178000,31,0.31998748,-0.6566825,-0.41416487,0.2885
45,0,178500,31,-0.45679316,-0.42184338,-0.6289083,0.284
45,0,179000,31,-1.098373,0.45756018,-0.5235318,0.2791
45,0,179500,31,-0.59344965,-1.205607,-0.43609422,0.2738
45,0,180000,31,-0.6181867,0.5306965,-0.36365274,0.268
45,0,180500,31,-0.4883586,-0.2186304,-0.30357763,0.2619
45,0,181000,31,-0.16972423,0.10379281,-0.2534755,0.2554
45,0,181500,32,0.22121456,0.756695,1.2708207,0.2487
45,0,182000,32,0.37725782,0.38440973,2.9106956,0.2417
45,0,182500,32,0.46230805,-0.44274417,1.3209509,0.2347
45,0,183000,32,0.4711122,-0.42831525,0.2555612,0.2278
45,0,183500,32,0.5369696,-0.12140196,-0.17186727,0.2209
45,0,184000,32,0.5236558,-0.32453033,-1.0202544,0.2141
45,0,184500,32,0.55174696,-0.15781268,-0.97235477,0.2073
45,0,185000,32,0.5774258,-0.16114967,-0.8087135,0.2006
45,0,185500,32,0.60672545,-0.0901095,-0.6730434,0.1943
45,0,186000,32,0.63831544,-0.04899409,-0.56068516,0.1882
45,0,186500,32,0.6569385,-0.030104876,-0.46763006,0.1823
45,0,187000,32,0.67894745,-0.1126271,-0.3900575,0.1763
45,0,187500,32,0.7096691,0.4091645,-0.3254498,0.1706
45,0,188000,32,0.71892273,0.601685,2.6176934,0.1651
45,0,188500,32,0.7179839,0.42299184,3.14166,0.1596
45,0,189000,32,0.7040398,0.09604254,1.9352753,0.1542
45,0,189500,32,0.57736444,0.11529835,0.34117588,0.1492
45,0,190000,32,0.26867354,-0.46191537,0.016839378,0.1446
45,0,190500,32,0.0036072508,-0.3098194,-0.23380789,0.1403
45,0,191000,32,0.052431997,0.20169336,-0.84929407,0.1363
45,0,191500,32,0.13810673,-0.1792305,-1.4295,0.1327
45,0,192000,32,0.23154971,-0.051536776,-1.1884542,0.1296
45,0,192500,32,0.3517294,0.16037114,-0.98894995,0.1269
45,0,193000,32,0.45270094,0.033758428,-0.82360303,0.1249
45,0,193500,33,0.5340537,0.39526665,-0.68626875,0.1233
45,0,194000,33,0.58576447,0.88055354,0.008541351,0.1226
45,0,194500,33,0.61348873,0.20838612,0.80741835,0.1227
45,0,195000,33,0.69205415,-0.6515548,-0.6271636,0.1235
45,0,195500,33,0.6544613,0.09823743,-0.6055421,0.1251
45,0,196000,33,0.5057418,-0.36506292,-0.50437284,0.1276
45,0,196500,33,0.29710382,0.10063442,-0.4204448,0.1307
45,0,197000,33,0.120725274,0.011146833,-0.35096133,0.1341
45,0,197500,33,0.038858395,-0.25276166,-0.29308113,0.1377
45,0,198000,33,0.09366795,-0.046912,-0.24471727,0.1417
45,0,198500,33,0.16921431,-0.799919,-0.2045639,0.1459
45,0,199000,33,0.13812587,-2.5208113,-0.17114943,0.1502
45,0,199500,33,0.031241909,0.6053745,-0.1434088,0.1546
45,0,200000,33,-0.07672406,0.45626298,-0.12022032,0.1589
45,0,200500,33,-0.15060778,0.23458381,-0.10085067,0.163
45,0,201000,33,-0.1447431,0.5284358,-0.08459865,0.1674
45,0,201500,33,0.04280089,-0.38033316,-0.071220614,0.1715
45,0,202000,33,0.083347775,-0.1106531,-0.06005532,0.1754
45,0,202500,33,0.13381882,-0.31646517,-0.050628304,0.1788
45,0,203000,33,0.15733093,-0.3719625,-0.04281905,0.1819
45,0,203500,33,0.18935892,0.086271286,-0.036035486,0.1844
45,0,204000,33,0.2350592,-0.1117999,-0.030553658,0.1865
45,0,204500,33,0.23727387,-0.33063558,-0.025934402,0.1889
45,0,205000,33,0.2602259,-1.0681326,-0.02215233,0.1909
45,0,205500,33,0.22887239,-0.14312996,-0.018849695,0.1923
45,0,206000,33,0.30189523,-0.100303754,-0.016115785,0.1935
45,0,206500,33,0.3027065,0.19834228,-0.0137375835,0.1946
45,0,207000,33,0.2592474,0.17826867,-0.011778704,0.1954
45,0,207500,34,0.18348806,0.53106314,-0.010055019,0.1963
45,0,208000,34,0.09497486,-0.23911761,-0.008785379,0.1969
45,0,208500,34,0.08157352,-0.3495342,-0.0073100193,0.1971
45,0,209000,34,0.023550086,-0.09453688,-0.0065393653,0.197
45,0,209500,34,-0.08798829,-0.030645374,-0.0057663764,0.1966
45,0,210000,34,-0.11483367,0.81582075,0.705622,0.1961
45,0,210500,34,-0.06922573,0.344051,0.2376214,0.1955
45,0,211000,34,-0.0028803202,-0.77506554,-0.16281231,0.1949
45,0,211500,34,-0.3254351,-0.14840333,-0.13513704,0.1943
45,0,212000,34,-0.59046656,0.07152276,-0.112330236,0.1932
45,0,212500,34,-0.9137753,-0.116617374,-0.09347591,0.1921
45,0,213000,34,-1.0116973,0.058348715,0.03417282,0.1909
45,0,213500,34,-0.91006273,0.6063145,2.6742365,0.1893
45,0,214000,34,-0.7067005,0.3194372,3.0344105,0.1873
45,0,214500,34,-0.35101065,-0.36154264,1.7462188,0.1847
45,0,215000,34,-0.19562224,-0.11114661,-0.39508265,0.1821
45,0,215500,34,-0.10679369,-0.16969894,-1.1131965,0.1788
45,0,216000,34,-0.051457874,-0.34335843,-1.071674,0.1747
45,0,216500,34,-0.026843332,0.022022583,-0.3658506,0.1697
45,0,217000,34,-0.032834392,0.0398214,1.2989705,0.1638
45,0,217500,34,-0.040083278,-0.1768288,1.0846878,0.1569
45,0,218000,34,0.024361033,-0.2230907,0.45443752,0.1489
45,0,218500,34,0.07996216,-0.24848936,-0.92068505,0.1399
45,0,219000,34,0.11177832,-0.21121854,-1.1459632,0.1307
45,0,219500,34,0.12690389,0.015094816,-0.9526166,0.1205
45,0,220000,34,0.15266977,0.100521624,-0.79251367,0.1094
45,0,220500,35,0.22672856,-0.563825,-0.6596656,0.0975
45,0,221000,35,0.30814362,-0.09848486,-0.54930335,0.0851
45,0,221500,35,0.39367694,0.024287973,-0.45790395,0.0722
45,0,222000,35,0.4350435,-0.00979627,-0.38174722,0.059
45,0,222500,35,0.44998387,-0.0028591019,-0.3184389,0.0451
45,0,223000,35,0.41937846,-0.10696362,-0.26564252,0.0311
45,0,223500,35,0.33920497,0.06475009,-0.2216172,0.0173
45,0,224000,35,0.25413555,0.101875216,-0.18499932,0.0044
45,0,224500,35,0.22805738,0.2794827,-0.15467623,-0.0078
45,0,225000,35,0.12897108,-0.463316,-0.12938997,-0.0191
45,0,225500,35,0.06728661,-0.043354116,-0.10818954,-0.0295
45,0,226000,35,0.008132735,0.044779878,-0.09065621,-0.0389
45,0,226500,35,-0.08150008,0.12237182,-0.075963594,-0.0479
45,0,227000,35,-0.17968029,0.25191733,-0.063743725,-0.0559
45,0,227500,35,-0.19771212,-0.32038495,0.010989586,-0.0627
45,0,228000,35,-0.17324209,0.3403145,1.2509801,-0.0684
45,0,228500,35,-0.008083584,0.13895805,0.62553906,-0.0731
45,0,229000,35,0.05836884,-0.31944025,-0.1367942,-0.0769
45,0,229500,35,0.055148404,-0.4820736,-0.3467853,-0.0797
45,0,230000,35,0.05532164,-0.17385371,-0.2881097,-0.0819
45,0,230500,35,-0.10602588,-0.77164394,-0.23960342,-0.0836
45,0,231000,35,-0.44201392,0.006898053,-0.19938672,-0.0847
45,0,231500,35,-0.6483962,0.54873973,-0.16592294,-0.0859
45,0,232000,35,-1.08406,-0.23806483,0.23761061,-0.0868
45,0,232500,35,-0.92744297,0.46564415,1.1548643,-0.0877
45,0,233000,35,-0.7197654,0.3271311,-0.06733437,-0.0887
45,0,233500,35,-0.43298805,-0.0684614,-0.36039445,-0.0899
45,0,234000,35,-0.2614444,-0.5495888,-0.29927206,-0.0913
45,0,234500,36,-0.2730046,-0.021414617,-0.24874242,-0.0929
45,0,235000,36,-0.27906013,-0.13727848,-0.20692635,-0.0947
45,0,235500,36,-0.27162316,0.104361504,-0.17231256,-0.0971
45,0,236000,36,-0.22516921,-0.9953112,-0.14351678,-0.0999
45,0,236500,36,-0.026298394,-0.27850342,-0.119637296,-0.1029
45,0,237000,36,0.05747491,-0.09716417,-0.09962568,-0.1062
45,0,237500,36,0.16149583,0.26414666,0.3514217,-0.1098
45,0,238000,36,0.2563777,0.26770926,0.2683959,-0.1134
45,0,238500,36,0.30549616,0.11484715,-0.18766582,-0.1172
45,0,239000,36,0.32356825,-0.10518233,-0.15587701,-0.121
45,0,239500,36,0.36980793,-0.018072931,-0.12955688,-0.1249
45,0,240000,36,0.33733517,-0.5888007,-0.10794325,-0.1289
45,0,240500,36,0.19886653,0.10394321,-0.08993458,-0.133
45,0,241000,36,0.08361442,0.3224734,-0.07487079,-0.1372
45,0,241500,36,0.046790864,0.4515536,0.8858579,-0.1415
45,0,242000,36,0.07733945,0.32844707,0.41469762,-0.1461
45,0,242500,36,0.13169362,0.27144104,-0.2805934,-0.1507
45,0,243000,36,0.14498596,-0.5207826,-0.23301594,-0.1554
45,0,243500,36,0.010002188,-0.24525109,-0.19359411,-0.1601
45,0,244000,36,-0.20564348,0.008825044,-0.16083212,-0.1649
45,0,244500,36,-0.3665746,0.1942298,-0.13379532,-0.1697
45,0,245000,36,-0.48789737,0.52947927,0.21015595,-0.1743
45,0,245500,36,-0.37769213,-0.0099701695,0.8959292,-0.1791
45,0,246000,36,-0.2188825,0.17286839,0.1730811,-0.1839
45,0,246500,36,-0.06531252,-0.048707392,-0.32566047,-0.189
45,0,247000,36,0.041204024,-0.14819184,-0.27045876,-0.1941
45,0,247500,37,0.08963111,-0.1123216,-0.2246686,-0.1994
45,0,248000,37,0.13109285,0.021444486,-0.18690218,-0.2047
45,0,248500,37,0.2350592,-0.7895744,-0.15560533,-0.2101
45,0,249000,37,0.2645726,-0.025113499,-0.12938501,-0.2156
45,0,249500,37,0.34771535,0.33009675,-0.10766692,-0.2211
45,0,250000,37,0.4195572,0.3655346,-0.08960367,-0.2267
45,0,250500,37,0.47537863,0.02476737,-0.07457052,-0.2323
45,0,251000,37,0.5173855,-0.31364986,-0.062145513,-0.2379
45,0,251500,37,0.54045963,-0.33547658,-0.0517856,-0.2436
45,0,252000,37,0.5555464,-0.056246158,-0.043290604,-0.2495
45,0,252500,37,0.5746141,0.110936776,-0.036088884,-0.2555
45,0,253000,37,0.5711824,0.3886961,-0.030334221,-0.2617
45,0,253500,37,0.55282915,0.3835355,-0.025207227,-0.2677
45,0,254000,37,0.52721554,-0.067375705,-0.02103589,-0.2738
45,0,254500,37,0.4625677,-0.7451173,-0.017484054,-0.2796
45,0,255000,37,0.26960102,0.03811061,-0.014703746,-0.2851
45,0,255500,37,0.005501496,0.36383322,0.39953285,-0.2901
45,0,256000,37,-0.22270115,0.12196762,-0.07460204,-0.2947
45,0,256500,37,-0.43298805,-0.57666534,-0.06652403,-0.2988
45,0,257000,37,-0.4214527,-0.3048562,-0.05510545,-0.3024
45,0,257500,37,-0.3936531,0.3427303,-0.045287125,-0.3054
45,0,258000,37,-0.29712322,0.627878,1.4993817,-0.3079
45,0,258500,37,-0.12243631,0.5653354,0.51233697,-0.3098
45,0,259000,37,0.05050355,-0.19527622,-0.37520847,-0.3109
45,0,259500,37,0.11987642,-0.8031479,-0.31113535,-0.3112
45,0,260000,37,0.1339324,-0.31494236,-0.25816038,-0.3109
45,0,260500,37,0.157798,0.2608896,-0.21050999,-0.31
45,0,261000,37,0.20187338,0.24185467,0.29223076,-0.3085
45,0,261500,38,0.24391787,0.017463604,-0.2278621,-0.3063
45,0,262000,38,0.26381397,-0.24406669,-0.18926987,-0.3039
45,0,262500,38,0.28066343,-0.073415175,-0.15712418,-0.3014
45,0,263000,38,0.31998748,-0.3526832,-0.13069987,-0.299
45,0,263500,38,0.27164975,0.58925825,0.029581286,-0.2967
45,0,264000,38,0.31737113,0.015470814,-0.11344259,-0.2947
45,0,264500,38,0.32274085,-0.1763917,-0.09426991,-0.2931
45,0,265000,38,0.29677,-0.23792382,-0.07851688,-0.2918
45,0,265500,38,0.26711497,0.06420489,-0.06536236,-0.2912
45,0,266000,38,0.2628284,0.4086663,0.934089,-0.2912
45,0,266500,38,0.29754803,0.30969417,0.7535438,-0.2919
45,0,267000,38,0.31998748,-0.2646479,-0.33555087,-0.2934
45,0,267500,38,0.27757922,-0.71534294,-0.28031006,-0.2955
45,0,268000,38,0.23499782,-0.29277727,-0.23254994,-0.2982
45,0,268500,38,0.14206003,0.12596731,-0.19322206,-0.3015
45,0,269000,38,0.055968247,0.2564575,0.21671131,-0.3054
45,0,269500,38,0.010233947,0.35372826,0.19164391,-0.31
45,0,270000,38,0.026924312,0.18609883,-0.2288557,-0.3149
45,0,270500,38,0.012245741,-0.90847445,-0.18989871,-0.3201
45,0,271000,38,-0.08237156,-0.24427819,-0.1578741,-0.3258
45,0,271500,38,-0.11005189,0.28892964,-0.13125868,-0.3316
45,0,272000,38,-0.083000846,0.5055705,0.9576606,-0.3374
45,0,272500,38,-0.011494702,0.44028306,0.32749027,-0.3432
45,0,273000,38,0.0659864,-0.6437293,-0.3248014,-0.3488
45,0,273500,38,0.051215757,-0.50860494,-0.26937732,-0.3543
45,0,274000,38,-0.010999852,-0.29970032,-0.22359885,-0.3601
45,0,274500,39,-0.055288255,0.06818107,-0.18583475,-0.3654
45,0,275000,39,-0.06644418,0.5698662,0.6742259,-0.3706
45,0,275500,39,-0.03362761,0.57148296,1.0312351,-0.3756
45,0,276000,39,0.035123907,-0.53511757,-0.07118706,-0.3804
45,0,276500,39,0.05578255,-0.25053856,-0.42788258,-0.3849
45,0,277000,39,0.0214886,-0.36350253,-0.35509005,-0.389
45,0,277500,39,-0.062250033,-0.13846758,-0.29493788,-0.3928
45,0,278000,39,-0.14330012,0.2149379,-0.245101,-0.3964
45,0,278500,39,-0.12038132,0.1263856,-0.03227705,-0.3997
45,0,279000,39,-0.07145036,0.39644167,1.1725473,-0.4028
45,0,279500,39,-0.036469154,0.014272319,0.16060385,-0.4058
45,0,280000,39,-0.029347058,-0.3285441,-0.4219528,-0.4088
45,0,280500,39,-0.07230567,-0.10002176,-0.35018396,-0.4117
45,0,281000,39,-0.17689015,-0.24834368,-0.2909393,-0.4143
45,0,281500,39,-0.356356,0.2778142,-0.045168072,-0.4167
45,0,282000,39,-0.35969818,0.2836046,0.2525212,-0.4189
45,0,282500,39,-0.32664934,-0.18492687,-0.27655628,-0.4212
45,0,283000,39,-0.26950505,-0.069918394,-0.22968383,-0.4235
45,0,283500,39,-0.23876864,-0.31961885,-0.1910239,-0.4258
45,0,284000,39,-0.10686775,0.15361258,-0.15874106,-0.4281
45,0,284500,39,-0.02174468,-0.065044515,-0.13201591,-0.4307
45,0,285000,39,0.040422417,-0.1767254,-0.11010202,-0.4333
45,0,285500,39,0.10163751,-0.17327562,-0.0916498,-0.4359
45,0,286000,39,0.18268402,0.26053238,-0.076332144,-0.4384
45,0,286500,39,0.2615943,0.8041742,0.67905504,-0.441
45,0,287000,39,0.32864594,-0.065787114,2.2885776,-0.4435
45,0,287500,40,0.4606237,0.20160876,0.4721258,-0.4459
45,0,288000,40,0.49459323,-0.33277878,-0.64000213,-0.4481
45,0,288500,40,0.50613636,-0.64301026,-0.53116566,-0.4503
45,0,289000,40,0.38258848,-0.3495624,-0.44086668,-0.4523
45,0,289500,40,0.14873107,0.33572263,-0.3661526,-0.4543
45,0,290000,40,-0.82981944,-0.2633178,-0.30279937,-0.4561
45,0,290500,40,-0.89587563,0.6973954,1.0196502,-0.4578
45,0,291000,40,-0.8893106,0.48835912,1.1272941,-0.4597
45,0,291500,40,-0.6827872,-0.40752253,0.08972615,-0.4615
45,0,292000,40,-0.7805341,-0.3114597,-0.627641,-0.4634
45,0,292500,40,-0.8317996,-0.23628353,-0.5212677,-0.4652
45,0,293000,40,-0.87474203,-0.5093946,-0.43298534,-0.467
45,0,293500,40,-0.8137887,-0.016272841,-0.35994247,-0.4689
45,0,294000,40,-0.67101604,0.2563729,-0.29939577,-0.4709
45,0,294500,40,-0.4397975,0.7746818,0.14579977,-0.473
45,0,295000,40,-0.16289812,0.014902117,0.4509735,-0.4752
45,0,295500,40,0.055915482,-0.108354814,-0.34769225,-0.4775
45,0,296000,40,0.16064556,-0.52427,-0.29061773,-0.4801
45,0,296500,40,0.20118181,-0.25635713,-0.24149343,-0.4829
45,0,297000,40,0.21820912,-0.085945316,-0.20096274,-0.4519
45,0,297500,40,0.22672856,0.3223418,-0.16733263,-0.4208
45,0,298000,40,0.2282614,0.64135283,0.661482,-0.3896
45,0,298500,40,0.24030006,0.6982649,1.9748865,-0.3581
45,0,299000,40,0.32864594,-0.52540267,1.0165828,-0.3265
45,0,299500,40,0.34487146,-0.076277465,-0.7022485,-0.2947
45,0,300000,40,0.27842173,-0.4406057,-0.6327099,-0.2628
51,0,500,1,0.9938307,-0.5067109,0.22975379,0.2422
51,0,1000,1,0.846626,-0.93317753,0.21722081,0.2743
51,0,1500,1,0.70381814,-1.225488,0.13091369,0.3061
51,0,2000,1,0.3362855,0.015113615,0.029522926,0.3375
51,0,2500,1,0.3243884,0.0027620723,0.05160168,0.3681
51,0,3000,1,0.3951142,-0.013471653,0.15073505,0.3982
51,0,3500,1,0.5172748,-0.16722204,0.20181765,0.4277
51,0,4000,1,0.6425449,-0.03840504,0.20470826,0.4566
51,0,4500,1,0.73458654,-0.015863942,0.17149776,0.4687
51,0,5000,1,0.80201596,-0.1765656,0.08841099,0.465
51,0,5500,1,0.84348434,0.13418756,-0.4896271,0.459
51,0,6000,1,0.89038473,0.74389696,-0.2878173,0.4519
51,0,6500,1,0.93567157,0.37332717,0.231359,0.4442
51,0,7000,1,0.9413324,-0.7928973,0.19695356,0.4359
51,0,7500,1,0.9089058,-0.8424068,0.18487786,0.4271
51,0,8000,1,0.8653666,0.634129,0.25970483,0.4178
51,0,8500,1,0.788317,1.2043726,0.1332665,0.4083
51,0,9000,1,0.72702074,-0.87884104,0.10769952,0.3987
51,0,9500,1,0.7273245,-0.9382911,-0.1453353,0.3889
51,0,10000,1,0.576019,0.012133829,-1.0875155,0.3797
51,0,10500,1,0.2602259,0.24379577,-0.62001556,0.3711
51,0,11000,1,-0.11436741,-0.10691192,-0.42117953,0.3627
51,0,11500,1,-0.26903376,4.1925297,-0.14709546,0.3547
51,0,12000,1,-0.36302513,1.6588652,0.23978922,0.3473
51,0,12500,1,-0.49990174,0.04654237,0.18141326,0.3406
51,0,13000,1,-0.5277352,-0.5829163,0.45768297,0.3353
51,0,13500,1,-0.4865799,-1.2625567,0.36508366,0.3306
51,0,14000,1,-0.4130915,-0.49671873,0.28840637,0.3267
51,0,14500,1,-0.33162856,0.29103056,0.4911158,0.3233
51,0,15000,2,-0.27494144,-0.4596641,0.365564,0.3207
51,0,15500,2,-0.14646856,-0.8304924,0.114188656,0.3187
51,0,16000,2,-0.045889985,-0.3080287,-0.07403243,0.3172
51,0,16500,2,-0.021652812,0.047613967,0.019263392,0.3163
51,0,17000,2,-0.10602588,0.22933392,-0.16878203,0.3157
51,0,17500,2,-0.08535993,0.170556,-0.50115776,0.3153
51,0,18000,2,-0.012474565,-0.058290645,0.01031727,0.3149
51,0,18500,2,0.102973565,2.5611155,0.1531045,0.3147
51,0,19000,2,0.22850955,3.8016512,0.11153586,0.3145
51,0,19500,2,0.33472472,-0.33482328,0.08048852,0.3142
51,0,20000,2,0.41846728,0.5525044,0.20519558,0.3137
51,0,20500,3,0.46768987,0.339069,0.41570872,0.3131
51,0,21000,3,0.37240294,-0.27299035,0.3753887,0.3123
51,0,21500,3,0.048756093,0.0033072697,0.13861847,0.3113
51,0,22000,3,-0.35863605,-0.5432532,0.003930266,0.31
51,0,22500,3,-0.8943625,-1.8083605,-0.08844813,0.3086
51,0,23000,3,-0.7684836,0.4551068,-0.21709366,0.307
51,0,23500,3,-0.8761073,1.1437618,-0.17857526,0.3051
51,0,24000,3,-1.0530735,0.19829057,-0.04999509,0.3029
51,0,24500,3,-1.1176982,1.0455228,0.10316926,0.3009
51,0,25000,3,-1.1305139,0.2376435,0.2370591,0.2988
51,0,25500,3,-1.1058602,-0.75521284,0.3794168,0.2967
51,0,26000,3,-0.8607134,-1.3467709,0.09782925,0.2947
51,0,26500,3,-0.72017777,0.72398317,-0.038018,0.2931
51,0,27000,3,-0.6218063,0.36169472,0.105120264,0.2916
51,0,27500,3,-0.4344986,-0.5225686,-0.5149627,0.2903
51,0,28000,3,-0.32462278,-0.38335526,-0.1266902,0.2892
51,0,28500,3,-0.24946177,-0.49479643,0.090797655,0.2886
51,0,29000,3,-0.1855421,-0.96707845,0.030797524,0.2885
51,0,29500,3,-0.08431795,0.049446955,-0.19555795,0.2887
51,0,30000,3,-0.003368946,-0.74915457,-0.38764924,0.2893
51,0,30500,3,0.08484193,-0.20066708,-0.044101235,0.2903
51,0,31000,3,0.12544863,-0.029503278,-0.045744676,0.2919
51,0,31500,3,0.12601864,0.13311127,-0.22005226,0.2937
51,0,32000,3,0.12946044,0.0394642,0.2373153,0.2957
51,0,32500,3,0.17359543,0.22788164,0.3113471,0.2981
51,0,33000,3,0.2019093,-0.23002785,0.35257345,0.3005
51,0,33500,3,0.13956267,0.06397929,0.38185364,0.303
51,0,34000,3,0.037214685,-0.12639803,0.28574687,0.3054
51,0,34500,3,-0.0755992,-0.018923627,0.1907326,0.3077
51,0,35000,3,-0.17577486,0.00068938173,0.122844726,0.3097
51,0,35500,3,-0.24553643,-0.2635763,-0.044953596,0.3113
51,0,36000,3,-0.307144,0.056623824,-0.25508916,0.3125
51,0,36500,3,-0.23202656,-0.10729262,-0.045958858,0.3129
51,0,37000,4,-0.109619066,0.025909465,0.08334644,0.3128
51,0,37500,4,0.027783386,0.16596413,0.06463919,0.3115
51,0,38000,4,0.13429232,0.020090893,0.20887288,0.31
51,0,38500,4,0.17734592,-0.40909234,0.11910818,0.3074
51,0,39000,4,0.11034997,0.05519973,0.13479058,0.3039
51,0,39500,4,0.04322018,-0.1358544,0.10658162,0.2994
51,0,40000,4,0.008164896,0.110964976,0.048801824,0.2937
51,0,40500,4,-0.04169936,0.044211183,-0.021959158,0.2879
51,0,41000,4,-0.14881656,-0.05776425,-0.04296262,0.2813
51,0,41500,4,-0.33015877,-0.046771,-0.13139495,0.2741
51,0,42000,4,-0.42183843,-0.074157774,-0.16682461,0.2663
51,0,42500,4,-0.44054165,-0.0031505006,-0.110575326,0.2583
51,0,43000,4,-0.3570016,0.46211445,-0.13640493,0.2507
51,0,43500,4,-0.2857025,-0.4400746,0.055453785,0.2429
51,0,44000,5,-0.1181064,-0.15426421,0.17186399,0.2353
51,0,44500,5,0.0146469185,-0.15009062,0.15227781,0.2283
51,0,45000,5,0.08980042,0.023291579,0.04775921,0.2219
51,0,45500,5,0.08886453,-0.04893299,-0.014743723,0.2155
51,0,46000,5,-0.01040591,0.023973074,0.033102777,0.2101
51,0,46500,5,-0.12868112,0.14357813,0.12919584,0.2059
51,0,47000,5,-0.22193635,0.38313133,-0.017224932,0.2029
51,0,47500,5,-0.28277156,-0.2914754,-0.33765507,0.2011
51,0,48000,5,-0.3060795,-0.1325033,-0.7569159,0.1994
51,0,48500,5,-0.24553643,-0.044811107,-1.7007235,0.1989
51,0,49000,5,-0.16429174,-0.034828354,-0.6345054,0.1995
51,0,49500,5,0.012613572,-0.100468256,0.18069543,0.2011
51,0,50000,5,0.14085631,0.03781921,0.31513706,0.2035
51,0,50500,5,0.20857869,0.05322574,0.101573385,0.2059
51,0,51000,5,0.24381015,-0.023886805,0.019802062,0.2087
51,0,51500,5,0.20900746,0.097259834,0.17187478,0.212
51,0,52000,5,0.16921431,-0.4355391,0.2789204,0.2154
51,0,52500,5,0.32052308,-0.05565396,-0.030375073,0.2189
51,0,53000,5,0.29785377,-0.2653905,-0.034303047,0.2221
51,0,53500,6,0.079632245,0.032235637,0.17462474,0.2253
51,0,54000,6,-0.1634791,-0.012696156,0.19936241,0.2278
51,0,54500,6,-0.70449686,-0.20241079,0.30573046,0.2295
51,0,55000,6,-0.8821143,0.14751671,0.21663575,0.2305
51,0,55500,6,-1.0396241,-0.1564215,0.0942993,0.2309
51,0,56000,6,-1.0855129,0.18531393,-0.18255751,0.2303
51,0,56500,6,-1.0719537,-0.02936698,-0.109321155,0.2293
51,0,57000,6,-1.0441186,-0.1324939,-0.048062764,0.2272
51,0,57500,7,-0.8720581,-0.054164067,-0.036020603,0.2243
51,0,58000,7,-0.7515863,-0.018040031,-0.25398117,0.2207
51,0,58500,7,-0.58624595,-0.07492387,0.06876821,0.2165
51,0,59000,7,-0.31860775,-0.24642138,0.33720094,0.2117
51,0,59500,7,-0.1187808,0.067729875,0.26483095,0.2063
51,0,60000,7,0.022639306,-0.44712454,-0.21956348,0.2007
51,0,60500,7,0.0703279,-0.08108554,-0.13723482,0.1953
51,0,61000,8,-0.00952638,-0.01194416,0.23353936,0.1897
51,0,61500,8,-0.21148397,-0.16296387,0.23944692,0.1844
51,0,62000,8,-0.6020458,0.102693014,0.13710722,0.1795
51,0,62500,8,-0.73468286,0.095863946,0.20185705,0.175
51,0,63000,8,-0.85988843,-0.12832503,0.26711082,0.1714
51,0,63500,8,-0.7055241,-0.27693835,0.017026717,0.1687
51,0,64000,8,-0.6750964,0.1692588,-0.5398148,0.1662
51,0,64500,8,-0.66591567,0.10188931,-1.3315358,0.1648
51,0,65000,8,-0.76819247,-0.25325045,-0.19351591,0.164
51,0,65500,8,-0.55125344,-0.019210327,-0.33371395,0.1643
51,0,66000,8,-0.4188584,0.05722542,-0.46725538,0.1655
51,0,66500,8,-0.34613892,0.24298267,-0.606311,0.1677
51,0,67000,8,-0.35743198,-0.0892165,-0.47777373,0.1706
51,0,67500,8,-0.39286858,-0.1970669,0.0138580175,0.1742
51,0,68000,8,-0.3603897,-0.6501777,0.004942242,0.1781
51,0,68500,8,-0.28092602,-0.8010329,0.25859103,0.1825
51,0,69000,8,-0.1552833,-0.152544,0.24068768,0.1871
51,0,69500,8,0.027472476,-0.18934484,0.3462521,0.1917
51,0,70000,8,0.12994424,0.117422745,0.43047866,0.1964
51,0,70500,8,0.20367715,-0.088464506,0.39738432,0.2009
51,0,71000,8,0.15759553,-0.39197502,0.21355517,0.2049
51,0,71500,8,0.06041071,-0.030607775,0.14877908,0.2086
51,0,72000,8,-0.019341392,0.2565468,0.11354143,0.2116
51,0,72500,8,-0.37657896,-0.5057615,-0.010294005,0.2143
51,0,73000,8,-0.49996883,-0.3759622,-0.22032481,0.2161
51,0,73500,8,-0.5905111,-0.18989474,-0.32313696,0.2173
51,0,74000,9,-0.6442017,0.16634011,-0.24944246,0.2177
51,0,74500,9,-0.62610626,-0.13414359,0.12616311,0.2172
51,0,75000,9,-0.48263356,-0.13688369,0.20154336,0.2159
51,0,75500,9,-0.28628072,0.00755605,0.30083168,0.2136
51,0,76000,9,-0.117176525,0.57291174,0.3777421,0.2105
51,0,76500,9,-0.04026153,-0.6488053,0.12656902,0.2065
51,0,77000,9,0.023062238,-0.04281832,0.11400481,0.2018
51,0,77500,9,-0.07756167,-0.27551895,-0.07949938,0.1963
51,0,78000,9,-0.1582024,-0.018091733,-0.36602074,0.1901
51,0,78500,9,-0.16780403,0.73048794,0.053435087,0.1833
51,0,79000,9,-0.33810905,-0.53830415,0.14507668,0.176
51,0,79500,9,-0.31424406,-0.26580408,-0.112599276,0.1682
51,0,80000,10,-0.31394386,0.121901825,0.2691663,0.16
51,0,80500,10,-0.31059697,-0.016742839,0.50207156,0.1517
51,0,81000,10,-0.2319796,-0.3996454,0.23654348,0.1431
51,0,81500,10,-0.16317524,-0.17364222,0.04840818,0.1345
51,0,82000,10,-0.20381853,-0.16792704,0.004732435,0.1259
51,0,82500,10,-0.2736455,0.08646399,-0.00096882903,0.1177
51,0,83000,10,-0.36383373,0.44565514,-0.08445975,0.1099
51,0,83500,10,-0.5907781,0.46494386,-0.07450866,0.103
51,0,84000,10,-0.5150298,-0.3058902,-0.02020775,0.0971
51,0,84500,10,-0.4034495,-0.20444117,-0.114641905,0.0923
51,0,85000,10,-0.2828449,0.1922088,-0.5960973,0.0888
51,0,85500,10,-0.047664355,1.0607507,-3.1752274,0.0867
51,0,86000,10,0.0944202,1.0055964,-2.0792391,0.0861
51,0,86500,10,0.2901376,0.79276264,-0.21157652,0.0867
51,0,87000,10,0.37443665,0.59731406,-1.9587201,0.0889
51,0,87500,10,0.35393438,0.4768442,-0.096635565,0.0925
51,0,88000,10,0.2646983,-0.011436562,0.39547533,0.0972
51,0,88500,10,0.1310925,-0.17948899,0.8458991,0.1028
51,0,89000,10,-0.12752442,-0.5267093,0.6843402,0.1094
51,0,89500,10,-0.45383242,-0.1772612,-0.8696234,0.1169
51,0,90000,10,-0.6258098,-0.1772753,0.27763152,0.1251
51,0,90500,10,-0.7419099,-0.305768,0.41738483,0.1339
51,0,91000,10,-0.9316426,-0.08641062,0.44452086,0.1429
51,0,91500,10,-1.0200874,-0.40204236,0.3552379,0.1519
51,0,92000,10,-1.1862679,-0.40201887,0.25171727,0.1607
51,0,92500,10,-1.1746249,0.10079892,0.61092204,0.1695
51,0,93000,10,-1.1605589,0.33492365,0.7686817,0.1781
51,0,93500,10,-0.7992582,-0.07538447,0.52113396,0.1864
51,0,94000,10,-0.62829846,0.38082364,0.5097005,0.1944
51,0,94500,10,-0.5264354,-0.03120467,0.5609468,0.202
51,0,95000,10,-0.5177763,-0.30143464,0.45490965,0.2093
51,0,95500,11,-0.90697026,-0.31355587,-0.072918035,0.2161
51,0,96000,11,-1.088442,-0.65628767,-0.48380008,0.2231
51,0,96500,11,-1.3909526,-0.015755843,-0.578859,0.2299
51,0,97000,11,-1.410323,-0.38096765,-0.7383494,0.2371
51,0,97500,11,-1.3956414,-0.8941207,-0.57539266,0.2441
51,0,98000,11,-1.3596089,-0.53871304,-0.49738705,0.2509
51,0,98500,12,-1.3211939,0.17518547,-0.23723921,0.2573
51,0,99000,12,-1.1033365,0.05340434,0.8211057,0.2635
51,0,99500,12,-0.94599515,-0.46718878,0.59602803,0.2685
51,0,100000,12,-0.75968057,-0.65219873,0.7677053,0.2734
51,0,100500,12,-0.5296056,0.55884004,0.65940696,0.2774
51,0,101000,12,-0.44849387,1.2848973,0.1997613,0.2806
51,0,101500,12,-0.44460782,-0.41164443,0.1958342,0.2827
51,0,102000,12,-0.4830483,-0.17169173,0.20270327,0.2838
51,0,102500,12,-0.5354943,-0.4992285,0.48575887,0.2836
51,0,103000,12,-0.5354943,0.19387259,0.26876855,0.2825
51,0,103500,12,-0.5114948,0.18827961,0.2621913,0.2802
51,0,104000,13,-0.45757377,0.29374713,0.09167365,0.2765
51,0,104500,13,-0.43367645,0.04408428,0.021542965,0.2709
51,0,105000,13,-0.45600554,-0.028582083,-0.029432254,0.263
51,0,105500,13,-0.5117905,-0.0691288,0.018350339,0.2541
51,0,106000,13,-0.6718405,-0.20533417,0.097524606,0.2442
51,0,106500,13,-0.80291873,-0.084756225,0.28023702,0.2336
51,0,107000,13,-0.78302646,-0.067060806,0.45934597,0.223
51,0,107500,13,-0.6274291,0.14338543,0.33242264,0.2116
51,0,108000,13,-0.60135907,0.090853766,0.1854314,0.2
51,0,108500,13,-0.70556194,-0.057078052,0.17675725,0.1883
51,0,109000,14,-0.83989656,-0.1343692,0.018016806,0.1772
51,0,109500,14,-1.0041025,0.012721326,0.044402003,0.1667
51,0,110000,14,-1.0344418,-0.044350512,-0.014681568,0.1569
51,0,110500,14,-1.0530735,0.1059689,-0.047669705,0.1479
51,0,111000,14,-0.9460298,-0.16582145,0.009680845,0.1401
51,0,111500,14,-0.76507026,0.14198484,-0.0038699433,0.1337
51,0,112000,15,-0.53700435,0.043694183,-0.9635954,0.1287
51,0,112500,15,-0.38924706,-0.3683153,-0.3478606,0.1259
51,0,113000,15,-0.27140436,-0.27794415,-0.07496592,0.1247
51,0,113500,15,-0.23810728,-0.017579434,-0.30169928,0.1248
51,0,114000,15,-0.23561282,-0.23393354,-0.30632174,0.1262
51,0,114500,15,-0.24553643,-0.12371434,-0.30713734,0.1287
51,0,115000,15,-0.32226285,0.22528255,0.23037678,0.1321
51,0,115500,16,-0.34619024,0.18686022,0.3510838,0.1363
51,0,116000,16,-0.34128213,0.14614901,0.18745331,0.1413
51,0,116500,16,-0.31274644,0.19708738,0.07079566,0.1465
51,0,117000,16,-0.32512817,-0.10968961,0.17271547,0.152
51,0,117500,16,-0.13361652,-0.049642686,0.29867962,0.1576
51,0,118000,16,-0.056214105,-0.025423698,0.08079404,0.1629
51,0,118500,16,-0.088892825,0.13860555,-0.07020718,0.1676
51,0,119000,16,-0.20138419,0.3604915,-0.032675073,0.1716
51,0,119500,16,-0.2657133,-0.12222445,0.016283492,0.1746
51,0,120000,16,-0.30559573,-0.12710303,-0.21889818,0.1767
51,0,120500,16,-0.34399915,-0.10355614,-0.30792493,0.1777
51,0,121000,16,-0.37581542,-0.071079284,-0.28897282,0.1775
51,0,121500,16,-0.37021604,-0.41948867,-0.26235566,0.176
51,0,122000,16,-0.34408095,-0.4213687,-0.32003683,0.173
51,0,122500,16,-0.30341312,-0.14223225,-0.3430193,0.1691
51,0,123000,16,-0.25655967,0.08032581,-0.22602695,0.1641
51,0,123500,16,-0.21148397,-0.3918293,-0.65074223,0.1583
51,0,124000,16,-0.19773968,-0.33771846,-0.3321353,0.1519
51,0,124500,16,-0.0935199,-0.3300857,0.5857487,0.1449
51,0,125000,16,-0.024705479,-0.12394465,0.5523234,0.1375
51,0,125500,16,0.015694436,-7.671471e-05,0.16623479,0.1299
51,0,126000,16,0.011593303,0.29239354,0.15298924,0.1223
51,0,126500,16,-0.25900868,-0.2398837,0.3082785,0.1152
51,0,127000,16,-0.53785497,-0.02047462,0.3585251,0.1087
51,0,127500,16,-0.71013665,-0.026758492,0.3125015,0.1029
51,0,128000,17,-1.097173,0.46202517,-0.057946164,0.0979
51,0,128500,17,-1.0753878,0.23906289,-0.24615091,0.0937
51,0,129000,17,-1.0530735,-0.44711515,-0.333196,0.0907
51,0,129500,17,-0.93634635,-0.1768429,-0.4978697,0.0895
51,0,130000,17,-0.8411471,0.40604842,-0.16494043,0.0894
51,0,130500,17,-0.67920727,0.5690014,0.19129491,0.0905
51,0,131000,18,-0.37657896,0.31151775,0.29293865,0.0924
51,0,131500,18,-0.18727396,0.40300754,0.20764264,0.0953
51,0,132000,18,-0.05987833,0.043637782,0.31453916,0.099
51,0,132500,18,0.07396476,0.20863523,0.29469824,0.1031
51,0,133000,18,0.19315624,-0.07707176,0.30422536,0.1078
51,0,133500,18,0.2534812,-0.47280052,0.19125056,0.1127
51,0,134000,18,0.23330052,0.41063088,0.12034892,0.1177
51,0,134500,18,-0.20460893,-0.017208137,0.08431085,0.1224
51,0,135000,18,-0.55960155,0.17813237,0.09128468,0.1267
51,0,135500,18,-0.95642775,0.12832199,0.35310397,0.1307
51,0,136000,18,-0.81460106,-0.8780656,-0.19567847,0.1341
51,0,136500,18,-0.84726405,-0.060631234,-0.23258846,0.1368
51,0,137000,18,-0.8796668,0.29022214,-0.09569596,0.1386
51,0,137500,18,-1.040935,0.57599026,0.16123416,0.1395
51,0,138000,18,-0.9579966,0.38224304,0.29371953,0.1397
51,0,138500,18,-0.8296981,0.1692259,0.34626523,0.1391
51,0,139000,18,-0.6274291,-0.9324631,0.014505822,0.1379
51,0,139500,18,-0.38663107,0.4093854,0.11773086,0.1359
51,0,140000,18,-0.24565294,0.2780398,0.12867789,0.1332
51,0,140500,18,-0.17357777,0.24888584,0.19518991,0.1299
51,0,141000,18,-0.14148435,0.3454093,0.13103537,0.1259
51,0,141500,18,-0.098813325,-0.25874472,0.028073536,0.1214
51,0,142000,19,-0.1622528,-0.063907124,0.001849121,0.1165
51,0,142500,19,-0.17358503,-0.0895126,-0.011580569,0.1112
51,0,143000,19,-0.1820265,-0.23718593,-0.15969963,0.1057
51,0,143500,19,-0.25228307,-0.32308742,-0.05140042,0.0998
51,0,144000,19,-0.35245556,-0.12990892,0.033131372,0.0937
51,0,144500,19,-0.38204026,-0.2421632,-0.22960329,0.0872
51,0,145000,19,-0.3906952,-0.111438,-0.2922956,0.0805
51,0,145500,19,-0.37657896,-0.19163373,-0.21928744,0.0736
51,0,146000,19,-0.5688834,-0.043246016,-0.11410849,0.0667
51,0,146500,19,-0.4701983,-0.10718452,0.15018499,0.0595
51,0,147000,19,-0.32956588,-0.10302974,0.25298312,0.0523
51,0,147500,19,-0.2339899,0.46339285,-0.055605896,0.0451
51,0,148000,19,-0.10602588,0.022163583,0.17269824,0.0381
51,0,148500,19,-0.16115828,0.08807608,0.30793855,0.0311
51,0,149000,19,-0.23888327,0.06897537,0.08845797,0.0244
51,0,149500,19,-0.32296273,0.35022208,0.05750721,0.0177
51,0,150000,20,-0.7419099,-0.31837806,0.117227204,0.0111
51,0,150500,20,-0.8549101,-0.039387334,0.0039445646,0.0046
51,0,151000,20,-0.9661166,0.2135937,0.00070058095,-0.0017
51,0,151500,20,-0.9796274,-0.09493638,-0.07983349,-0.008
51,0,152000,20,-0.9569706,-0.012179159,-0.1732119,-0.0141
51,0,152500,20,-0.92820066,0.15581687,-0.30734015,-0.0199
51,0,153000,20,-0.8380382,0.14403403,-0.16897316,-0.0258
51,0,153500,20,-0.58168244,0.19563039,0.017956404,-0.0317
51,0,154000,20,-0.37511098,0.11584825,0.123147324,-0.0375
51,0,154500,20,-0.25689897,0.2130485,0.14887801,-0.0433
51,0,155000,20,-0.16990528,-0.1331425,0.11107569,-0.0491
51,0,155500,20,-0.22068207,-0.113097094,0.18864825,-0.0551
51,0,156000,20,-0.25340086,-0.04421421,0.20976055,-0.0611
51,0,156500,20,-0.293526,0.00064708194,0.17557135,-0.0673
51,0,157000,20,-0.37021604,0.095887445,0.046657067,-0.0729
51,0,157500,20,-0.30462885,0.11661905,0.24348782,-0.0786
51,0,158000,20,-0.25113147,0.115965754,0.25383052,-0.0843
51,0,158500,21,-0.20634037,0.16107614,0.115052976,-0.0901
51,0,159000,21,-0.18923733,0.12920558,0.039462056,-0.0959
51,0,159500,21,-0.3055066,-0.19621152,0.108514234,-0.1018
51,0,160000,21,-0.54097646,0.09014407,0.08446522,-0.1078
51,0,160500,21,-0.67399937,0.05937331,0.044548783,-0.1135
51,0,161000,21,-0.7524665,-0.2442547,-0.033820692,-0.1191
51,0,161500,21,-0.8877792,0.07074256,0.023110243,-0.1246
51,0,162000,21,-0.9617755,0.23335712,0.016516935,-0.1297
51,0,162500,21,-1.114504,-0.10156335,-0.057897724,-0.1344
51,0,163000,21,-1.1486636,0.045733973,-0.04994315,-0.1385
51,0,163500,21,-1.1862679,-0.16440205,-0.0035775558,-0.1419
51,0,164000,21,-1.0525287,0.05461693,0.046749566,-0.1448
51,0,164500,21,-0.8877783,-0.16373466,0.0032845042,-0.1475
51,0,165000,21,-0.70733726,0.037523113,-0.21457423,-0.1493
51,0,165500,21,-0.57623893,-0.18751185,-0.33028293,-0.1503
51,0,166000,21,-0.4374717,-0.08870891,-0.039194845,-0.1505
51,0,166500,21,-0.31474745,-0.40489995,-0.37201992,-0.1496
51,0,167000,21,-0.2058658,-0.044707708,-0.328807,-0.1477
51,0,167500,21,-0.12253865,0.3699056,-0.14823525,-0.1447
51,0,168000,21,-0.0028803202,-0.1113111,-0.23259196,-0.1408
51,0,168500,21,0.06226979,-0.05361417,0.1636284,-0.136
51,0,169000,21,0.105604984,-0.004513494,0.21824154,-0.1305
51,0,169500,21,0.11323674,-0.049567487,0.24678463,-0.1243
51,0,170000,21,0.07468689,0.024438372,0.13044067,-0.1179
51,0,170500,22,-0.0028803202,-0.55650246,0.111813664,-0.1112
51,0,171000,22,-0.3356858,-0.6741852,-0.037552573,-0.1045
51,0,171500,22,-0.5057996,-0.57516605,-0.08688202,-0.0978
51,0,172000,22,-0.64523566,-0.455843,-0.014930769,-0.0913
51,0,172500,22,-0.87474203,-0.64625794,0.26108155,-0.0851
51,0,173000,22,-0.6454769,0.22105257,0.30682358,-0.0795
51,0,173500,22,-0.4792507,0.53090805,0.19079009,-0.0745
51,0,174000,22,-0.3732291,0.56796265,0.20494959,-0.0701
51,0,174500,22,-0.43298805,0.0056713587,0.17875376,-0.0667
51,0,175000,22,-0.5024873,0.09263976,0.030973483,-0.0641
51,0,175500,23,-0.55370086,0.17427838,-0.03540927,-0.0625
51,0,176000,23,-0.5991536,0.09854293,-0.380128,-0.0619
51,0,176500,23,-0.61426187,0.16589361,-0.35396487,-0.0621
51,0,177000,23,-0.54418325,0.01200693,-0.5545619,-0.0633
51,0,177500,23,-0.47590744,0.10453071,-0.2711483,-0.0651
51,0,178000,23,-0.45145482,-0.2000984,-0.22415969,-0.0675
51,0,178500,23,-0.30791909,-0.090715796,0.18261637,-0.0704
51,0,179000,23,-0.15296005,-0.26021582,0.2550386,-0.0737
51,0,179500,23,-0.016464172,-0.08852561,0.2569686,-0.0773
51,0,180000,23,0.09263652,0.16461992,0.20332395,-0.0811
51,0,180500,23,0.20822652,0.13429096,0.19407347,-0.0851
51,0,181000,23,0.37531996,0.047416568,0.18671797,-0.0892
51,0,181500,23,0.4079762,-0.22823246,0.172775,-0.0934
51,0,182000,23,0.38215718,0.05340434,0.17378989,-0.0976
51,0,182500,23,0.15302806,0.097607635,0.13572524,-0.1017
51,0,183000,23,-0.13728602,0.13317707,0.01259976,-0.1057
51,0,183500,23,-0.41435468,-0.028647883,0.03715593,-0.1095
51,0,184000,24,-0.97642726,0.09325545,-0.02639195,-0.1132
51,0,184500,24,-1.0799079,-0.022265313,-0.03593569,-0.1167
51,0,185000,24,-1.1570828,-0.12944832,-0.10555834,-0.1201
51,0,185500,24,-1.1827548,0.08076761,-0.007548131,-0.1235
51,0,186000,24,-1.1986232,-0.16319886,-0.024695402,-0.1269
51,0,186500,24,-1.2595431,0.093744256,-0.04830584,-0.1302
51,0,187000,24,-1.2166345,-0.039382633,-0.10383437,-0.1337
51,0,187500,24,-1.127389,0.043614283,-0.072746456,-0.1371
51,0,188000,24,-1.0135866,0.23193772,-0.06174749,-0.1406
51,0,188500,24,-0.7454281,-0.115696184,0.119350374,-0.1441
51,0,189000,24,-0.40820006,0.17567427,0.072692096,-0.1475
51,0,189500,24,-0.19771212,-0.12874332,-0.08320675,-0.1509
51,0,190000,24,-0.052465882,0.02734766,-0.053388476,-0.1543
51,0,190500,24,-0.06399156,-0.09316449,-0.016672255,-0.1574
51,0,191000,24,-0.2304629,0.0830283,0.008547187,-0.1604
51,0,191500,25,-0.48186854,-0.012263758,0.02289752,-0.1633
51,0,192000,25,-0.92978776,0.14605501,0.09138622,-0.1659
51,0,192500,25,-0.97279656,0.11832044,0.14965303,-0.1683
51,0,193000,25,-0.87474203,-0.13956267,0.18412003,-0.1705
51,0,193500,25,-0.7664059,-0.03811834,0.11629198,-0.1725
51,0,194000,25,-0.7570228,-0.015069646,0.0666325,-0.1743
51,0,194500,25,-0.7629649,-0.14800854,0.00801377,-0.1758
51,0,195000,25,-0.9819808,-0.106822625,-0.039146114,-0.1772
51,0,195500,25,-1.0323205,-0.009518972,-0.29163992,-0.1784
51,0,196000,25,-1.0796669,-0.09610667,-0.27258864,-0.1794
51,0,196500,26,-1.1009703,0.2353452,-0.001385525,-0.1803
51,0,197000,26,-1.1067082,0.2795767,0.18970574,-0.1811
51,0,197500,26,-1.0796669,-0.1324093,0.11782103,-0.1817
51,0,198000,26,-1.0418705,0.05999371,0.09513882,-0.1825
51,0,198500,26,-1.0041832,0.23127502,0.09169203,-0.1833
51,0,199000,26,-0.8796668,-0.18678336,0.046788085,-0.1841
51,0,199500,26,-0.7873794,0.03156354,0.023720989,-0.1849
51,0,200000,26,-0.6906412,0.1269731,-0.26422086,-0.1856
51,0,200500,26,-0.56468195,-0.46984425,-0.32581717,-0.1862
51,0,201000,26,-0.33950138,0.02088989,-0.055183657,-0.1867
51,0,201500,26,-0.20347315,-0.07021919,-0.17914252,-0.1872
51,0,202000,26,-0.13279594,-0.27542496,-0.14926706,-0.1875
51,0,202500,26,-0.12556812,0.38357782,0.021054193,-0.1875
51,0,203000,26,-0.17689015,-0.3953966,-0.10034177,-0.1873
51,0,203500,26,-0.2752565,-0.030053176,-0.014195424,-0.1869
51,0,204000,27,-0.36906612,0.42225394,-0.0025203503,-0.186
51,0,204500,27,-0.3967912,-0.01625874,0.18384252,-0.1847
51,0,205000,27,-0.29754475,0.14314103,0.17976661,-0.1831
51,0,205500,27,-0.18385284,-0.23303114,0.0437685,-0.1809
51,0,206000,27,-0.18385284,-0.034391258,0.09468302,-0.1784
51,0,206500,27,-0.2337497,0.012331228,0.11006809,-0.1755
51,0,207000,27,-0.31053218,0.29695722,0.046456598,-0.1723
51,0,207500,27,-0.43916205,-0.028765382,-0.053831436,-0.1691
51,0,208000,27,-0.48120725,0.113451265,-0.36035448,-0.1657
51,0,208500,27,-0.45615542,-0.15973498,-0.5300361,-0.1622
51,0,209000,27,-0.40425983,0.032771435,-0.31682843,-0.1587
51,0,209500,27,-0.37657896,-0.11672078,-0.1481474,-0.1552
51,0,210000,27,-0.30115148,0.0016763773,0.12224974,-0.1518
51,0,210500,27,-0.19748467,0.00019588403,0.29074284,-0.1486
51,0,211000,27,-0.116929606,0.11010488,0.2959393,-0.1457
51,0,211500,27,-0.090896815,0.2821006,0.29166028,-0.1433
51,0,212000,27,-0.14881656,-0.22726896,0.2336517,-0.1413
51,0,212500,27,-0.32738227,-0.032398466,0.18831208,-0.1397
51,0,213000,27,-0.5239067,-0.060447935,0.15373713,-0.1387
51,0,213500,27,-0.9754723,0.025815466,0.1307675,-0.1381
51,0,214000,27,-0.9481645,-0.013979251,-0.04888361,-0.1378
51,0,214500,27,-0.91387707,0.089504875,-0.13540696,-0.1379
51,0,215000,27,-0.83989656,-0.095852874,-0.007835266,-0.1379
51,0,215500,27,-0.62992376,0.0064280555,-0.003480385,-0.1381
51,0,216000,27,-0.41613394,0.0836534,0.0076212934,-0.1382
51,0,216500,27,-0.23056869,0.15759815,-0.22045963,-0.1381
51,0,217000,27,-0.11271862,0.034609124,-0.17128746,-0.1376
51,0,217500,27,0.0046701888,-0.23370324,-0.11323395,-0.1367
51,0,218000,27,0.0046701888,-0.04045893,-0.07624285,-0.1353
51,0,218500,27,-0.021132963,-0.02934818,-0.10001524,-0.1332
51,0,219000,27,-0.0074422206,0.08793508,-0.018886171,-0.1305
51,0,219500,27,0.042762633,0.18910211,0.1578822,-0.1276
51,0,220000,27,0.102188624,0.23107292,0.18183696,-0.124
51,0,220500,27,0.13696489,-0.12965041,0.14513066,-0.1197
51,0,221000,27,0.035793897,-0.039016034,-0.24940394,-0.1145
51,0,221500,27,-0.086578034,0.011701431,-0.0033201848,-0.1087
51,0,222000,28,-0.28095365,-0.5834897,-0.20238557,-0.1023
51,0,222500,28,-0.7577229,-0.18660475,-0.29889476,-0.0955
51,0,223000,28,-0.7775854,-0.19416702,-0.22709699,-0.0882
51,0,223500,28,-0.68364084,0.27228704,0.26179093,-0.0809
51,0,224000,28,-0.50828683,0.3004634,0.3239933,-0.0735
51,0,224500,28,-0.31206727,-0.14829053,0.009109785,-0.0664
51,0,225000,28,-0.31206727,0.01184713,0.075084016,-0.0597
51,0,225500,28,-0.38089696,-0.047518294,0.11035202,-0.0535
51,0,226000,29,-0.4682031,0.15788016,-0.24295011,-0.0479
51,0,226500,29,-0.71526086,-0.48955125,-0.4589766,-0.0431
51,0,227000,29,-0.803306,0.026078666,-0.2135392,-0.0383
51,0,227500,29,-0.8845784,0.051265847,-0.12694407,-0.0344
51,0,228000,29,-0.95158666,-0.12458854,0.06986248,-0.0313
51,0,228500,29,-0.9541816,0.033161532,0.120512046,-0.0291
51,0,229000,29,-0.95671195,0.019611495,0.26247433,-0.0277
51,0,229500,29,-0.877529,-0.1106531,0.28844896,-0.027
51,0,230000,29,-0.7769645,-0.23386773,0.021240365,-0.0272
51,0,230500,29,-0.6775691,-0.02901918,-0.039133858,-0.0281
51,0,231000,29,-0.5877293,-0.5212996,-0.14279485,-0.0294
51,0,231500,29,-0.4001048,-0.2397145,-0.13936733,-0.0313
51,0,232000,29,-0.23740363,-0.086556315,-0.060439333,-0.0336
51,0,232500,29,-0.1389211,0.3710054,0.052585352,-0.0363
51,0,233000,29,-0.12038132,0.16211013,0.14273758,-0.0395
51,0,233500,29,-0.12038132,-0.5210129,0.16879392,-0.043
51,0,234000,29,-0.26996255,0.18632443,0.011352006,-0.0468
51,0,234500,29,-0.40881297,-0.00018481421,-0.16112567,-0.051
51,0,235000,30,-0.5413659,-0.30561292,-0.22710021,-0.0555
51,0,235500,30,-0.75986254,-0.3741104,-0.108665176,-0.0604
51,0,236000,30,-0.794357,-0.1127681,0.050371144,-0.0656
51,0,236500,30,-0.7728835,-0.034912955,0.33919686,-0.0713
51,0,237000,30,-0.48789737,-0.2598257,0.16234738,-0.0775
51,0,237500,30,-0.36664218,0.1495612,0.0746965,-0.0841
51,0,238000,30,-0.38966307,0.18631503,0.07493316,-0.0914
51,0,238500,30,-0.42963406,0.043586083,0.2168762,-0.0993
51,0,239000,30,-0.41435468,-0.3273597,0.10868552,-0.1079
51,0,239500,30,-0.475248,-0.046296302,-0.00034436875,-0.1168
51,0,240000,31,-0.58233553,0.0060520573,-0.039767947,-0.1262
51,0,240500,31,-0.7312947,-0.11501469,0.04563692,-0.1357
51,0,241000,31,-0.8465147,-0.119747564,0.04498357,-0.1453
51,0,241500,31,-0.9094914,-0.13963787,-0.1683134,-0.1551
51,0,242000,31,-1.0032496,0.12020043,-0.28809333,-0.1647
51,0,242500,31,-0.9808611,0.09252696,-0.23990835,-0.1739
51,0,243000,31,-0.8951902,-0.31339607,0.066172905,-0.1828
51,0,243500,31,-0.75087905,0.14198953,0.12156137,-0.1911
51,0,244000,31,-0.48789737,-0.416288,0.08660006,-0.1987
51,0,244500,31,-0.33795223,-0.10954861,0.018691748,-0.2055
51,0,245000,31,-0.20723219,-0.027764287,-0.05835352,-0.2114
51,0,245500,31,-0.090066016,-0.11669258,0.09375334,-0.2162
51,0,246000,31,0.017791964,0.15537037,-0.1287763,-0.2198
51,0,246500,32,0.08157352,-0.023294607,0.05023137,-0.2222
51,0,247000,32,0.014360009,0.11684465,0.026964389,-0.2235
51,0,247500,32,-0.122152954,0.085082196,-0.01452808,-0.2236
51,0,248000,32,-0.24296886,0.5913498,-0.296853,-0.2228
51,0,248500,32,-0.32512954,0.3869007,-0.20126797,-0.2211
51,0,249000,32,-0.17689015,-0.22867896,-0.07965404,-0.2185
51,0,249500,32,-0.13157007,-0.14685234,0.024715457,-0.2153
51,0,250000,33,-0.18923403,0.026182065,-0.0009122191,-0.2117
51,0,250500,33,-0.29329237,0.054593433,0.20528194,-0.2079
51,0,251000,33,-0.51183563,-0.23527303,0.12470322,-0.2038
51,0,251500,33,-0.82960117,0.09759823,0.13332078,-0.1999
51,0,252000,33,-1.0486017,-0.2408895,0.018448967,-0.196
51,0,252500,33,-1.1838738,0.24832185,0.078068584,-0.1923
51,0,253000,33,-1.176203,-0.06722531,0.074871294,-0.1889
51,0,253500,33,-1.1486514,-0.29911283,-0.09000374,-0.186
51,0,254000,33,-1.1201881,-0.102075644,-0.2930263,-0.1836
51,0,254500,33,-1.099718,0.2349081,-0.10013108,-0.1818
51,0,255000,34,-1.0486017,-0.47718093,-0.24195886,-0.1806
51,0,255500,34,-0.9561466,0.17799607,-0.14464897,-0.18
51,0,256000,34,-0.84603935,0.42203775,-0.24912147,-0.1801
51,0,256500,34,-0.6553042,-0.013236654,0.03707627,-0.1808
51,0,257000,34,-0.41581306,-0.04819979,0.19842573,-0.1821
51,0,257500,34,-0.24992335,-0.22284628,0.3657589,-0.1841
51,0,258000,34,-0.10871185,-0.12555204,0.2638347,-0.1867
51,0,258500,34,0.00986158,-0.16219307,0.19306062,-0.1897
51,0,259000,34,0.101217315,0.2608896,-0.053106595,-0.1931
51,0,259500,34,0.05050355,-0.09968336,0.08974687,-0.1971
51,0,260000,35,-0.3719894,-0.1795407,0.03924554,-0.2014
51,0,260500,35,-0.55305785,-0.33774665,-0.011832104,-0.206
51,0,261000,35,-1.3358742,-0.01620234,-0.006283453,-0.2109
51,0,261500,35,-1.1344072,-0.13055281,0.16496632,-0.2161
51,0,262000,35,-0.88947695,-0.46807706,-0.14742519,-0.2214
51,0,262500,35,-0.9824193,-0.045361005,-0.16019629,-0.2269
51,0,263000,35,-0.9662782,-0.054258063,-0.024176283,-0.2326
51,0,263500,35,-0.9329838,-0.117472775,0.0038024562,-0.2383
51,0,264000,36,-0.9497483,0.026783662,0.1810488,-0.2441
51,0,264500,36,-0.8028297,0.15233888,0.28894648,-0.2501
51,0,265000,36,-0.6031085,0.13940924,0.21108621,-0.2561
51,0,265500,36,-0.40183875,0.09563834,0.10031017,-0.262
51,0,266000,36,-0.36462587,0.2126255,0.10233791,-0.268
51,0,266500,36,-0.30270863,0.11136447,0.10814131,-0.2739
51,0,267000,36,-0.26083234,-0.08161664,-0.24607942,-0.2796
51,0,267500,36,-0.2657133,-0.26431888,-0.3695148,-0.2853
51,0,268000,37,-0.39448798,0.33869302,-0.17342842,-0.2909
51,0,268500,37,-0.4913513,0.32324418,-0.19480684,-0.2962
51,0,269000,37,-0.5554459,-0.0051338915,-0.23960371,-0.3014
51,0,269500,37,-0.5413659,-0.07300158,-0.09924692,-0.3065
51,0,270000,37,-0.46476167,-0.043264817,0.21090676,-0.3114
51,0,270500,37,-0.39309555,0.48576474,0.034376793,-0.3161
51,0,271000,37,-0.339826,0.11958003,0.041100536,-0.3205
51,0,271500,37,-0.32512817,-0.22922885,0.05882558,-0.3246
51,0,272000,37,-0.47500503,-0.028981581,0.10914191,-0.3283
51,0,272500,37,-0.62795794,-0.09353109,0.11891238,-0.3315
51,0,273000,37,-0.81460106,-0.089282304,0.10825745,-0.3341
51,0,273500,37,-0.9249464,0.023954274,0.14686252,-0.3361
51,0,274000,37,-0.9228089,-0.19431742,0.0084476825,-0.3375
51,0,274500,37,-0.89923507,-0.051344078,-0.050468106,-0.3383
51,0,275000,37,-0.9161182,0.1051746,-0.044954177,-0.3383
51,0,275500,38,-0.80607575,0.21271011,0.18947376,-0.3375
51,0,276000,38,-0.6585078,-0.19748521,0.14363809,-0.3359
51,0,276500,38,-0.52369964,-0.6595965,-0.06803411,-0.3333
51,0,277000,38,-0.4305979,-0.112678796,0.15264666,-0.3297
51,0,277500,38,-0.39057288,0.27081594,-0.029450346,-0.3253
51,0,278000,38,-0.38029918,0.16242974,-0.18699381,-0.3199
51,0,278500,38,-0.40810615,-0.5190671,-0.041396506,-0.3135
51,0,279000,38,-0.59324765,-0.097389765,-0.059711285,-0.3065
51,0,279500,38,-0.6847184,-0.068828,0.11245184,-0.2986
51,0,280000,38,-0.72062033,-0.24781257,0.0045523923,-0.2901
51,0,280500,38,-0.69335395,-0.21649662,-0.10242233,-0.2812
51,0,281000,38,-0.6836528,-0.22761677,-0.098004125,-0.272
51,0,281500,38,-0.67732155,0.063039295,-0.10978979,-0.2625
51,0,282000,38,-0.6827763,-0.14738813,-0.1080413,-0.253
51,0,282500,38,-0.6600217,0.13419697,-0.13128144,-0.2436
51,0,283000,38,-0.61562955,-0.27213025,-0.006237348,-0.2346
51,0,283500,38,-0.5177763,0.10267891,-0.54270625,-0.2261
51,0,284000,38,-0.41320062,-0.24294339,-0.3552088,-0.2182
51,0,284500,38,-0.35596582,-0.007408681,-0.29059058,-0.2111
51,0,285000,38,-0.294948,0.22602515,0.21349652,-0.2047
51,0,285500,38,-0.22200339,0.12370662,0.43606174,-0.199
51,0,286000,38,-0.11321518,-0.3062474,0.36318257,-0.194
51,0,286500,38,-0.043444656,0.04879366,0.35236832,-0.1896
51,0,287000,39,-0.05637261,-0.08798041,0.2934858,-0.1857
51,0,287500,39,-0.15260813,-0.029883977,0.21744959,-0.1823
51,0,288000,39,-0.31206727,-0.12763883,0.13305378,-0.1791
51,0,288500,39,-0.8405391,0.020274192,0.06622631,-0.1759
51,0,289000,39,-1.0012267,0.12323662,0.06216673,-0.1725
51,0,289500,39,-1.1528723,-0.0055380897,0.17040788,-0.1689
51,0,290000,39,-1.0672587,0.13470456,0.20700884,-0.1651
51,0,290500,39,-1.0130762,0.0833385,0.054749954,-0.1608
51,0,291000,39,-0.9754723,-0.18522297,-0.1567352,-0.1562
51,0,291500,39,-0.98060983,-0.21203163,-0.17654373,-0.1513
51,0,292000,39,-0.98392695,-0.3449799,-0.82870615,-0.1461
51,0,292500,39,-0.95199114,-0.5903376,-0.27103826,-0.1406
51,0,293000,39,-0.81279373,-0.7283807,0.05411849,-0.1351
51,0,293500,39,-0.654377,-0.8076881,0.10004346,-0.1297
51,0,294000,39,-0.46367455,-0.95514053,0.064863585,-0.1247
51,0,294500,39,-0.3267315,-0.3943015,-0.05728873,-0.1204
51,0,295000,39,-0.28369743,0.052581843,-0.01673762,-0.117
51,0,295500,39,-0.28240073,0.19325219,-0.021419028,-0.1149
51,0,296000,39,-0.31324095,0.56435776,0.0017323995,-0.1145
51,0,296500,39,1.2205203,0.45153952,0.027794572,-0.1161
51,0,297000,40,3.7026885,0.2329764,0.039734602,-0.1071
51,0,297500,40,2.0200527,0.28349647,0.10890438,-0.0987
51,0,298000,40,-0.30452734,0.36284623,0.16790478,-0.0909
51,0,298500,40,-0.41435468,-0.03621955,-0.033165593,-0.0836
51,0,299000,40,-0.4191267,-0.2431549,-0.32349616,-0.0767
51,0,299500,40,-0.46419293,-0.11950316,-0.22934417,-0.0701
51,0,300000,40,-0.52585995,0.16117014,-0.038987663,-0.0637
55,0,500,1,0.10723873,-0.087195516,-0.042794246,0.1034
55,0,1000,1,0.0027965822,-0.19200033,-0.39650285,0.1199
55,0,1500,1,-0.029556602,-0.59582245,0.32811415,0.1365
55,0,2000,1,0.03107903,-0.015854541,0.3125012,0.1526
55,0,2500,1,0.15495051,0.04197869,0.11558289,0.1685
55,0,3000,1,0.22672856,-0.017335035,-0.54379493,0.1842
55,0,3500,1,0.23400953,0.2133916,-0.46770796,0.1995
55,0,4000,1,0.25973213,0.02040109,-0.14955391,0.2143
55,0,4500,1,0.3104198,0.072443955,-0.16970472,0.2241
55,0,5000,1,0.3725144,-0.9376425,0.23151949,0.2281
55,0,5500,1,0.46995685,-0.1336783,0.109942324,0.2296
55,0,6000,1,0.5795273,-0.1541608,0.01404594,0.2291
55,0,6500,1,0.59909075,-0.15137842,0.18181857,0.227
55,0,7000,1,0.5023746,0.3000404,0.10089173,0.2239
55,0,7500,1,0.27715084,-0.072150886,0.095289096,0.2197
55,0,8000,1,-0.26908422,-0.27699944,-0.28254703,0.2151
55,0,8500,1,-0.54129726,-0.27633205,-0.44494492,0.21
55,0,9000,1,-0.83989656,0.16506173,-0.39371818,0.2045
55,0,9500,1,-0.88867277,0.22540945,0.018832106,0.1989
55,0,10000,1,-0.83776265,-0.8248101,0.3873553,0.1932
55,0,10500,1,-0.70791763,-0.063216224,0.2251068,0.1875
55,0,11000,1,-0.33810905,0.1266723,0.20030873,0.1819
55,0,11500,1,-0.13151552,0.10371761,0.20382993,0.1769
55,0,12000,1,-0.14509715,0.073764645,0.06672821,0.172
55,0,12500,1,-0.19241849,-0.16600005,-0.14258564,0.1675
55,0,13000,1,-0.21004716,0.05574963,-0.24056666,0.1633
55,0,13500,1,-0.18385284,0.12938888,-0.32743287,0.1593
55,0,14000,1,-0.13244091,-0.61950564,0.22784276,0.1557
55,0,14500,1,-0.010712736,-0.16802575,0.2451085,0.1525
55,0,15000,1,0.12811601,-0.12902062,0.1367842,0.1496
55,0,15500,1,0.22053248,-0.008560176,0.1933924,0.1466
55,0,16000,1,0.24074842,0.12146472,0.21355867,0.144
55,0,16500,1,0.22672856,0.14641221,-0.0984856,0.1416
55,0,17000,1,0.13073072,0.06824217,-0.20218365,0.1395
55,0,17500,1,0.09133742,0.09197236,-0.16428971,0.1377
55,0,18000,1,0.0076494566,0.18860862,0.0670346,0.136
55,0,18500,1,-0.102958925,-0.1328229,-0.038190458,0.1345
55,0,19000,2,-0.2319796,0.14971629,-0.18953279,0.1328
55,0,19500,2,-0.3974224,0.11840034,-0.08073721,0.1313
55,0,20000,2,-0.36819056,-0.5121065,0.3399926,0.1299
55,0,20500,2,-0.28660336,-0.023360407,0.24168536,0.1285
55,0,21000,2,-0.17269263,0.18743832,0.2228284,0.1273
55,0,21500,2,-0.08431795,0.04446498,0.028706167,0.1262
55,0,22000,2,-0.091112785,-0.024469603,0.023323843,0.1251
55,0,22500,2,-0.2169822,0.12486281,0.08563506,0.1239
55,0,23000,2,-0.28093916,-0.6557284,0.17514823,0.1229
55,0,23500,2,-0.27188912,-0.041220326,0.11123852,0.1218
55,0,24000,2,-0.2657133,0.29023623,0.12662563,0.1209
55,0,24500,2,-0.23311585,0.121878326,0.08410309,0.1201
55,0,25000,2,-0.24625213,0.22960652,-0.07396386,0.1194
55,0,25500,2,-0.25386932,-0.43385652,0.023554077,0.1187
55,0,26000,2,-0.21409172,0.027958656,0.12698717,0.1181
55,0,26500,2,-0.055042986,0.017529404,0.11405559,0.1174
55,0,27000,2,0.025776055,0.016862007,0.059093747,0.1167
55,0,27500,2,-0.024716534,-0.0035452987,0.0680209,0.1158
55,0,28000,2,-0.10196496,-0.14116067,-0.12805758,0.1149
55,0,28500,2,-0.16820906,0.112976566,-0.19305807,0.1139
55,0,29000,2,-0.23876864,0.17770937,-0.090558454,0.1129
55,0,29500,2,-0.30024475,-0.10160565,-0.35852545,0.1118
55,0,30000,2,-0.34481075,-0.069758594,-0.8324161,0.1107
55,0,30500,2,-0.3853264,0.05738052,-0.6964737,0.1094
55,0,31000,2,-0.45757377,0.30862728,-0.18021461,0.1081
55,0,31500,2,-0.38314417,0.086933985,-0.24114968,0.1066
55,0,32000,2,-0.31037295,-0.06354522,-0.29252058,0.1051
55,0,32500,2,-0.2361982,-0.023120709,-1.3491197,0.1033
55,0,33000,2,-0.16982092,-0.24416539,0.5020935,0.1015
55,0,33500,2,-0.14881656,0.013186624,0.60665494,0.0995
55,0,34000,2,0.06749743,0.1061992,0.4405173,0.0976
55,0,34500,2,0.107968956,0.024015374,0.38140893,0.0956
55,0,35000,2,0.055230986,-0.17492531,0.022000805,0.0936
55,0,35500,2,-0.04476804,-0.14273046,-0.2050909,0.0916
55,0,36000,2,-0.22516921,0.17327258,-0.0064900503,0.0894
55,0,36500,2,-0.31093398,-0.6790732,0.46850422,0.0873
55,0,37000,2,-0.31410083,-0.15048543,0.4534299,0.0851
55,0,37500,3,-0.20858377,0.014521418,0.2509971,0.0827
55,0,38000,3,-0.024410928,0.34643388,0.31567776,0.0805
55,0,38500,3,-0.017906703,0.3433789,0.15980636,0.0781
55,0,39000,3,-0.031520754,0.11124697,-0.025483565,0.0758
55,0,39500,3,-0.14824203,0.13614276,0.05130054,0.0734
55,0,40000,3,-0.22394717,-0.09745087,0.13258544,0.0711
55,0,40500,3,-0.24866939,-0.046098903,-0.11373994,0.0687
55,0,41000,3,-0.2857025,-0.12750722,0.11659808,0.0662
55,0,41500,3,-0.14782463,-0.0689784,0.35645795,0.0637
55,0,42000,3,0.049467176,-0.09722526,0.24630256,0.0613
55,0,42500,3,0.16969687,-0.12033506,0.12706625,0.0589
55,0,43000,3,0.18558511,-0.17853019,-0.23416127,0.0565
55,0,43500,3,0.13252153,0.2590989,-0.124070674,0.0544
55,0,44000,3,-0.017906703,0.20792553,0.024704952,0.0523
55,0,44500,3,-0.13765763,-0.05105268,-0.061618805,0.0503
55,0,45000,3,-0.22345512,0.027958656,-0.80306184,0.0485
55,0,45500,4,-0.2723971,-0.115428284,-0.80840856,0.0468
55,0,46000,4,-0.27231687,0.41394907,0.10418883,0.0452
55,0,46500,4,-0.2657133,-0.70867366,0.33879155,0.0437
55,0,47000,4,-0.15380767,-0.1326772,0.25496885,0.0423
55,0,47500,4,0.01688499,0.08522319,0.2684251,0.041
55,0,48000,4,0.11306479,0.11826874,0.21192749,0.0399
55,0,48500,4,0.111260675,0.14996539,0.1372969,0.0388
55,0,49000,4,0.10369787,-0.031265773,-0.018597577,0.0377
55,0,49500,4,-0.04026153,-0.21613002,-0.1127446,0.0365
55,0,50000,4,-0.15740478,0.013807021,-0.039505906,0.0352
55,0,50500,4,-0.1316724,0.1913158,-0.34658134,0.0339
55,0,51000,4,-0.044316243,-0.18507256,-0.88958985,0.0324
55,0,51500,4,0.06548801,-0.67374814,0.35787553,0.0307
55,0,52000,4,0.31938133,0.1682624,0.36183852,0.0289
55,0,52500,4,0.42595583,-0.08625552,-0.00064463494,0.0268
55,0,53000,4,0.4613629,-0.014637248,-0.05022474,0.0243
55,0,53500,4,0.24982268,0.18295453,-0.034538824,0.0216
55,0,54000,4,-0.02248876,0.2777155,-0.251495,0.0185
55,0,54500,4,-0.23718296,-0.07251278,-0.76289326,0.0151
55,0,55000,4,-0.33810905,0.304449,-0.88515323,0.0113
55,0,55500,4,-0.362033,-0.36749282,0.58658147,0.007
55,0,56000,4,-0.29611674,-0.028041586,0.47724023,0.0025
55,0,56500,4,-0.16939868,-0.017471334,0.40749738,-0.0023
55,0,57000,4,-0.037991002,0.023808576,0.0707017,-0.0072
55,0,57500,4,-0.002348261,0.2131425,-0.43423396,-0.0121
55,0,58000,4,0.035123907,0.041931693,-0.5196097,-0.0169
55,0,58500,4,0.028895643,0.08510099,-0.45475918,-0.0218
55,0,59000,4,0.0046696872,0.041790694,-0.06984505,-0.0267
55,0,59500,4,-0.01897359,0.049475156,0.121607766,-0.0314
55,0,60000,4,-0.007074523,-0.3680098,0.647005,-0.0359
55,0,60500,4,0.10283936,-0.07951575,0.3881137,-0.0404
55,0,61000,4,0.21842681,0.17537348,0.32193783,-0.0445
55,0,61500,4,0.10100669,0.13380687,0.10725685,-0.0485
55,0,62000,4,-0.046812613,-0.15722989,0.25561723,-0.0523
55,0,62500,4,-0.18752459,-0.41163972,0.4933592,-0.0557
55,0,63000,4,-0.31860775,0.17765766,0.35042402,-0.0586
55,0,63500,4,-0.31860775,0.004120366,0.2755845,-0.0612
55,0,64000,4,-0.41143706,0.024992969,0.1303791,-0.0636
55,0,64500,4,-0.49821958,-0.06675531,-0.0010624981,-0.0657
55,0,65000,4,-0.6048411,0.049042758,-0.08342823,-0.0679
55,0,65500,5,-0.5582362,-0.020484021,-0.20692343,-0.07
55,0,66000,5,-0.49996868,-0.6818697,0.039119773,-0.072
55,0,66500,5,-0.3871921,-0.479451,0.084489144,-0.0739
55,0,67000,5,-0.18613067,0.17353109,0.04531535,-0.0759
55,0,67500,5,0.05823201,0.16191743,0.22569333,-0.0778
55,0,68000,5,0.11573155,0.050198954,0.022723604,-0.0797
55,0,68500,5,0.12100443,0.1702458,0.009986656,-0.0817
55,0,69000,5,0.09511825,0.2998665,0.05424105,-0.0837
55,0,69500,5,0.01435752,-0.0030095011,-0.040225204,-0.0857
55,0,70000,5,-0.12082419,0.04712517,-0.15503515,-0.0878
55,0,70500,5,-0.12752442,0.030567145,-0.21061766,-0.0901
55,0,71000,5,-0.14481364,-0.19342913,-0.23407315,-0.0924
55,0,71500,5,-0.14484061,-0.09430188,-0.53219634,-0.0945
55,0,72000,5,-0.17313561,-0.18534516,-0.17996396,-0.0968
55,0,72500,5,-0.25180784,0.18668163,-0.002981984,-0.099
55,0,73000,5,-0.21833737,-0.042033423,0.025473563,-0.1011
55,0,73500,5,-0.28092486,-0.30238873,0.17509921,-0.1035
55,0,74000,5,-0.26010263,-0.07083019,0.13267238,-0.1059
55,0,74500,5,-0.22949474,-0.086528115,0.14786398,-0.1085
55,0,75000,5,-0.59344965,-0.047522996,0.05676311,-0.1113
55,0,75500,5,-0.6335314,-0.062403128,-0.07948771,-0.1143
55,0,76000,5,-0.6757879,-0.19396022,-0.2029692,-0.1173
55,0,76500,5,-0.7577229,0.010996434,-0.45084053,-0.1204
55,0,77000,5,-0.6815666,0.062301397,-0.43163487,-0.1237
55,0,77500,5,-0.5922757,-0.46599028,0.45755252,-0.1269
55,0,78000,5,-0.45759293,-0.1314505,0.41472915,-0.1303
55,0,78500,5,-0.22516921,4.548473e-05,0.17151731,-0.1337
55,0,79000,5,-0.030342454,0.025796667,0.04286245,-0.1375
55,0,79500,5,0.02713833,0.058579016,0.018396735,-0.1412
55,0,80000,5,-0.045566954,0.2792524,0.065979734,-0.1449
55,0,80500,5,-0.17453036,0.047524665,-0.24808936,-0.1487
55,0,81000,5,-0.3445697,0.2352371,-0.31837645,-0.1523
55,0,81500,5,-0.41495505,-0.47727022,0.37390548,-0.1556
55,0,82000,5,-0.3551884,-0.2660861,0.22694546,-0.1586
55,0,82500,5,-0.300663,-0.27127016,0.2275247,-0.1613
55,0,83000,5,-0.3055066,-0.069467194,0.2702363,-0.1637
55,0,83500,5,-0.3960588,0.047703266,-0.09019224,-0.1659
55,0,84000,5,-0.5068415,0.103910305,-0.2864461,-0.168
55,0,84500,5,-0.6105802,0.045686975,-0.17443778,-0.1697
55,0,85000,6,-0.78378916,-0.33831066,0.23693654,-0.1711
55,0,85500,6,-0.66813016,-0.08410763,0.19687362,-0.1721
55,0,86000,6,-0.5457576,-0.024041904,0.20514451,-0.1727
55,0,86500,6,-0.41523892,-0.026025295,0.17859648,-0.1727
55,0,87000,6,-0.32512817,0.015014916,0.07565507,-0.1725
55,0,87500,6,-0.31522802,-0.05106208,0.033072427,-0.1719
55,0,88000,6,-0.3150759,0.12247992,-0.27771068,-0.1712
55,0,88500,6,-0.2850835,-0.018246831,-0.51527023,-0.1702
55,0,89000,6,-0.15586859,0.021848684,-0.6641926,-0.1689
55,0,89500,6,-0.2980094,0.16658922,-0.54370916,-0.1677
55,0,90000,6,-0.22393179,0.4299713,-0.409201,-0.1663
55,0,90500,6,-0.17689015,0.18524814,0.0007965844,-0.1645
55,0,91000,7,-0.1706378,-0.27012336,0.1340961,-0.1624
55,0,91500,7,-0.13464458,-0.3483498,0.54219663,-0.16
55,0,92000,7,-0.047245875,0.07206795,0.35635203,-0.1573
55,0,92500,7,0.020374037,-0.14550814,0.3278206,-0.1545
55,0,93000,7,-0.11870492,-0.047363196,0.16675916,-0.1515
55,0,93500,7,-0.34073493,0.10151332,0.10705288,-0.1483
55,0,94000,7,-0.666344,-0.22983515,-0.34846494,-0.1452
55,0,94500,7,-0.79095674,0.040902395,-0.2529047,-0.1418
55,0,95000,7,-0.9185965,0.043647185,-0.25156972,-0.1383
55,0,95500,7,-0.87491745,-0.43093783,0.21027792,-0.1347
55,0,96000,7,-0.731652,0.012303028,0.39663672,-0.1307
55,0,96500,7,-0.5308224,-0.10388514,0.26908165,-0.1269
55,0,97000,7,-0.28419283,0.07544254,0.07755968,-0.1228
55,0,97500,7,-0.14174193,0.26366258,-0.14286138,-0.1187
55,0,98000,7,-0.06978181,-0.20987904,-0.3569999,-0.1146
55,0,98500,7,0.011873515,0.040775497,-0.3993967,-0.1106
55,0,99000,8,0.037321,-0.18114808,0.56081724,-0.1067
55,0,99500,8,0.028828679,-0.039518934,0.43452775,-0.1031
55,0,100000,8,0.05823201,0.114635654,0.1187475,-0.0997
55,0,100500,8,-0.22688861,-0.12553793,0.052414063,-0.0966
55,0,101000,8,-0.366829,-0.05054508,0.15359093,-0.094
55,0,101500,8,-0.43068665,-0.44749585,0.0759603,-0.0918
55,0,102000,8,-0.39555243,-0.29946533,0.007687825,-0.0901
55,0,102500,8,-0.5890164,-0.0018580065,-0.031630997,-0.089
55,0,103000,8,-0.59591013,-0.01831733,-0.3736739,-0.0883
55,0,103500,8,-0.5870813,0.04862916,-0.050914273,-0.0881
55,0,104000,8,-0.6274291,-0.2206984,0.24350943,-0.0882
55,0,104500,8,-0.4057415,-0.10368774,0.13277452,-0.0885
55,0,105000,8,-0.23071112,0.06702488,0.11391144,-0.0891
55,0,105500,8,-0.13464458,0.17348409,0.13795695,-0.0902
55,0,106000,8,-0.13546656,0.80853575,0.08289444,-0.0915
55,0,106500,8,-0.14881656,0.4731594,0.100359775,-0.0929
55,0,107000,8,-0.16016631,0.04836126,0.20645413,-0.0945
55,0,107500,8,-0.13891865,-0.16936053,-0.32861936,-0.0962
55,0,108000,8,-0.095512114,-0.12247355,-0.7984907,-0.098
55,0,108500,8,-0.034818288,0.022577181,-0.4499021,-0.0998
55,0,109000,8,0.04280089,0.08566029,-0.18026334,-0.1017
55,0,109500,8,0.15016839,0.065290585,0.009713528,-0.1035
55,0,110000,8,0.25679576,-0.77321845,0.311603,-0.1056
55,0,110500,8,0.31350636,-0.2208629,0.17550656,-0.1078
55,0,111000,8,0.35437506,0.01650481,0.19841054,-0.1103
55,0,111500,8,0.28665733,-0.09224329,0.21365409,-0.1129
55,0,112000,8,0.116132416,0.0010277802,0.30347365,-0.1157
55,0,112500,8,-0.42058447,-0.25825593,0.05761576,-0.1189
55,0,113000,8,-0.6820488,-0.12585284,0.04317497,-0.1222
55,0,113500,8,-0.85793674,-0.2890314,-0.07753233,-0.1257
55,0,114000,8,-0.8845784,-0.12981492,-0.3616495,-0.1292
55,0,114500,8,-0.83373666,-0.29779214,0.27615643,-0.1329
55,0,115000,8,-0.7439809,-0.16426575,0.2357025,-0.1367
55,0,115500,8,-0.56468195,0.08892678,0.09784968,-0.1405
55,0,116000,8,-0.34989083,-0.034320757,-0.08386593,-0.1442
55,0,116500,8,-0.39256257,-0.017288035,-0.45780152,-0.1479
55,0,117000,8,-0.42328724,0.015405014,-0.37127993,-0.1514
55,0,117500,8,-0.41435468,0.30733478,-0.5086034,-0.1547
55,0,118000,8,-0.31370386,-0.0044382946,-0.6493515,-0.1577
55,0,118500,9,-0.22973156,0.04275419,-0.41766623,-0.1606
55,0,119000,9,-0.081066504,0.27093345,-0.24613048,-0.1633
55,0,119500,9,0.022691282,0.026901161,-0.049102463,-0.1659
55,0,120000,9,0.003583134,0.05751212,0.043675706,-0.1683
55,0,120500,9,-0.098813325,-0.021743614,-0.7734087,-0.1705
55,0,121000,9,-0.22632882,-0.045154206,-1.155999,-0.1727
55,0,121500,9,-0.3511083,0.2374602,0.11336868,-0.1747
55,0,122000,9,-0.4500962,-0.44149867,0.9626356,-0.1768
55,0,122500,9,-0.36383373,-0.024300404,0.5542435,-0.1789
55,0,123000,9,-0.1328379,-0.0046544936,0.41193014,-0.1813
55,0,123500,9,-0.17246448,0.098322034,0.01877754,-0.1837
55,0,124000,9,-0.21148397,-0.07353738,0.053654816,-0.1861
55,0,124500,9,-0.21571386,-0.09170749,0.0034026848,-0.1887
55,0,125000,9,-0.2657133,0.00541286,0.14288902,-0.1915
55,0,125500,9,-0.18119922,-0.80466133,0.5764156,-0.1945
55,0,126000,9,-0.049961973,0.058734115,0.34573793,-0.1975
55,0,126500,9,0.068297796,0.13250497,0.30492362,-0.2007
55,0,127000,9,0.10278118,0.13213837,0.2374752,-0.2038
55,0,127500,9,0.019846462,0.11931214,0.24993232,-0.2068
55,0,128000,9,-0.17334889,-0.6515219,0.35665023,-0.2096
55,0,128500,9,-0.29389912,-0.073227175,0.32231572,-0.2124
55,0,129000,9,-0.36006185,0.10740239,0.20193087,-0.2151
55,0,129500,9,-0.37740383,0.08440539,0.124175936,-0.2177
55,0,130000,9,-0.44531763,0.0024283738,0.10646431,-0.22
55,0,130500,9,-0.44531763,0.058555514,0.069399096,-0.2221
55,0,131000,9,-0.4676349,-0.006134987,0.08235898,-0.2241
55,0,131500,9,-0.5177763,0.052281044,0.0335148,-0.2256
55,0,132000,9,-0.4892718,0.12473591,-0.19461104,-0.2268
55,0,132500,9,-0.46552163,-0.23340245,0.17862041,-0.2276
55,0,133000,9,-0.393082,-0.1359343,0.13457961,-0.2281
55,0,133500,9,-0.27143162,0.10329931,0.08160671,-0.2285
55,0,134000,9,-0.25228307,0.18883891,-0.009530647,-0.2287
55,0,134500,9,-0.2725801,-0.0038460973,0.017735217,-0.2289
55,0,135000,9,-0.30867046,-0.03223397,-0.07999574,-0.2291
55,0,135500,9,-0.35585347,0.11234207,0.028656559,-0.2293
55,0,136000,9,-0.44531763,0.28486887,0.04840847,-0.2293
55,0,136500,9,-0.4593423,0.047491767,-0.04152665,-0.2294
55,0,137000,9,-0.45585448,0.0826288,-0.30383673,-0.2294
55,0,137500,9,-0.4503675,0.062221497,-0.1796135,-0.2295
55,0,138000,10,-0.5354943,-0.03607855,-0.24848826,-0.2297
55,0,138500,10,-0.5513955,-0.03582945,-0.8696191,-0.2299
55,0,139000,10,-0.59365135,0.0021181752,0.04375858,-0.2303
55,0,139500,10,-0.69909227,-0.38387224,0.29593518,-0.2311
55,0,140000,10,-0.6084509,-0.058351748,0.17946227,-0.232
55,0,140500,10,-0.5400402,0.054076437,0.06655488,-0.233
55,0,141000,10,-0.503809,-0.05936224,0.030177733,-0.2341
55,0,141500,10,-0.67732155,0.5040383,-0.028484184,-0.2352
55,0,142000,10,-0.83673644,0.67997724,0.005031826,-0.2364
55,0,142500,10,-0.9661166,0.08121411,0.24074079,-0.2375
55,0,143000,10,-1.1111751,0.07756223,0.27881303,-0.2387
55,0,143500,10,-1.0641254,0.19591238,0.1344664,-0.2401
55,0,144000,10,-0.9847795,0.25307822,-0.052506648,-0.2415
55,0,144500,10,-0.9643169,0.26289648,-0.24012925,-0.2431
55,0,145000,10,-0.91575015,-0.14671133,-0.1296021,-0.2447
55,0,145500,10,-0.84491473,-0.45052263,0.2512259,-0.2464
55,0,146000,10,-0.6590964,-0.22486258,0.21897572,-0.2482
55,0,146500,11,-0.6457647,0.2117325,0.016558954,-0.2502
55,0,147000,11,-0.6430061,0.2781949,-0.08328262,-0.2523
55,0,147500,11,-0.666344,0.41487497,-0.030724071,-0.2547
55,0,148000,11,-0.7516844,-0.14404175,0.21911053,-0.2574
55,0,148500,11,-0.7924769,-0.073466875,0.17143269,-0.2604
55,0,149000,11,-0.8043864,0.42372033,0.04527129,-0.2636
55,0,149500,11,-0.82341033,0.11933564,-0.08121956,-0.2669
55,0,150000,11,-0.8149671,-0.32409793,0.15174381,-0.2705
55,0,150500,11,-0.7786045,-0.038691737,0.14929383,-0.2743
55,0,151000,11,-0.6852928,0.27238572,-0.6447182,-0.2781
55,0,151500,11,-0.6311307,0.18028966,-0.7827418,-0.282
55,0,152000,11,-0.56810576,-0.17920229,0.23538123,-0.286
55,0,152500,11,-0.45145482,0.030158246,-0.05739553,-0.2899
55,0,153000,11,-0.35669777,0.11785984,0.080617785,-0.2936
55,0,153500,11,-0.3912845,0.13825305,0.13305406,-0.2973
55,0,154000,11,-0.45367488,-0.19592011,0.030497551,-0.3008
55,0,154500,11,-0.5058775,-0.0061490866,-0.08214983,-0.304
55,0,155000,11,-0.49178106,-0.94866395,0.2502994,-0.3068
55,0,155500,11,-0.42958745,-0.267153,0.261226,-0.3094
55,0,156000,11,-0.297868,0.03391353,0.17091182,-0.3113
55,0,156500,11,-0.0820377,0.15380998,0.12477676,-0.3127
55,0,157000,11,-0.0028803202,0.15819976,0.050417252,-0.3137
55,0,157500,11,0.028587181,-0.0684849,0.13000646,-0.3142
55,0,158000,11,0.118275076,-0.27197045,0.16191055,-0.3143
55,0,158500,11,0.18159151,0.06715178,0.09994979,-0.3139
55,0,159000,11,0.21357808,-0.043105017,0.028483229,-0.3131
55,0,159500,11,0.22145264,-0.021894014,-0.025270548,-0.3119
55,0,160000,11,0.16111054,0.064947486,0.022859875,-0.3104
55,0,160500,11,0.051830832,-0.07347628,0.037261274,-0.3087
55,0,161000,11,-0.008080731,-0.21076265,-0.052923925,-0.3066
55,0,161500,11,-0.12826802,-0.18441457,-0.20411977,-0.3043
55,0,162000,11,-0.2651288,0.029998446,-0.4309862,-0.302
55,0,162500,11,-0.43916205,0.10252381,-0.274584,-0.2996
55,0,163000,11,-0.58534294,-0.18808055,-0.90145284,-0.2969
55,0,163500,11,-0.62492746,-0.03223397,-0.5048882,-0.2943
55,0,164000,11,-0.6105124,0.22754794,0.048829254,-0.2917
55,0,164500,11,-0.5770615,-0.3929949,0.42251417,-0.2892
55,0,165000,11,-0.4587927,-0.04431291,0.28540602,-0.2869
55,0,165500,11,-0.31610593,0.06833147,0.2828154,-0.2849
55,0,166000,12,-0.20316797,-0.005857688,0.15846172,-0.2831
55,0,166500,12,-0.33810905,0.06420019,-0.19924168,-0.2816
55,0,167000,12,-0.4176578,-0.10944051,-0.6712613,-0.2804
55,0,167500,12,-0.44531763,-0.19169953,-0.36450568,-0.2795
55,0,168000,12,-0.44007644,0.10689009,0.077648975,-0.2789
55,0,168500,12,-0.38292262,0.20036326,0.1955567,-0.2788
55,0,169000,12,-0.22499245,-0.6869128,0.3335,-0.2789
55,0,169500,12,-0.039741535,-0.14717194,0.095658526,-0.2792
55,0,170000,12,0.13835204,0.07007986,0.15177211,-0.2797
55,0,170500,12,0.25516537,0.09169036,0.1897288,-0.2803
55,0,171000,12,0.28753704,0.022657081,-0.16293137,-0.2813
55,0,171500,12,0.25751415,0.24657814,-0.6472009,-0.2825
55,0,172000,12,0.13696489,-0.030885072,-0.37987354,-0.2835
55,0,172500,12,-0.059176285,-0.030499674,0.1675692,-0.2844
55,0,173000,12,-0.19807893,0.13890634,0.18833455,-0.2851
55,0,173500,12,-0.29327223,-0.5484984,0.3290491,-0.2856
55,0,174000,12,-0.32512817,-0.06417972,0.17267169,-0.2859
55,0,174500,12,-0.16636269,0.15801176,0.21668886,-0.2861
55,0,175000,12,-0.24401897,0.0089425435,0.08805032,-0.2862
55,0,175500,12,-0.34069997,-0.20901895,0.0053779054,-0.2862
55,0,176000,12,-0.45145482,0.04489268,0.047991194,-0.2861
55,0,176500,12,-0.5244476,0.03334483,0.12767991,-0.2862
55,0,177000,12,-0.4392489,-0.20623657,-0.041784897,-0.2865
55,0,177500,12,-0.2941681,-0.48699918,0.23034264,-0.2869
55,0,178000,12,-0.09581965,-0.100331955,0.1119368,-0.2877
55,0,178500,12,0.109828666,-0.23877922,0.09614496,-0.2887
55,0,179000,12,0.2350592,-0.18961744,0.20067173,-0.29
55,0,179500,12,0.2882814,0.13442257,0.13633773,-0.2918
55,0,180000,12,0.34135076,0.0061460566,0.14809889,-0.2942
55,0,180500,12,0.32673982,0.16439433,0.07917248,-0.2971
55,0,181000,12,0.24312985,0.25935268,0.10793909,-0.3003
55,0,181500,12,0.119440116,-0.015563143,0.097776145,-0.304
55,0,182000,12,-0.02057534,0.08474849,0.026670251,-0.3081
55,0,182500,12,-0.11321518,-0.19643241,0.0148662,-0.3127
55,0,183000,12,-0.04207097,-0.2842515,0.011758489,-0.3174
55,0,183500,12,-0.011881322,0.036493815,-0.040251177,-0.3225
55,0,184000,12,-0.0028803202,0.045268677,-0.01587388,-0.3277
55,0,184500,12,0.0013014077,-0.017104736,0.09435795,-0.3331
55,0,185000,12,0.02331145,0.3602518,0.110499375,-0.3384
55,0,185500,12,0.17734592,-0.03147727,0.0010180635,-0.3437
55,0,186000,13,0.18436319,0.036893316,-0.14495274,-0.3489
55,0,186500,13,0.08625366,0.4970682,-0.32321662,-0.3537
55,0,187000,13,0.031619553,0.41692886,-0.18899003,-0.3583
55,0,187500,13,0.04431853,0.34161642,-0.12198515,-0.3626
55,0,188000,13,0.101086624,-0.31326446,0.18310748,-0.3667
55,0,188500,13,0.19369328,-0.08564922,0.1528798,-0.3707
55,0,189000,13,0.31771418,0.13476096,0.10012225,-0.3747
55,0,189500,13,0.38100773,0.25003263,0.13553323,-0.3784
55,0,190000,13,0.4036921,-0.10770152,0.060285766,-0.3817
55,0,190500,13,0.3172575,0.021646585,-0.015143786,-0.3849
55,0,191000,13,0.19952533,-0.10762162,0.09842657,-0.3876
55,0,191500,13,0.09016616,0.010455937,0.053509206,-0.3899
55,0,192000,13,-0.017906703,0.1904322,0.04003195,-0.3919
55,0,192500,13,-0.29515308,0.3885504,0.08693621,-0.3935
55,0,193000,13,-0.35362238,0.40570062,-0.10335026,-0.3945
55,0,193500,13,-0.3836012,0.13124068,-0.29695952,-0.3951
55,0,194000,13,-0.40183875,0.08610209,-0.20593363,-0.3953
55,0,194500,13,-0.35263717,-0.23448813,0.06259452,-0.3949
55,0,195000,13,-0.32043192,-0.59594935,0.21808922,-0.3941
55,0,195500,13,-0.17035048,-0.2880162,0.15463763,-0.3927
55,0,196000,13,0.031742137,0.006545555,0.05847308,-0.3907
55,0,196500,14,0.1302929,0.14730051,-0.15122828,-0.3881
55,0,197000,14,0.0659864,0.31624123,-0.4570008,-0.3849
55,0,197500,14,-0.07541177,0.11936384,-0.63004345,-0.3814
55,0,198000,14,-0.28077635,0.119246334,-0.69699347,-0.3776
55,0,198500,14,-0.4727374,-0.25181225,0.13259739,-0.3737
55,0,199000,14,-0.6827872,-0.16154447,0.35023493,-0.3695
55,0,199500,15,-0.64845884,-0.05588896,0.21331881,-0.3653
55,0,200000,15,-0.59761095,-0.03162767,-0.079726115,-0.3612
55,0,200500,15,-0.52369964,-0.05955964,-0.32561493,-0.3572
55,0,201000,15,-0.63891953,0.05544413,-0.34770244,-0.3536
55,0,201500,15,-0.66337585,-0.18130788,0.24052922,-0.3505
55,0,202000,15,-0.66950476,-0.21676451,0.29829502,-0.348
55,0,202500,15,-0.5991536,0.19754328,0.028066823,-0.3461
55,0,203000,15,-0.5208512,0.08155721,-0.23908255,-0.345
55,0,203500,15,-0.50954473,0.026327763,-0.251043,-0.3446
55,0,204000,15,-0.5354943,-0.05757155,0.20979965,-0.3447
55,0,204500,15,-0.5588316,-0.332196,0.400382,-0.3457
55,0,205000,15,-0.6059299,-0.0902458,0.14671399,-0.3471
55,0,205500,15,-0.6331726,-0.09378018,-0.25304797,-0.3491
55,0,206000,15,-0.6105124,-0.041596323,-0.77321965,-0.3515
55,0,206500,15,-0.8012624,-0.1998446,0.012452107,-0.3544
55,0,207000,15,-0.8762491,-0.22346668,0.49355647,-0.3577
55,0,207500,15,-0.84491473,0.78955257,0.0963145,-0.3612
55,0,208000,15,-0.73510796,0.6964366,-0.23222573,-0.3653
55,0,208500,15,-0.68206704,0.06334009,-0.15741043,-0.3697
55,0,209000,15,-0.6442017,-0.11077531,0.44905782,-0.3741
55,0,209500,15,-0.5534224,-0.1790143,0.33154345,-0.3787
55,0,210000,15,-0.5707658,-0.029663078,-0.076199956,-0.3834
55,0,210500,15,-0.6011434,-0.14661734,-0.50313234,-0.3879
55,0,211000,15,-0.6827872,0.10029602,-0.16429496,-0.3923
55,0,211500,15,-0.6827872,-0.32368433,0.4945238,-0.3967
55,0,212000,15,-0.63965696,-0.25119185,0.4106042,-0.4009
55,0,212500,15,-0.5632852,0.07100106,-0.01078336,-0.405
55,0,213000,15,-0.42679557,0.123697214,-0.6798103,-0.4091
55,0,213500,15,-0.4735061,-0.0010402102,-0.7601185,-0.4131
55,0,214000,15,-0.5303416,-0.392445,0.4599567,-0.4169
55,0,214500,15,-0.6161674,-0.12593743,0.41237575,-0.4204
55,0,215000,15,-0.67901254,-0.027642088,-0.10487261,-0.4239
55,0,215500,15,-0.7476878,0.041419394,-0.76473486,-0.427
55,0,216000,15,-0.83989656,0.16154614,-1.2144606,-0.4299
55,0,216500,15,-0.8797528,-0.090607695,0.51797926,-0.4325
55,0,217000,16,-0.828762,-0.20902835,0.7101651,-0.4347
55,0,217500,16,-0.7577229,0.13495366,0.37482876,-0.4365
55,0,218000,16,-0.7419416,0.033044033,-0.062096488,-0.4381
55,0,218500,16,-0.72378457,0.11555215,-0.35031876,-0.4395
55,0,219000,16,-0.70761645,-0.3250755,0.21586771,-0.4403
55,0,219500,16,-0.6936725,-0.07696836,0.58297247,-0.4408
55,0,220000,16,-0.60968906,-0.098028965,0.38148013,-0.4408
55,0,220500,16,-0.6035168,0.08127521,-0.01495995,-0.4403
55,0,221000,16,-0.6442017,0.16216184,-0.47869846,-0.4394
55,0,221500,16,-0.7090076,0.08951897,-0.43848556,-0.4383
55,0,222000,16,-0.7903223,-0.3266218,0.45850235,-0.4369
55,0,222500,16,-0.89923507,0.41675496,0.3912757,-0.4353
55,0,223000,16,-0.6696045,0.7877995,-0.29987055,-0.4335
55,0,223500,16,-0.5444098,0.4716272,-0.22966778,-0.4316
55,0,224000,16,-0.4123317,-0.31394598,-0.50450677,-0.4297
55,0,224500,16,-0.2769649,-0.44448316,0.42921486,-0.4278
55,0,225000,16,-0.14174193,0.02897855,0.4138806,-0.4259
55,0,225500,16,0.024715694,0.035022724,0.3197899,-0.424
55,0,226000,16,0.04280089,0.019761894,0.20713606,-0.4221
55,0,226500,16,0.11081131,-0.080944546,-0.007549882,-0.4205
55,0,227000,16,0.16921431,-0.017217536,-0.059291963,-0.4191
55,0,227500,16,0.1584336,0.08870117,-0.11136933,-0.418
55,0,228000,16,0.11306479,0.26987123,-0.40204772,-0.4173
55,0,228500,16,0.013657208,-0.27662343,0.18970808,-0.4168
55,0,229000,16,0.048666865,-0.16729724,0.35975736,-0.4165
55,0,229500,16,0.18912403,0.020307092,0.18165079,-0.4166
55,0,230000,16,0.26882377,-0.040792625,0.019692345,-0.4168
55,0,230500,16,0.29001334,-0.05815435,-0.13374601,-0.4172
55,0,231000,16,0.32710877,-0.07864625,-0.32610694,-0.4179
55,0,231500,16,0.37499046,-0.13806339,0.06760421,-0.4186
55,0,232000,17,0.3946536,-0.21401973,0.3285081,-0.4196
55,0,232500,17,0.48068354,0.18905042,0.28383437,-0.4208
55,0,233000,17,0.6110534,0.076786734,0.231626,-0.4222
55,0,233500,17,0.64024764,0.040935297,0.1766236,-0.4239
55,0,234000,17,0.5928246,0.034750126,-0.04315083,-0.4259
55,0,234500,17,0.51942533,-0.030612474,-0.3924138,-0.428
55,0,235000,17,0.38593543,0.124096714,-0.35282946,-0.4304
55,0,235500,17,0.20024286,0.20838143,-0.46554452,-0.4328
55,0,236000,17,0.020919615,0.33043045,-0.34329766,-0.4354
55,0,236500,17,-0.062397547,-0.29087847,0.4015005,-0.4381
55,0,237000,17,-0.03318915,-0.28692108,0.29633,-0.441
55,0,237500,17,0.10572182,-0.176293,0.1199903,-0.444
55,0,238000,17,0.12678212,-0.07561947,-0.18485896,-0.4471
55,0,238500,17,0.10672217,0.097607635,-0.50555056,-0.4503
55,0,239000,17,0.08331728,-0.071638584,0.1364028,-0.4534
55,0,239500,17,0.08458441,-0.40349936,0.37326467,-0.4562
55,0,240000,17,0.2350592,0.31463385,0.2646232,-0.4587
55,0,240500,17,0.33569875,0.0052624606,0.24965394,-0.4607
55,0,241000,17,0.40707758,0.03603792,0.18890533,-0.462
55,0,241500,17,0.41007602,-0.16217427,0.046321493,-0.4628
55,0,242000,17,0.36822298,-0.043372914,-0.2874216,-0.4629
55,0,242500,17,0.3415557,-0.024493102,-0.28186157,-0.4621
55,0,243000,18,0.33733517,-0.058788843,0.27245754,-0.4607
55,0,243500,18,0.3493674,0.025439467,0.1912485,-0.4585
55,0,244000,18,0.39205307,0.10262721,-0.044418428,-0.4555
55,0,244500,18,0.44238475,0.028353455,-0.35577434,-0.4516
55,0,245000,18,0.41694978,0.0053470605,-0.56780136,-0.447
55,0,245500,18,0.37480846,0.101818815,-0.6860295,-0.4416
55,0,246000,18,0.28921196,-0.035279553,-0.42230007,-0.4355
55,0,246500,18,0.2915811,-0.5550737,0.6044991,-0.429
55,0,247000,18,0.31202936,0.14682111,0.41945228,-0.4221
55,0,247500,18,0.3458396,0.013529723,0.18937571,-0.4149
55,0,248000,18,0.3706905,0.0041814656,-0.024718454,-0.4076
55,0,248500,18,0.33367422,-0.33948094,0.39363638,-0.4005
55,0,249000,18,0.26847115,0.0092480425,0.2784757,-0.3936
55,0,249500,18,0.25180772,0.03789441,0.17674002,-0.3869
55,0,250000,18,0.117664315,0.0617891,-0.18055457,-0.3803
55,0,250500,18,0.06489764,-0.021160817,-0.4503427,-0.3742
55,0,251000,18,0.010451043,-0.09394468,0.056558847,-0.3687
55,0,251500,18,-0.023115791,-0.31984445,0.4378832,-0.3637
55,0,252000,18,0.0762739,-0.087275416,0.31926668,-0.3595
55,0,252500,18,0.22672856,0.16057794,0.2132587,-0.356
55,0,253000,18,0.2893374,0.11276507,0.057723727,-0.3531
55,0,253500,18,0.37974435,0.02938745,-0.14665891,-0.3507
55,0,254000,18,0.45119467,0.0040169666,-0.13680296,-0.3487
55,0,254500,19,0.5711164,-0.52568936,0.18142231,-0.3474
55,0,255000,19,0.6585174,-0.11538599,0.018671906,-0.3466
55,0,255500,19,0.72807693,-0.08478913,-0.07362216,-0.3464
55,0,256000,19,0.80291265,-0.04873559,-0.077696905,-0.3467
55,0,256500,19,0.8645299,0.09725514,-0.09677534,-0.3472
55,0,257000,19,0.90656424,0.3018217,-0.15905416,-0.3482
55,0,257500,19,0.8212282,0.23822159,-0.70807064,-0.3496
55,0,258000,19,0.5164959,-0.38296044,0.22473185,-0.3513
55,0,258500,19,-0.017906703,0.1707346,0.36672857,-0.353
55,0,259000,19,-0.3948131,0.05967411,0.24809629,-0.3549
55,0,259500,19,-0.6018194,0.052041344,0.13120432,-0.357
55,0,260000,19,-0.8095007,0.054372534,-0.049261205,-0.359
55,0,260500,19,-0.9869748,0.038472507,-0.2896367,-0.361
55,0,261000,19,-1.0144036,-0.07635266,-0.4444264,-0.3631
55,0,261500,19,-1.035118,0.16815431,-1.3559744,-0.3651
55,0,262000,19,-0.970825,-0.045910902,-0.669514,-0.367
55,0,262500,19,-0.9481015,-0.2889515,0.5879282,-0.3689
55,0,263000,19,-0.92820066,0.24198157,0.16942859,-0.3707
55,0,263500,19,-0.6170098,0.3419595,-1.8491341,-0.3723
55,0,264000,19,-0.53889716,0.4757867,-1.3981334,-0.3737
55,0,264500,19,-0.4805681,-0.5208766,0.90723747,-0.3749
55,0,265000,19,-0.41435468,0.25206771,0.7301003,-0.3758
55,0,265500,19,-0.13268736,0.23823099,0.612667,-0.3764
55,0,266000,19,-0.095033154,0.0825254,0.24720833,-0.3768
55,0,266500,19,-0.080516204,-0.5075992,-0.40955818,-0.3769
55,0,267000,19,-0.046226636,-0.31073588,-0.14498776,-0.3768
55,0,267500,19,0.036711514,-0.11873707,0.48528382,-0.3765
55,0,268000,19,0.13696489,0.23898768,-0.9746568,-0.3759
55,0,268500,19,0.26867354,0.07667863,-1.5645573,-0.3751
55,0,269000,19,0.28334805,-0.29057297,0.5508635,-0.3741
55,0,269500,20,0.30447155,-0.6811036,0.4494401,-0.3727
55,0,270000,20,0.30621833,-0.13462299,-0.9123351,-0.371
55,0,270500,20,0.27243122,-0.106263325,-1.7588438,-0.3691
55,0,271000,20,0.16800599,-0.057331853,-1.1947919,-0.3669
55,0,271500,20,-0.06972815,-0.082692936,1.1426706,-0.3647
55,0,272000,20,-0.40099806,-0.046221104,1.1088885,-0.3625
55,0,272500,20,-0.46142384,0.16352484,0.57901794,-0.3604
55,0,273000,20,-0.493601,0.009910739,-0.17784458,-0.3584
55,0,273500,21,-0.6105124,0.023930775,-1.9727029,-0.3565
55,0,274000,21,-0.7426406,0.06734447,-0.65851766,-0.3547
55,0,274500,21,-0.78923595,-0.36264715,1.3961557,-0.3531
55,0,275000,21,-0.72062033,0.20528884,1.1794249,-0.3515
55,0,275500,21,-0.56753707,0.23974438,0.59638727,-0.3505
55,0,276000,21,-0.4919971,0.27225882,-0.007290468,-0.3497
55,0,276500,21,-0.46281198,-0.068146504,-0.9077275,-0.3494
55,0,277000,21,-0.5819924,0.06668178,-1.053558,-0.3497
55,0,277500,21,-0.6229957,-0.05970534,0.45616704,-0.3507
55,0,278000,21,-0.621627,-0.4612574,1.1803577,-0.3524
55,0,278500,21,-0.5877293,0.042960986,0.81511,-0.3546
55,0,279000,21,-0.53146553,0.14110124,0.13653821,-0.3573
55,0,279500,21,-0.5758843,0.058231216,-0.07357985,-0.3603
55,0,280000,21,-0.6301416,-0.13200511,-0.28502065,-0.3635
55,0,280500,21,-0.78895956,0.07676793,-0.3663537,-0.3669
55,0,281000,21,-0.8052676,-0.3280506,0.81791455,-0.3704
55,0,281500,21,-0.82425797,-0.37999007,0.88768953,-0.3738
55,0,282000,21,-0.8845784,0.26379886,0.42413163,-0.3769
55,0,282500,21,-0.8162433,0.22040397,-0.5009526,-0.3795
55,0,283000,21,-0.80780774,-0.014585548,-0.86890155,-0.3813
55,0,283500,21,-0.9377544,0.10904268,-0.946493,-0.3821
55,0,284000,21,-0.9800846,-0.67336273,0.68798655,-0.3822
55,0,284500,21,-0.97436947,-0.9806567,0.9230465,-0.3819
55,0,285000,21,-0.7786045,0.35865384,0.40183812,-0.3806
55,0,285500,21,-0.5802885,0.35509124,-0.24701406,-0.3781
55,0,286000,21,-0.5400926,0.2973802,-0.7711933,-0.3746
55,0,286500,21,-0.56468195,0.12290292,-0.17272197,-0.3703
55,0,287000,21,-0.7003024,-0.06141613,0.7344677,-0.3651
55,0,287500,21,-0.7522566,0.1928386,0.5336173,-0.3591
55,0,288000,21,-0.7992582,0.20407625,-0.0046373876,-0.3525
55,0,288500,21,-0.9174031,0.09454325,-0.29274556,-0.3455
55,0,289000,21,-1.0079051,0.06362679,-0.53455997,-0.3381
55,0,289500,21,-1.161283,0.028875152,0.23607367,-0.3309
55,0,290000,21,-1.2217357,-0.2637408,0.80085075,-0.3239
55,0,290500,21,-1.2386823,0.0003368834,0.677249,-0.3174
55,0,291000,21,-1.1486514,0.21138471,0.1770505,-0.3118
55,0,291500,21,-1.1466541,0.18151166,-0.3213613,-0.307
55,0,292000,21,-1.14442,0.028066756,-0.55935717,-0.3025
55,0,292500,21,-1.1862992,0.15063749,-0.36356288,-0.2989
55,0,293000,21,-1.1603216,-0.3532284,0.6228051,-0.2962
55,0,293500,21,-1.061983,0.030115945,0.5553868,-0.2945
55,0,294000,21,-0.9025372,0.23104002,-0.26817596,-0.2937
55,0,294500,22,-0.8178464,-0.035740152,-0.7195341,-0.2939
55,0,295000,22,-0.7419099,0.06548328,-0.6051736,-0.295
55,0,295500,22,-0.7372245,0.18772502,-0.17931761,-0.2967
55,0,296000,22,-0.7318621,-0.17367981,0.7485306,-0.299
55,0,296500,22,-0.7243412,-0.05736005,0.6624149,-0.3018
55,0,297000,22,-0.6718405,0.08098381,0.16153558,-0.3051
55,0,297500,22,-0.72451043,0.25159773,-0.09422789,-0.3087
55,0,298000,22,-0.7706642,-0.040609326,-0.13493891,-0.3125
55,0,298500,22,-0.989415,0.044977278,-0.042096544,-0.3165
55,0,299000,22,-1.0351169,-0.27563176,0.4847402,-0.3205
55,0,299500,23,-1.0928129,-0.11008911,0.56828594,-0.3245
55,0,300000,23,-1.0660526,0.1696254,0.27426088,-0.3285
55,0,300500,23,-1.0779969,0.005563259,-0.09508637,-0.3325
55,0,301000,23,-1.1231047,0.116548546,-0.39203855,-0.3365
55,0,301500,23,-1.1287187,0.11872934,-0.38286686,-0.3403
55,0,302000,23,-1.1245195,-0.24826378,0.21662991,-0.3441
55,0,302500,23,-1.0486017,-0.1321931,0.53164065,-0.348
55,0,303000,23,-0.94602454,0.13094458,0.24612777,-0.3521
55,0,303500,23,-0.85242546,-0.03812774,-0.056736927,-0.3564
55,0,304000,24,-0.72596496,0.006963853,-0.3248475,-0.3609
55,0,304500,24,-0.79596287,0.0072693513,-0.47067502,-0.3657
55,0,305000,24,-0.84200054,-0.27550015,0.18240598,-0.3708
55,0,305500,24,-0.90409464,-0.114525884,0.4742723,-0.3761
55,0,306000,24,-0.91354984,0.25022534,0.21701129,-0.3532
55,0,306500,24,-0.9280411,0.017299104,-0.12561928,-0.3301
55,0,307000,24,-1.0169778,0.091356665,-0.6743696,-0.3067
55,0,307500,24,-1.0447744,0.09924323,-0.7597015,-0.283
55,0,308000,24,-1.0708473,-0.19429862,0.40236336,-0.2591
55,0,308500,24,-1.1587837,-0.10715632,0.6635786,-0.2349
55,0,309000,24,-1.0955217,-0.090711094,0.52662194,-0.2104
57,0,500,1,0.45131707,0.33483434,2.2785969,0.1303
57,0,1000,1,0.33733517,0.09050127,3.083049,0.1478
57,0,1500,1,0.1027069,0.084706195,1.1318471,0.165
57,0,2000,1,-0.11816465,-0.2881901,-1.4414604,0.1819
57,0,2500,1,-1.3097239,0.46018746,-1.7450225,0.1986
57,0,3000,1,-1.3097239,-0.0907017,-1.1719396,0.2149
57,0,3500,1,-1.9877394,-0.30216312,1.9972607,0.2307
57,0,4000,1,-1.5290657,-0.7543339,2.7561724,0.2466
57,0,4500,1,-0.84491473,0.045701075,2.6049879,0.2535
57,0,5000,1,-1.3023784,0.09373015,2.2136972,0.2535
57,0,5500,2,-1.6124712,0.07309255,0.74241173,0.2513
57,0,6000,2,-1.3270879,0.13613336,-2.0488496,0.2472
57,0,6500,2,-1.2981724,0.11894084,-1.9429916,0.2421
57,0,7000,2,-1.8072895,-0.042785417,-0.48389694,0.2363
57,0,7500,2,-1.920565,-0.1993182,-0.5243191,0.2301
57,0,8000,2,-1.920565,0.25240612,-0.21573794,0.2237
57,0,8500,2,-2.6064613,-0.113021895,-1.2224228,0.2169
57,0,9000,2,-2.6176143,-0.05303137,-1.3909104,0.2098
57,0,9500,2,-2.509513,0.05530313,-1.650062,0.2023
57,0,10000,2,-2.38055,0.0096898405,-1.3878473,0.1947
57,0,10500,2,-2.350474,-0.18924144,0.21032928,0.1873
57,0,11000,2,-2.1745505,-0.14501464,-0.9216982,0.1799
57,0,11500,3,-2.1419444,-1.1045669,-0.22747312,0.1721
57,0,12000,3,-1.8610302,0.35663754,-0.3280588,0.1646
57,0,12500,3,-1.7752519,-0.065575615,1.5411263,0.1571
57,0,13000,3,-1.5479703,0.4103489,2.7161891,0.15
57,0,13500,3,-1.4097873,0.14378962,1.9653683,0.1433
57,0,14000,3,-1.2996219,0.042749487,1.5005488,0.1369
57,0,14500,3,-0.99403846,0.12371601,0.5706344,0.131
57,0,15000,3,-0.7792092,0.16077535,-1.839377,0.1256
57,0,15500,3,-0.50115377,-0.10177954,-2.029599,0.1207
57,0,16000,4,-0.2062054,-0.22316588,-1.4022288,0.1162
57,0,16500,4,-0.06972815,0.16378804,-0.79206955,0.1122
57,0,17000,4,-0.21846196,-0.054587062,-1.2987844,0.1089
57,0,17500,4,-0.46739176,-0.27671745,-1.1022912,0.1062
57,0,18000,4,-0.9137753,0.14092733,-0.1743371,0.1035
57,0,18500,4,-0.54911244,-0.028267184,-0.32574275,0.1013
57,0,19000,4,-0.5591262,0.030054847,-0.8394121,0.0994
57,0,19500,4,-0.6004163,-0.18152878,-0.7004916,0.0977
57,0,20000,4,-0.8943625,0.21727848,-0.5852235,0.0964
57,0,20500,4,-1.0552503,-0.51240253,-0.4880175,0.0951
57,0,21000,4,-1.336362,-0.12057476,-0.16067806,0.094
57,0,21500,4,-1.3508443,-0.03558975,0.44129235,0.0931
57,0,22000,4,-1.35885,-0.18451796,-0.45626605,0.0921
57,0,22500,4,-1.3983176,0.14228094,-0.3844111,0.0913
57,0,23000,4,-1.4097011,-0.14347306,-0.3195037,0.0905
57,0,23500,4,-1.6029725,0.15852876,-0.2675804,0.0899
57,0,24000,4,-1.139587,-0.2897364,1.0046092,0.0893
57,0,24500,5,-0.71526086,0.38643542,1.4089053,0.0887
57,0,25000,5,-1.3699449,0.06764057,0.16634159,0.0879
57,0,25500,5,-1.2635344,-0.12053716,-0.49374855,0.0871
57,0,26000,5,-0.373137,0.067758076,-0.5748957,0.0863
57,0,26500,5,-0.08431795,0.19272579,-0.4785231,0.0853
57,0,27000,5,-0.5931403,-0.1777359,0.32671002,0.0845
57,0,27500,5,-0.97556967,-0.29738325,1.0951273,0.0836
57,0,28000,5,-0.90409464,0.28266928,0.12334663,0.0829
57,0,28500,5,-1.000883,0.12482991,-0.40060416,0.0823
57,0,29000,5,-1.114504,0.11263817,-0.45617414,0.0817
57,0,29500,5,-1.2715883,0.064439885,-0.5127111,0.0813
57,0,30000,5,-1.3223851,-0.058812343,-0.42971742,0.0807
57,0,30500,6,-1.3956414,-0.18128438,-0.35250875,0.0801
57,0,31000,6,-1.4064039,-0.38908452,0.35756359,0.0796
57,0,31500,6,-1.4386913,0.35746944,-0.2731556,0.0791
57,0,32000,6,-1.4470308,0.031361442,-0.3149851,0.0783
57,0,32500,6,-1.4562852,-0.16393676,-0.26302096,0.0775
57,0,33000,6,-1.5646652,0.1290035,-0.21967204,0.0765
57,0,33500,7,-1.640605,-0.33543897,-0.17566627,0.0753
57,0,34000,7,-1.634045,-0.18712646,0.7874409,0.0739
57,0,34500,7,-1.6312869,-0.18918504,2.9740741,0.0721
57,0,35000,7,-1.3798516,-0.070924185,1.7624539,0.0701
57,0,35500,7,-1.2489944,-0.078420654,0.09884736,0.0679
57,0,36000,7,-1.061983,0.24052928,1.735226,0.0654
57,0,36500,7,-1.0546237,0.66278005,1.8392045,0.0627
57,0,37000,7,-1.0105788,-0.40857533,1.4056154,0.0599
57,0,37500,7,-0.9185965,-0.06022234,0.12716575,0.0572
57,0,38000,8,-1.0711615,-0.10882951,-0.01702913,0.0544
57,0,38500,8,-1.1404296,0.0010089803,0.38178244,0.0516
57,0,39000,8,-1.2431628,0.054950632,-0.89009935,0.0489
57,0,39500,8,-1.2431628,-0.68373555,-0.65430164,0.0463
57,0,40000,8,-1.2431628,0.0838884,1.956191,0.0441
57,0,40500,8,-1.1911567,0.2552308,1.615331,0.0422
57,0,41000,8,-1.1767737,0.12050123,1.0807809,0.0405
57,0,41500,8,-1.384693,-0.03151487,1.0943655,0.0392
57,0,42000,8,-1.3904977,-0.2824937,-0.22037646,0.0384
57,0,42500,8,-1.4065148,0.07886882,-1.898997,0.0379
57,0,43000,8,-1.5018166,-0.16075957,-2.1518257,0.0378
57,0,43500,8,-1.6712421,0.23851769,-1.7850227,0.0381
57,0,44000,9,-1.6999152,-0.03508685,-1.6715043,0.0387
57,0,44500,9,-1.7422149,-0.1542407,-0.404402,0.0395
57,0,45000,9,-1.0375075,0.39375326,2.2943032,0.0405
57,0,45500,9,-0.9377544,0.17178269,1.4399672,0.0417
57,0,46000,9,-1.7005675,0.05525143,0.9214772,0.0431
57,0,46500,9,-1.7183455,-0.394231,-0.39054334,0.0444
57,0,47000,9,-1.259068,0.019978093,-1.1289997,0.0457
57,0,47500,10,-1.337849,-0.18536866,-0.8077324,0.0467
57,0,48000,10,-1.4457527,0.13588426,-1.2654572,0.0475
57,0,48500,10,-1.4192278,0.07935292,-1.4971179,0.0481
57,0,49000,10,-1.4065148,-0.16081597,-1.2494766,0.0484
57,0,49500,10,-1.357385,0.33985862,-1.0406762,0.0483
57,0,50000,10,-1.2939181,-0.121228054,-0.86742353,0.048
57,0,50500,11,-1.1696522,0.35041007,-0.7232138,0.0472
57,0,51000,11,-0.72261596,0.052097745,-0.6030977,0.0459
57,0,51500,11,-0.7447501,-0.06470612,-0.50391763,0.0445
57,0,52000,11,-0.6237711,-0.02954088,0.4525504,0.0426
57,0,52500,11,0.21015377,-0.03172167,-0.22020721,0.0402
57,0,53000,11,-0.42737812,-0.35898587,-0.4625827,0.0375
57,0,53500,11,-1.7101231,-0.05591716,-0.37262455,0.0343
57,0,54000,12,-1.6642267,0.028861051,0.035349373,0.0308
57,0,54500,12,-1.6124712,0.008825044,-0.32516527,0.027
57,0,55000,12,-1.0435131,0.27450073,-0.2775709,0.0233
57,0,55500,12,-0.99403846,-0.24556598,-0.2321376,0.0193
57,0,56000,12,-1.7568325,-0.0897241,-0.19432887,0.015
57,0,56500,12,1.4907117,-0.28315642,-0.16308369,0.0105
57,0,57000,12,3.2280955,-0.1763165,-0.13648722,0.0057
57,0,57500,12,2.8158112,-0.4407467,2.2567208,0.001
57,0,58000,12,3.1007984,0.64844507,3.0236242,-0.0039
57,0,58500,12,0.07334107,0.21125782,2.3171694,-0.0089
57,0,59000,12,-1.7968827,-0.25015786,1.676947,-0.0141
57,0,59500,13,-0.9137753,0.29317844,1.2102405,-0.0193
57,0,60000,13,-0.9166005,0.084894195,0.08825634,-0.0243
57,0,60500,13,-0.9206766,-0.17528251,0.028556762,-0.0295
57,0,61000,13,-1.0486017,-0.1997459,-0.20055918,-0.0346
57,0,61500,13,-1.1001433,-0.110154904,-0.017438823,-0.0394
57,0,62000,13,-1.1821291,0.35846114,0.13992867,-0.0439
57,0,62500,13,-1.111212,0.014300519,-1.3457242,-0.0485
57,0,63000,13,-1.0519311,-0.35776857,-1.6366682,-0.0526
57,0,63500,13,-0.94251245,0.08108721,-0.32570803,-0.0561
57,0,64000,14,-0.70666456,-0.04933249,0.6142687,-0.059
57,0,64500,14,-0.7715341,-0.14360465,0.375518,-0.0611
57,0,65000,14,-1.0169778,0.20484234,0.32982996,-0.0628
57,0,65500,14,-1.173469,0.25108072,-0.28245306,-0.0639
57,0,66000,14,-1.2669636,-0.34031284,-1.3138806,-0.0644
57,0,66500,14,-1.6168859,-0.045276407,0.3490216,-0.0642
57,0,67000,14,-1.9078469,-0.27917084,2.9060683,-0.0633
57,0,67500,14,-1.3442687,0.4290924,2.1992133,-0.0621
57,0,68000,14,-1.2800655,-0.1556648,1.6337034,-0.0604
57,0,68500,14,-1.388351,0.15424238,0.36894804,-0.0583
57,0,69000,14,-1.3953985,-0.11327569,-0.07845852,-0.056
57,0,69500,14,-1.4065148,0.12021453,-0.32153463,-0.0536
57,0,70000,15,-1.5059444,0.33811963,-0.40178713,-0.0511
57,0,70500,15,-1.5934125,-0.0018486065,-0.7134731,-0.0488
57,0,71000,15,-1.5416884,-0.01625874,-0.7277647,-0.0466
57,0,71500,15,-1.5213734,-0.27692425,-0.6890818,-0.0447
57,0,72000,15,-1.5333145,-0.06439122,-1.4415687,-0.0432
57,0,72500,15,-1.5124644,-0.46709007,-1.7413353,-0.042
57,0,73000,16,-1.3920004,0.7796732,-1.4673207,-0.041
57,0,73500,16,-1.3164985,0.029495548,-0.16826408,-0.0405
57,0,74000,16,-1.2205322,-0.44347268,1.544848,-0.0403
57,0,74500,16,-0.7734056,0.025138669,0.77405643,-0.0401
57,0,75000,16,-0.63523054,-0.052147776,0.14523366,-0.0397
57,0,75500,16,-0.4977857,-0.51946664,-1.5616591,-0.0391
57,0,76000,16,-0.37021604,0.32840008,-1.3429375,-0.0385
57,0,76500,16,-0.7349875,0.29337114,-1.0161785,-0.0375
57,0,77000,16,-0.53079873,-0.12718293,-0.9504511,-0.0359
57,0,77500,17,-0.28071585,-0.2435779,-0.792104,-0.0336
57,0,78000,17,0.9003615,0.017811403,-0.66045463,-0.0307
57,0,78500,17,2.870575,-0.021757714,-0.5510276,-0.0273
57,0,79000,17,2.9958096,-0.3531626,-0.45989695,-0.0233
57,0,79500,17,-0.24470273,0.2591647,-0.38406414,-0.0184
57,0,80000,17,0.47661957,-0.32571003,-0.32103655,-0.0127
57,0,80500,17,2.3171782,-0.18645436,-0.11958477,-0.0065
57,0,81000,17,2.3171782,-0.10341514,1.5834751,0.0005
57,0,81500,17,0.12622134,0.61671555,1.2669579,0.008
57,0,82000,17,-1.1945148,0.0615823,0.99690646,0.0159
57,0,82500,17,-1.4110144,0.13227938,0.42767444,0.0237
57,0,83000,17,-1.391334,-0.3747966,-0.5159688,0.0316
57,0,83500,18,-1.2190156,-0.0463574,-0.8801459,0.0397
57,0,84000,18,-0.9784004,-0.61529446,-0.58038247,0.0477
57,0,84500,18,-0.85988843,-0.26947007,1.2182779,0.0551
57,0,85000,18,-1.5387526,0.21774378,1.5150968,0.0621
57,0,85500,18,-1.9306521,0.06395109,1.0665469,0.0688
57,0,86000,18,-1.2476715,0.06691678,0.8410362,0.0751
57,0,86500,18,-1.1904769,-0.10913971,0.4866162,0.0811
57,0,87000,18,-1.1188097,0.28806487,-1.0693393,0.0865
57,0,87500,19,-1.076689,0.13457297,-1.2787544,0.0914
57,0,88000,19,-0.07014296,-0.38280064,0.7166875,0.0961
57,0,88500,19,0.35624596,0.40111813,0.73450303,0.1004
57,0,89000,19,-1.0215303,0.04825786,0.50366104,0.1045
57,0,89500,19,-1.1591821,-0.29095837,0.2767923,0.1083
57,0,90000,19,-1.6833178,-0.062661625,0.5799009,0.1119
57,0,90500,19,-1.3871901,0.082877904,0.96188885,0.1152
57,0,91000,19,-1.1779804,0.013022125,0.5242542,0.1183
57,0,91500,19,-1.1819301,0.1492698,0.3563412,0.1211
57,0,92000,19,-1.2009863,-0.28004032,0.3064343,0.1236
57,0,92500,19,-1.2471534,0.030980742,0.13356765,0.1259
57,0,93000,20,-1.2906892,0.15967084,0.034856807,0.1279
57,0,93500,20,-1.3211939,-0.0684849,-0.1892795,0.1298
57,0,94000,20,-1.4331717,-0.034433555,-0.8738053,0.1315
57,0,94500,20,-1.4597803,0.04922136,-0.9211344,0.133
57,0,95000,20,-1.5112783,0.1706124,-1.3873787,0.1344
57,0,95500,20,-1.4788254,-0.26997298,-1.374564,0.1355
57,0,96000,20,-1.388351,0.1718767,-1.1418464,0.1363
57,0,96500,21,-1.3192883,0.102086715,-0.95327836,0.1365
57,0,97000,21,-1.2708973,-0.3733772,-0.79412067,0.1365
57,0,97500,21,-1.2815148,-0.19402131,-0.57060677,0.1361
57,0,98000,21,-0.48367783,-0.6310535,0.89119995,0.1355
57,0,98500,21,-0.07010056,0.21924777,-0.3098587,0.1348
57,0,99000,21,-1.0396241,-0.11406059,-0.12234028,0.134
57,0,99500,21,-1.1790516,-0.45432493,0.08930741,0.1333
57,0,100000,21,-1.640605,0.6312949,1.4898458,0.1325
57,0,100500,21,-1.4386824,0.44303253,1.151894,0.1317
57,0,101000,21,-1.2787366,-0.33587608,0.7471941,0.1309
57,0,101500,21,-1.5740924,0.012279528,0.55560446,0.1301
57,0,102000,21,-1.8042808,-0.22463699,-0.32112408,0.1291
57,0,102500,21,-1.8692029,-0.23420614,-1.261292,0.1279
57,0,103000,22,-2.2887735,0.47233692,-1.0553385,0.1261
57,0,103500,22,-2.0772443,-0.3913499,0.4990342,0.1241
57,0,104000,22,-1.5643585,0.06461849,3.0843337,0.1219
57,0,104500,22,-0.77106214,0.37908933,1.1059005,0.1195
57,0,105000,22,-0.7889865,-0.3095327,0.3098843,0.1167
57,0,105500,22,-1.1903963,0.14313632,0.44982556,0.1137
57,0,106000,22,-1.2717496,0.16800392,0.01125075,0.1101
57,0,106500,22,-1.343893,-0.31986323,-1.7824484,0.1059
57,0,107000,22,-1.343893,-0.07660176,-0.48325062,0.1009
57,0,107500,22,-2.378698,0.2363604,0.13952366,0.0953
57,0,108000,22,-2.3891506,-0.18566947,-0.031872027,0.0887
57,0,108500,22,-2.1810312,-0.20293719,1.3243665,0.0813
57,0,109000,22,-2.1086662,-0.27721095,0.13516468,0.0722
57,0,109500,22,-2.0874126,-0.023040809,1.2331375,0.0623
57,0,110000,22,-2.068716,0.045423776,0.25585157,0.0519
57,0,110500,22,-2.0672607,-0.00016131432,-0.6161527,0.0412
57,0,111000,22,-2.0641966,-0.11645288,0.9225388,0.0302
57,0,111500,23,-2.0661368,-0.2850129,1.7260742,0.0187
57,0,112000,23,-2.0844057,0.6301058,0.6497124,0.0068
57,0,112500,23,-2.0844057,0.08583889,-0.52570367,-0.0053
57,0,113000,23,-2.018211,0.30824655,-1.0001462,-0.0179
57,0,113500,23,-2.0133812,-0.08023015,-1.3623074,-0.0307
57,0,114000,23,-2.0325775,0.05082405,-1.2079108,-0.0435
57,0,114500,23,-2.0390446,-0.4383309,-0.28942454,-0.0561
57,0,115000,23,-1.7501705,0.026496964,-0.8692438,-0.0685
57,0,115500,24,-1.689318,-0.24573518,-0.49302924,-0.0805
57,0,116000,24,-1.800175,-0.04938889,0.542506,-0.0922
57,0,116500,24,-1.8261784,-0.14008437,1.5473758,-0.1027
57,0,117000,24,-1.8910204,0.2368304,1.4100051,-0.1124
57,0,117500,24,-1.9154924,-0.23621772,1.5952007,-0.1217
57,0,118000,24,-1.8090678,-0.026711492,0.8442872,-0.1302
57,0,118500,24,-1.7735931,-0.5820186,0.18546817,-0.1381
57,0,119000,24,-1.9423472,-0.040111132,-0.13733374,-0.1453
57,0,119500,25,-2.1152005,-0.31134218,-1.3448517,-0.1519
57,0,120000,25,-1.8359987,0.23792548,-2.1630106,-0.1581
57,0,120500,25,-1.649864,-0.36070606,-1.7981484,-0.1635
57,0,121000,25,-1.7747488,0.31684753,-1.4957701,-0.1684
57,0,121500,25,-1.8794316,-0.045473807,-1.2448906,-0.1729
57,0,122000,25,-1.6973708,0.27178884,-1.0365081,-0.1769
57,0,122500,25,-1.4024099,-0.16386156,-0.8638986,-0.1803
57,0,123000,25,0.2243381,0.212179,-0.7204641,-0.1831
57,0,123500,25,3.3204162,-0.38438925,-0.60122776,-0.1852
57,0,124000,25,3.722219,0.31645742,-0.501798,-0.1867
57,0,124500,25,1.8446513,0.15467948,-0.41911882,-0.1881
57,0,125000,26,-1.231133,-0.01631044,-0.35044715,-0.1893
57,0,125500,26,-0.761285,0.08697158,-0.29309398,-0.1907
57,0,126000,26,-0.78925896,-0.1787041,-0.24493146,-0.1921
57,0,126500,26,-0.8300845,-0.6102279,0.9682948,-0.1939
57,0,127000,26,-0.4697572,0.29374713,2.9219317,-0.1958
57,0,127500,26,-0.4027209,-0.0912516,1.6666273,-0.1976
57,0,128000,26,-0.520632,-0.23175745,0.89937013,-0.1995
57,0,128500,26,-0.95671195,0.3454986,0.74795574,-0.2016
57,0,129000,26,-1.1875392,-0.22283219,0.05320719,-0.2039
57,0,129500,26,-1.7160121,0.17422669,-1.0817112,-0.2063
57,0,130000,26,-1.7403355,-0.218104,0.8695641,-0.2091
57,0,130500,26,-1.8125334,0.34040383,1.7448092,-0.2122
57,0,131000,26,-1.7696544,-0.21084724,1.1747881,-0.2158
57,0,131500,26,-1.689318,0.115754254,0.46169,-0.2199
57,0,132000,26,-1.7210698,-0.48151898,0.38794038,-0.2243
57,0,132500,26,-2.1704068,0.26562247,0.3348166,-0.2289
57,0,133000,27,-2.0777502,-0.3936012,0.025908351,-0.2335
57,0,133500,27,-1.649864,0.37131557,-0.97613657,-0.2382
57,0,134000,27,-1.5957927,-0.0895596,-1.7105926,-0.2428
57,0,134500,27,-1.5045109,0.39737695,-1.6125938,-0.2474
57,0,135000,27,-0.11461049,0.18121085,-1.3413025,-0.2519
57,0,135500,27,2.556373,-0.14645284,-1.116214,-0.2561
57,0,136000,27,3.3212047,-0.18122798,1.4499142,-0.2599
57,0,136500,27,3.709964,-0.09745557,3.599627,-0.2633
57,0,137000,27,3.4248285,0.2517951,2.709954,-0.2663
57,0,137500,28,-0.69909227,0.18617402,1.8348117,-0.2689
57,0,138000,28,-0.29598263,-0.38725153,0.6630496,-0.2711
57,0,138500,28,-0.29041505,-0.1334997,0.675172,-0.2727
57,0,139000,28,-0.38924706,-0.1352575,0.7231384,-0.2739
57,0,139500,28,-0.902716,-0.037507344,-0.22304821,-0.2744
57,0,140000,28,-0.9185965,-0.16796935,-0.5285648,-0.2745
57,0,140500,29,-0.9185965,-0.09790676,-0.866247,-0.2742
57,0,141000,29,-0.94965357,-0.25732532,-1.0726646,-0.2734
57,0,141500,29,-0.84774655,-0.36163664,1.1788205,-0.2723
57,0,142000,29,-0.6368384,0.05123765,1.6456145,-0.271
57,0,142500,29,-0.25228307,0.24563345,0.94122154,-0.2697
57,0,143000,29,-0.2646389,0.019898193,0.3696901,-0.2685
57,0,143500,29,-0.47798106,0.04636377,-0.23537458,-0.2675
57,0,144000,29,-0.6936725,-0.0011389098,-0.6628066,-0.2668
57,0,144500,29,-1.0615528,0.058555514,-0.5243786,-0.2663
57,0,145000,29,-1.1377575,-0.27747414,-0.34865344,-0.266
57,0,145500,29,-1.259068,0.14308932,-0.20767802,-0.2659
57,0,146000,29,-1.2899731,0.067485474,-0.2725898,-0.2657
57,0,146500,29,-1.3173795,-0.1551713,-0.6615974,-0.2656
57,0,147000,29,-1.5446475,0.21929477,-0.3691763,-0.2655
57,0,147500,29,-1.686321,0.027723657,-0.36457193,-0.2657
57,0,148000,29,-1.476331,0.2530218,-0.5542646,-0.2658
57,0,148500,29,-1.1719487,-0.3720424,-0.93556297,-0.2656
57,0,149000,30,-0.7098864,0.10759979,0.08065105,-0.2648
57,0,149500,30,-1.1853957,0.36015782,0.18744309,-0.2632
57,0,150000,30,-1.7130706,0.18925251,0.0062317234,-0.2606
57,0,150500,30,-0.88160986,-0.3103411,-0.081811346,-0.2569
57,0,151000,30,-0.90339535,-0.2412467,-0.023032995,-0.2517
57,0,151500,30,-0.94251245,-0.1756538,0.085548975,-0.2452
57,0,152000,30,-0.9813981,-0.13025671,-0.016716026,-0.2373
57,0,152500,30,-1.0352073,-0.33497366,-1.556041,-0.228
57,0,153000,30,-1.1528723,0.20809942,-0.6994268,-0.2173
57,0,153500,30,-1.0765463,-0.22690237,2.1179388,-0.2051
57,0,154000,30,-0.9041687,0.032888934,1.6875923,-0.1917
57,0,154500,30,-0.6161674,0.47752097,1.5270187,-0.1772
57,0,155000,31,-0.54420835,3.6084773e-05,1.0061855,-0.1613
57,0,155500,31,-0.3895702,-0.1573145,0.85470283,-0.1446
57,0,156000,31,-0.40279213,-0.37824637,0.7465008,-0.1275
57,0,156500,31,-0.9089414,0.09611304,0.48624092,-0.1101
57,0,157000,31,-1.0645987,-0.06535001,0.3466148,-0.0926
57,0,157500,31,-1.2190156,0.06686508,-0.7986836,-0.0753
57,0,158000,32,-1.3309861,-0.06621951,-1.3106155,-0.0586
57,0,158500,32,-1.363599,-0.24988526,-0.2116095,-0.0428
57,0,159000,32,-1.388351,-0.013269554,-0.22196913,-0.0281
57,0,159500,32,-1.3710907,-0.27838594,-1.0965264,-0.0148
57,0,160000,32,-1.336362,0.11208827,-2.680869,-0.0027
57,0,160500,32,-1.3066872,0.09928083,-2.2826126,0.0077
57,0,161000,32,-1.2904258,-0.16345736,-1.7420356,0.0164
57,0,161500,32,-1.286694,0.057733018,-1.0415713,0.0233
57,0,162000,32,-1.2876036,-0.3518889,-1.3154768,0.0284
57,0,162500,32,-1.2904258,0.1497351,-1.2166462,0.0318
57,0,163000,33,-1.2536643,0.18495204,-0.70108044,0.0337
57,0,163500,33,-0.9943523,-0.12863523,-0.88708556,0.0344
57,0,164000,33,-0.29892564,0.24283697,-0.75235856,0.0335
57,0,164500,33,-0.7993866,-0.043189615,-0.6283008,0.0314
57,0,165000,33,1.8534694,0.404958,-0.52510756,0.0279
57,0,165500,33,3.722219,-0.12933081,-0.40018484,0.0231
57,0,166000,33,1.5567564,-0.683557,2.6474323,0.0175
57,0,166500,33,-1.2800862,0.32926488,3.037132,0.011
57,0,167000,33,-0.6442017,-0.06649681,2.1972957,0.0038
57,0,167500,33,-0.823611,0.039215103,1.6301366,-0.0043
57,0,168000,33,-0.9091829,-0.40783745,1.1754438,-0.0127
57,0,168500,33,-0.72062033,0.171167,0.7751247,-0.0214
57,0,169000,33,-0.9314153,0.021764085,0.13895318,-0.0305
57,0,169500,33,-1.08406,-0.040651627,-0.024778858,-0.0398
57,0,170000,33,-1.3853877,0.23965038,-0.25198844,-0.0493
57,0,170500,33,-1.117476,-0.17902839,-1.6929483,-0.0589
57,0,171000,33,-0.5296056,0.026666163,0.11327355,-0.0686
57,0,171500,33,-0.97282606,-0.15933079,0.897085,-0.078
57,0,172000,33,-1.1738214,-0.014721847,0.45775357,-0.0873
57,0,172500,33,-1.5616523,-0.03799614,0.21373492,-0.0965
57,0,173000,33,-1.2945417,-0.07495677,-0.92214787,-0.1053
57,0,173500,33,-0.92340493,0.13814025,-2.0980847,-0.1138
57,0,174000,33,-0.91898113,-0.05105268,-0.5493599,-0.122
57,0,174500,33,-0.9516157,-0.19491902,0.72114336,-0.1297
57,0,175000,33,-1.0078375,0.3620378,0.50003856,-0.1368
57,0,175500,33,-1.1110939,-0.071112186,0.44867527,-0.1435
57,0,176000,33,-1.1490959,-0.2654281,-0.17498636,-0.1496
57,0,176500,33,-1.1821291,0.20472014,-1.1036966,-0.155
57,0,177000,33,-1.2752439,-0.25337264,-0.9619718,-0.1595
57,0,177500,33,-1.442226,0.15244228,-1.5296135,-0.1632
57,0,178000,33,-0.88309216,0.16761851,-1.3025043,-0.1657
57,0,178500,33,3.107536,-0.1561583,-1.0332084,-0.1675
57,0,179000,34,3.0777762,-0.025583496,0.21776794,-0.1685
57,0,179500,34,2.4874685,-0.2444145,-0.23586482,-0.1686
57,0,180000,34,-1.2511345,0.26548615,-0.19749846,-0.1679
57,0,180500,34,-1.2331042,-0.16393206,-0.820587,-0.1664
57,0,181000,34,-1.2108884,0.09014877,-0.74197966,-0.1642
57,0,181500,34,-1.2425218,-0.017104736,-0.61887985,-0.1612
57,0,182000,34,-0.89956313,-0.36175886,-0.5162942,-0.1577
57,0,182500,34,-0.37657896,0.015738713,0.40766105,-0.1536
57,0,183000,34,-0.89747167,0.090797365,2.0027118,-0.1493
57,0,183500,34,-0.9728111,-0.04232482,1.1932893,-0.1447
57,0,184000,34,-0.84491473,0.21741478,-0.3740068,-0.1401
57,0,184500,34,-1.1376681,-0.16712335,-0.37877634,-0.1356
57,0,185000,34,-1.231133,-0.31793624,-0.90999365,-0.1315
57,0,185500,34,-1.4989519,0.20279315,-0.75687367,-0.1279
57,0,186000,34,-1.5062448,-0.26728928,-0.63016367,-0.1252
57,0,186500,35,-1.4805866,0.28834686,-0.5248983,-0.1231
57,0,187000,35,-1.5122669,-0.38751942,-0.01877587,-0.122
57,0,187500,35,-1.9331619,0.015696412,1.9004602,-0.1217
57,0,188000,35,-1.844566,-0.1128433,0.51047057,-0.122
57,0,188500,35,-1.554547,0.22945613,0.24262467,-0.1232
57,0,189000,35,-1.4493111,0.08817008,-0.18110491,-0.1252
57,0,189500,35,-1.3513889,0.13120778,-0.39710602,-0.1279
57,0,190000,35,-1.3883564,0.0064656553,-0.35820797,-0.1312
57,0,190500,35,-1.3502938,-0.15776569,1.318629,-0.1351
57,0,191000,35,-1.114504,0.29171675,1.0378816,-0.1397
57,0,191500,35,-1.1335583,0.113742664,1.1234131,-0.1445
57,0,192000,35,-1.1486514,-0.18929784,1.2005596,-0.1493
57,0,192500,35,-1.1201228,-0.00985267,1.0383996,-0.1539
57,0,193000,36,-1.1354861,-0.2673081,0.88148755,-0.1584
57,0,193500,36,-1.1696522,0.13348258,-0.29189643,-0.1624
57,0,194000,36,-1.2084894,-0.020018723,-0.316225,-0.1661
57,0,194500,36,-1.2223965,-0.31455696,0.29430577,-0.1694
57,0,195000,36,-1.1486514,0.060242806,-0.17600651,-0.1722
57,0,195500,36,-1.0356106,0.0625646,-0.5639405,-0.1747
57,0,196000,36,-0.92805964,-0.30039594,-0.20793103,-0.177
57,0,196500,36,-0.7992582,0.15467948,-0.1252729,-0.1789
57,0,197000,36,-0.8425859,0.039694503,-0.12913522,-0.1807
57,0,197500,36,-0.87474203,-0.15609719,-1.0265083,-0.1823
57,0,198000,36,-1.0776175,-0.2859294,-0.7146099,-0.1839
57,0,198500,36,-1.0646654,-0.11337439,0.5624499,-0.1851
57,0,199000,36,-1.0441186,0.023004878,0.2938774,-0.1865
57,0,199500,36,-1.0847297,-0.073278874,-0.46958542,-0.1883
57,0,200000,36,-1.1226426,-0.3965998,-1.2995049,-0.1904
57,0,200500,36,-1.3058825,0.26451796,-1.1064725,-0.1928
57,0,201000,37,-1.364948,-0.023731705,-0.9299974,-0.1955
57,0,201500,37,-1.4736823,0.1916589,-0.77387327,-0.1985
57,0,202000,37,-0.87800413,0.15478757,-0.6447264,-0.2017
57,0,202500,37,3.3868945,-0.024549503,-0.53772455,-0.2051
57,0,203000,37,3.274417,0.036611315,-0.44898057,-0.2085
57,0,203500,37,2.430999,-0.1334668,-0.37558547,-0.2121
57,0,204000,37,0.056096144,0.056492224,-0.3130125,-0.2157
57,0,204500,37,2.2693822,-0.6108859,0.8459514,-0.2195
57,0,205000,37,2.1126122,0.108041584,1.3858589,-0.2233
57,0,205500,37,-0.84491473,-0.19319412,2.628985,-0.2275
57,0,206000,37,-1.0168307,0.3639977,2.8980975,-0.2321
57,0,206500,37,-0.9543192,-0.21017514,2.2380617,-0.2369
57,0,207000,37,-0.40183875,0.21985407,1.7924137,-0.2415
57,0,207500,37,-0.67367274,-0.14909893,0.9338252,-0.246
57,0,208000,37,-0.80767137,-0.38942763,0.2959848,-0.2501
57,0,208500,38,-1.0078375,0.18155865,0.18663247,-0.2537
57,0,209000,38,-1.2363974,-0.0468885,0.08658955,-0.2567
57,0,209500,38,-1.5180159,0.15571347,-1.2000003,-0.259
57,0,210000,38,-0.6829546,0.2572753,-1.7630712,-0.2602
57,0,210500,38,2.1493666,0.00038388316,-1.966542,-0.2603
57,0,211000,38,2.493152,0.17587638,-1.6443717,-0.259
57,0,211500,38,0.7428399,-0.23879802,-1.368164,-0.2562
57,0,212000,39,0.84732854,-0.104331635,-0.7548549,-0.2519
57,0,212500,39,3.6482403,-0.006708384,2.6720886,-0.2459
57,0,213000,39,1.3589573,-0.13995747,2.084193,-0.2377
57,0,213500,39,-0.72062033,0.2787824,1.514463,-0.2273
57,0,214000,39,-1.214948,-0.18561307,0.985766,-0.2147
57,0,214500,39,-1.0360092,-0.043936912,0.90913916,-0.2003
57,0,215000,39,-0.84491473,-0.0066848844,0.5977532,-0.1842
57,0,215500,39,-1.0563741,0.02676016,0.18904686,-0.1669
57,0,216000,39,-1.1303071,-0.33677375,0.16570196,-0.1486
57,0,216500,39,-1.442226,0.16177644,0.010651968,-0.1296
57,0,217000,40,-1.3860451,-0.16696355,-0.33913276,-0.1096
57,0,217500,40,-1.3173795,0.11535005,-0.8440083,-0.09
57,0,218000,40,-1.3797742,0.11871524,-1.8517869,-0.0711
57,0,218500,40,-1.0365026,-0.50835115,-2.0209181,-0.0533
57,0,219000,40,0.99960923,0.058503814,-1.6610607,-0.0375
57,0,219500,40,3.2556734,-0.22539838,1.6711187,-0.0237
57,0,220000,40,1.445923,0.21083482,2.4691079,-0.0123
57,0,220500,40,-0.20199047,0.027634358,1.7573491,-0.0033
57,0,221000,40,0.21042787,0.11624305,1.2828875,0.0029
57,0,221500,41,0.012245741,-0.072122686,0.99049294,0.0065
57,0,222000,41,-0.5111068,-0.19218363,0.3297258,0.0077
57,0,222500,41,-1.6651661,0.18032725,-2.0060382,0.0064
57,0,223000,41,-1.7090718,-0.3465591,-1.400581,0.0031
57,0,223500,41,-1.8015189,-0.045431506,0.3491509,-0.0015
57,0,224000,41,-1.7870437,0.060468405,0.8284519,-0.0077
57,0,224500,41,-1.7565647,0.16172944,0.30658576,-0.0159
57,0,225000,41,-1.7636131,0.065845184,0.021303685,-0.0251
57,0,225500,41,-2.1970868,0.0074150506,-1.1847045,-0.0348
57,0,226000,41,-2.156923,-0.24582449,-2.0724177,-0.0447
57,0,226500,42,-1.7189475,0.41136408,-1.3760803,-0.0541
57,0,227000,42,-0.89354426,-0.46711826,0.68623716,-0.0627
57,0,227500,42,-0.5296056,0.030600045,1.7839582,-0.0704
57,0,228000,42,-1.4141761,0.31096315,0.79104203,-0.077
57,0,228500,42,-1.3865808,-0.12804772,0.43188867,-0.0827
57,0,229000,42,-1.101522,0.28203008,0.22240296,-0.0878
57,0,229500,43,-1.0447829,-0.19460411,0.1718742,-0.0923
57,0,230000,43,-1.0457723,-0.32437992,0.15814103,-0.0962
57,0,230500,43,-1.2271036,0.24752285,0.051622402,-0.0999
57,0,231000,43,-1.2288846,-0.21204574,0.049268417,-0.1037
57,0,231500,43,-1.231133,0.114536956,-0.44012317,-0.1075
57,0,232000,43,-1.2435648,-0.011488263,-1.0836922,-0.1113
57,0,232500,43,-1.2296095,-0.24403378,-1.9568894,-0.1151
57,0,233000,43,-1.1401781,0.34903297,-1.8547376,-0.1191
57,0,233500,44,-1.0796446,0.43923026,-1.5434853,-0.1236
57,0,234000,44,-0.66912544,-0.42056027,-1.0511097,-0.1286
57,0,234500,44,-0.032834392,-0.056857154,0.49161625,-0.1341
57,0,235000,44,-0.6118622,-0.18923204,-0.39037615,-0.1401
57,0,235500,44,-0.8343111,-0.4626627,-1.1293887,-0.1467
57,0,236000,44,-1.3173795,0.13356248,-0.6738963,-0.1538
57,0,236500,44,-1.0234745,-0.40811944,0.9495969,-0.161
57,0,237000,44,-0.95312846,-0.284228,0.8030381,-0.1683
57,0,237500,44,-1.1986232,0.28911296,-0.09262063,-0.1755
57,0,238000,44,-1.2865677,-0.21105404,-0.9104614,-0.1824
57,0,238500,44,-1.4667469,0.3246589,-0.942699,-0.1891
57,0,239000,44,-1.087752,0.07679613,-0.5221609,-0.1956
57,0,239500,44,2.636366,0.14469671,-0.71224195,-0.2017
57,0,240000,44,3.2734303,0.079963915,-0.5936298,-0.2074
57,0,240500,44,3.0165765,-0.11735997,-0.49540773,-0.2125
57,0,241000,45,-1.0537483,0.13792405,-0.4129889,-0.2169
57,0,241500,45,-1.2584178,-0.46788436,0.0739559,-0.2205
57,0,242000,45,-1.14442,-0.19444902,2.6775029,-0.2236
57,0,242500,45,-0.7886011,-0.08763731,3.2802763,-0.2261
57,0,243000,45,-0.41938922,-0.08457763,2.6926444,-0.2278
57,0,243500,45,-0.18473658,-0.13424699,2.34309,-0.2289
57,0,244000,45,-0.1386607,0.34876037,1.4560777,-0.2295
57,0,244500,45,-0.42058447,-0.050028086,1.0842971,-0.2297
57,0,245000,45,-0.72158307,-0.23104775,0.09076206,-0.2295
57,0,245500,46,-1.343893,0.2332866,-0.22242667,-0.2289
57,0,246000,46,-1.4302638,0.062386,0.03187428,-0.2279
57,0,246500,46,-1.5112783,0.010173938,-1.9097073,-0.2263
57,0,247000,46,-1.3934994,-0.346592,0.006452035,-0.2243
57,0,247500,46,-1.3625675,-0.20653266,1.9361099,-0.2223
57,0,248000,46,-1.631275,0.37559727,0.96868205,-0.2201
57,0,248500,46,-1.6576954,0.1254127,0.014813676,-0.2178
57,0,249000,47,-1.5446712,0.12952049,-0.0309295,-0.2154
57,0,249500,47,-1.5575532,-0.3329292,-0.1988924,-0.213
57,0,250000,47,-1.6124712,0.104441404,-1.8644675,-0.2105
57,0,250500,47,-1.5956317,-0.31979746,-2.1801896,-0.2082
57,0,251000,47,-1.5643585,-0.07174198,-0.13021576,-0.206
57,0,251500,47,-1.5130358,0.019005198,1.041961,-0.204
57,0,252000,47,-1.4736823,0.077496424,-0.07780079,-0.2021
57,0,252500,47,-1.2146149,-0.036839947,-0.11871286,-0.2004
57,0,253000,47,-1.2033789,-0.33796754,0.6757988,-0.1991
57,0,253500,47,-1.2271036,0.2987714,0.29578695,-0.1983
57,0,254000,47,-1.18131,-0.0902975,0.18906553,-0.1981
57,0,254500,47,-1.1570828,-0.38614234,0.6449288,-0.1982
57,0,255000,47,-1.2535377,-0.14125466,0.3834568,-0.1987
57,0,255500,47,-1.2512363,-0.29259396,0.3245489,-0.1997
57,0,256000,47,-1.2431628,0.02706566,0.18057929,-0.2011
57,0,256500,47,-1.3457837,0.056525126,-0.05377016,-0.2029
57,0,257000,47,-1.424472,0.043379284,-0.09982819,-0.2047
57,0,257500,47,-1.4548877,-0.05303607,-0.5740028,-0.2067
57,0,258000,47,-1.4632676,-0.045722906,-1.0688272,-0.2089
57,0,258500,47,-1.4838612,0.18431753,-1.0537564,-0.2111
57,0,259000,48,-1.4220006,-0.1117764,-1.9628189,-0.2133
57,0,259500,48,-1.2826422,0.28251418,-1.5301127,-0.2155
57,0,260000,48,-1.135282,0.028550854,0.46373644,-0.2177
57,0,260500,48,-0.834808,-0.097366266,1.1477487,-0.2197
57,0,261000,48,-0.44663346,0.16726601,0.80675274,-0.2214
57,0,261500,48,-0.48186854,-0.04450091,0.49324334,-0.2227
57,0,262000,48,-0.37721163,-0.16089587,-0.17937247,-0.2238
57,0,262500,48,-0.45033932,-0.14616144,0.26281926,-0.2246
57,0,263000,48,-1.0575339,0.19117011,0.4264693,-0.2253
57,0,263500,48,-1.2035129,-0.2421256,0.3281874,-0.2259
57,0,264000,48,-1.428039,0.13483146,-0.31669858,-0.2262
57,0,264500,48,-1.575937,0.061878398,-2.03789,-0.2266
57,0,265000,49,0.25080076,0.16471392,-1.7626411,-0.2271
57,0,265500,49,3.6484017,0.090985365,-1.4666355,-0.2274
57,0,266000,49,3.722219,0.149392,-1.221058,-0.2278
57,0,266500,49,3.722219,-0.5273438,-0.7259363,-0.228
57,0,267000,49,-1.6041961,0.092705555,2.33625,-0.2283
57,0,267500,49,-2.107605,-0.07851465,1.4958512,-0.2284
57,0,268000,49,-1.3625675,-0.093046986,0.99463946,-0.2286
57,0,268500,50,-1.440906,-0.27977243,0.8977241,-0.2287
57,0,269000,50,-1.8583809,0.21640898,0.72528344,-0.2287
57,0,269500,50,-1.570514,0.16900031,0.34711584,-0.2288
57,0,270000,50,-1.2708973,0.23182492,0.17317623,-0.2286
57,0,270500,50,-1.2612209,0.07055456,-1.0760612,-0.2281
57,0,271000,50,-1.2552415,-0.25540304,-1.883529,-0.227
57,0,271500,50,-1.2351526,0.2572095,-1.5658001,-0.2255
57,0,272000,50,-0.2702864,0.18221664,-1.3024348,-0.2235
57,0,272500,50,2.8574858,0.049512755,-1.0843111,-0.2212
57,0,273000,50,3.722219,-0.0043160953,-0.90316105,-0.2186
57,0,273500,50,-0.08590969,-0.03982443,-0.7523008,-0.2157
57,0,274000,50,-0.70964205,-0.8038905,-0.37290788,-0.2127
57,0,274500,50,-0.29109126,-0.082979634,2.1983852,-0.2095
57,0,275000,50,0.019846462,0.061070003,3.2311711,-0.2064
57,0,275500,51,3.5248191,0.33530435,2.341456,-0.2032
57,0,276000,51,1.7982602,0.109926276,1.4856018,-0.2002
57,0,276500,51,-0.7941159,0.07637313,0.9111952,-0.1975
57,0,277000,51,-1.0736046,-0.33281168,0.2958713,-0.1951
57,0,277500,51,-1.1316626,-0.39972997,-0.16854188,-0.1933
57,0,278000,51,-1.5893924,0.043059688,-2.279046,-0.1921
57,0,278500,51,-1.6150668,-0.22617388,-1.1853304,-0.1917
57,0,279000,51,-1.6742705,0.07300795,1.1375848,-0.1922
57,0,279500,51,-1.5474082,-0.17360462,0.49285933,-0.1935
57,0,280000,51,-1.3097239,0.037175313,-0.54799515,-0.1957
57,0,280500,51,-1.2995157,0.017026506,-0.16555585,-0.1987
57,0,281000,51,-1.2943037,-0.19260663,-1.409344,-0.2025
57,0,281500,51,-1.3237101,0.060007807,-1.5503882,-0.2068
57,0,282000,51,-1.2806052,-0.1986602,-1.3565851,-0.2115
57,0,282500,51,-1.1862679,0.39805377,-0.92692584,-0.2165
57,0,283000,51,-0.9520491,-0.18491746,2.1429613,-0.2217
57,0,283500,51,-0.452173,0.76875514,2.4522145,-0.2269
57,0,284000,51,-0.1318792,-0.061439633,1.5320317,-0.2321
57,0,284500,51,-0.15084773,-0.044731207,0.9142148,-0.2369
57,0,285000,51,-0.098813325,-0.01853353,0.66711324,-0.2412
57,0,285500,52,-0.5509792,-0.18851765,0.6648509,-0.2449
57,0,286000,52,-0.8487367,-0.2886648,0.45022854,-0.2479
57,0,286500,52,-0.83989656,0.09052007,0.322548,-0.2503
57,0,287000,52,-1.0516847,-0.27947164,-0.12942877,-0.2519
57,0,287500,52,-1.4702185,0.08174991,-0.5840117,-0.2526
57,0,288000,52,-1.4481274,0.02062199,-1.4597611,-0.2523
57,0,288500,52,-1.4315977,0.14590931,-2.134157,-0.2511
57,0,289000,52,-1.4315977,0.060548306,-1.7740868,-0.2491
57,0,289500,52,-1.4139005,-0.09212579,-1.4760178,-0.2465
57,0,290000,52,-1.2865386,0.4961564,-1.2085803,-0.2435
57,0,290500,52,-1.1772001,0.07670213,-1.0264823,-0.2402
57,0,291000,52,-1.0781455,0.071696654,-0.8557432,-0.2368
57,0,291500,52,-0.89923507,-0.32266444,-0.7135915,-0.2335
57,0,292000,52,-0.49185756,-0.62542766,1.6334603,-0.2305
57,0,292500,52,-0.2866085,-0.18020809,2.8855362,-0.2279
57,0,293000,52,-0.22256902,-0.015793443,1.9960686,-0.226
57,0,293500,52,-0.21148397,0.23926498,1.2358392,-0.2248
57,0,294000,52,-0.6675355,-0.25640413,0.86501694,-0.2245
57,0,294500,52,-0.8648529,-0.02295151,0.58499205,-0.2254
57,0,295000,52,-1.4109963,-0.0032069003,-0.76035076,-0.2095
57,0,295500,52,-1.4597803,0.072016254,-1.0915996,-0.1939
57,0,296000,52,-1.3739139,0.28265518,-0.61822915,-0.1787
57,0,296500,52,2.791982,-0.1557729,-1.494981,-0.1639
57,0,297000,52,3.722219,0.22464335,-1.468162,-0.1494
57,0,297500,52,0.5825482,-0.19358893,-1.2215596,-0.1351
57,0,298000,52,-1.5280665,0.37575707,-1.0076227,-0.1209
70,0,500,1,-0.98578626,-0.11817777,-0.010798826,-0.0559
70,0,1000,1,-1.035118,-0.14341195,-0.055415638,-0.0686
70,0,1500,1,-1.0267009,0.12404031,-0.09030254,-0.0816
70,0,2000,1,-1.0169778,-0.1335655,-0.09969221,-0.0952
70,0,2500,1,-1.0251981,0.15760756,-0.09618064,-0.1091
70,0,3000,1,-1.0128748,-0.06366272,-0.07216168,-0.1233
70,0,3500,1,-0.989415,-0.1575072,0.042619374,-0.1375
70,0,4000,1,-0.9701705,0.14914289,0.050553814,-0.1519
70,0,4500,1,-0.9619072,-0.07799295,-0.004577568,-0.1729
70,0,5000,2,-0.95199114,-0.007394581,-0.03532465,-0.1844
70,0,5500,2,-0.962783,0.04858686,-0.07549816,-0.1927
70,0,6000,2,-0.97583896,-0.0893011,-0.081572354,-0.2001
70,0,6500,2,-1.0124135,-0.0468603,-0.068463065,-0.2058
70,0,7000,2,-1.0327682,0.15990585,-0.059295464,-0.2111
70,0,7500,2,-1.0471063,-0.008292276,-0.04871203,-0.216
70,0,8000,2,-1.1188097,-0.116833575,-0.022204855,-0.2209
70,0,8500,2,-1.1110994,-0.029836977,0.069605984,-0.2253
70,0,9000,2,-1.101522,-0.23880741,0.20747398,-0.2298
70,0,9500,2,-1.0222155,0.16147093,0.119719505,-0.2342
70,0,10000,2,-0.97695065,-0.08216184,0.10402863,-0.2387
70,0,10500,2,-0.9185965,-0.17557861,0.097566046,-0.2433
70,0,11000,2,-0.8843384,0.023521876,0.07595768,-0.2481
70,0,11500,2,-0.87385976,0.006663054,0.023266358,-0.2529
70,0,12000,2,-0.8648529,0.6749248,-1.9571484,-0.2574
70,0,12500,2,-0.8866698,-1.4554955,-3.250283,-0.2616
70,0,13000,2,-0.8370821,0.4727082,0.49357396,-0.2654
70,0,13500,2,-0.7668435,0.2754454,0.5938772,-0.2687
70,0,14000,2,-0.6718405,-0.15769988,0.50667715,-0.2711
70,0,14500,2,-0.6846777,0.052191745,0.39868867,-0.2726
70,0,15000,2,-0.70567864,-0.11306889,0.33181655,-0.2729
70,0,15500,2,-0.78895956,-0.17113712,0.2750082,-0.2718
70,0,16000,3,-0.83707595,0.05143035,0.23088336,-0.2691
70,0,16500,3,-0.87220126,-0.10074555,0.19676536,-0.2648
70,0,17000,3,-0.92820066,-0.08385853,0.16532758,-0.2584
70,0,17500,3,-0.96321523,0.13877475,0.13309492,-0.2498
70,0,18000,3,-0.9898268,0.08072531,0.10463062,-0.239
70,0,18500,3,-1.0306003,0.013247724,0.06554786,-0.2259
70,0,19000,3,-1.0265007,-0.286766,-0.039743144,-0.2109
70,0,19500,3,-1.0215303,-0.19162433,-0.16056424,-0.1938
70,0,20000,3,-1.0050412,3.0941212,-0.93493676,-0.175
70,0,20500,4,-0.9066871,-3.0984435,-0.21795683,-0.1547
70,0,21000,4,-0.7610004,-1.8849185,0.59519553,-0.1333
70,0,21500,4,-0.5058775,0.6278498,0.6567892,-0.1113
70,0,22000,4,-0.366339,1.1118207,0.36943913,-0.0886
70,0,22500,4,-0.33729294,-0.4184359,0.30427116,-0.066
70,0,23000,4,-0.32474136,-0.11091161,0.23503369,-0.0441
70,0,23500,4,-0.21833737,-0.09807596,0.17615934,-0.0231
70,0,24000,4,-0.30858073,-0.25435024,0.10769106,-0.0034
70,0,24500,4,-0.36980084,-0.08589832,0.07854831,0.0144
70,0,25000,4,-0.4206646,0.2600624,-0.06777733,0.0303
70,0,25500,4,-0.46367455,0.20682104,-0.15766226,0.0437
70,0,26000,4,-0.50528574,-0.007977379,-0.14449577,0.0545
70,0,26500,4,-0.5263645,0.22425795,-0.1933878,0.0631
70,0,27000,4,-0.5461877,0.047656264,0.025923524,0.0689
70,0,27500,4,-0.5877293,0.071569756,0.008693089,0.0719
70,0,28000,5,-0.5877293,0.1462101,-0.030451525,0.0725
70,0,28500,5,-0.58960557,0.097339734,-0.16648173,0.0705
70,0,29000,5,-0.59344965,-0.221488,-0.09685558,0.0665
70,0,29500,5,-0.63501257,0.3004869,-0.14566241,0.0603
70,0,30000,5,-0.6470989,-0.2645821,-0.21769507,0.0525
70,0,30500,5,-0.65766776,-0.0029719013,-0.44203767,0.0433
70,0,31000,5,-0.6827872,-0.2425627,-0.39604706,0.0329
70,0,31500,5,-0.70745444,0.12033203,-0.35365495,0.0217
70,0,32000,5,-0.72286195,-0.18986654,-0.32385567,0.0101
70,0,32500,5,-0.7312947,-0.6631262,-0.36746982,-0.0019
70,0,33000,5,-0.73942596,0.22147557,0.21184257,-0.0139
70,0,33500,6,-0.6550622,0.06717998,0.3250041,-0.0257
70,0,34000,6,-0.5220527,0.35982883,0.2682748,-0.0369
70,0,34500,6,-0.48789737,-0.13574159,0.17444703,-0.0478
70,0,35000,6,-0.46654955,0.014450918,0.060919855,-0.0581
70,0,35500,6,-0.47409365,-0.32054004,0.03273277,-0.0679
70,0,36000,6,-0.5058775,0.04229829,-0.095398314,-0.0772
70,0,36500,6,-0.58396405,-0.18182488,-0.13770609,-0.0857
70,0,37000,6,-0.606608,-0.07614116,-0.12626621,-0.0935
70,0,37500,6,-0.6251208,-0.13606119,-0.11910505,-0.1004
70,0,38000,6,-0.6442017,-0.34328324,-0.20089008,-0.1065
70,0,38500,6,-0.6013956,0.089265175,-0.27484748,-0.112
70,0,39000,6,-0.55515224,0.51150656,0.27319697,-0.1165
70,0,39500,6,-0.4965329,0.07287635,0.3062029,-0.1202
70,0,40000,7,-0.38292262,-0.050112683,0.24701923,-0.1234
70,0,40500,7,-0.37810144,-0.101817146,0.20131575,-0.1261
70,0,41000,7,-0.3499122,0.089819774,0.05558218,-0.1285
70,0,41500,7,-0.31963798,-0.028911082,-0.018948616,-0.1312
70,0,42000,7,-0.32512817,-1.0775373,-0.07941972,-0.1333
70,0,42500,7,-0.38895136,0.021829884,-0.05639581,-0.1348
70,0,43000,7,-0.4404131,0.7571979,0.14261472,-0.1359
70,0,43500,7,-0.48721507,0.26297167,0.1476072,-0.1367
70,0,44000,7,-0.5296056,-0.20261759,0.08289911,-0.1371
70,0,44500,7,-0.58753484,-0.37817118,0.09903324,-0.1377
70,0,45000,8,-0.60868627,0.27042583,0.056654267,-0.1381
70,0,45500,8,-0.6048411,-0.51662785,0.010770441,-0.1385
70,0,46000,8,-0.6256673,-0.34539822,-0.13940321,-0.1391
70,0,46500,8,-0.61249965,0.61400837,0.089115694,-0.1397
70,0,47000,8,-0.57874596,-0.047823794,0.1903232,-0.1405
70,0,47500,8,-0.48186854,0.019409396,0.18443955,-0.1415
70,0,48000,8,-0.4460805,0.047863066,0.13990007,-0.1429
70,0,48500,8,-0.41665947,0.385439,0.07525093,-0.1445
70,0,49000,8,-0.38785207,-0.04012053,0.12343067,-0.1465
70,0,49500,8,-0.35743198,-0.52910155,0.07674847,-0.1491
70,0,50000,8,-0.32835853,0.0044258647,0.023931671,-0.1524
70,0,50500,8,-0.36218888,0.01846,0.04784354,-0.1559
70,0,51000,8,-0.4135911,0.012209029,-0.010254321,-0.1594
70,0,51500,9,-0.49990174,-0.22876826,-0.034804657,-0.1633
70,0,52000,9,-0.62961143,0.09811993,-0.16000049,-0.1675
70,0,52500,9,-0.682834,1.5170434,-0.49233007,-0.1718
70,0,53000,9,-0.72062033,-2.2401805,-1.9628675,-0.1764
70,0,53500,9,-0.7403345,0.22861484,0.09877294,-0.1809
70,0,54000,9,-0.6755179,0.37049308,0.41382602,-0.1856
70,0,54500,9,-0.6104177,0.18814331,0.3351758,-0.1907
70,0,55000,9,-0.57623893,-0.17070943,0.29107958,-0.1961
70,0,55500,9,-0.5849256,0.16393843,0.2535501,-0.2013
70,0,56000,9,-0.59392375,-0.07570407,0.2090541,-0.2064
70,0,56500,9,-0.6048411,0.043750584,0.24086742,-0.2116
70,0,57000,10,-0.6048411,-0.04455261,0.196789,-0.2163
70,0,57500,10,-0.61762595,0.0022121747,0.16996492,-0.2209
70,0,58000,10,-0.639544,0.050015654,0.13209374,-0.2254
70,0,58500,10,-0.72062033,-0.18962215,0.10368051,-0.2301
70,0,59000,10,-0.76627094,0.02716906,0.0849499,-0.2345
70,0,59500,10,-0.7975898,0.13625556,0.07792356,-0.239
70,0,60000,10,-0.8348648,-0.21377063,0.061147463,-0.2433
70,0,60500,11,-0.8348648,0.07718623,0.03431989,-0.2473
70,0,61000,11,-0.8470023,-0.008325176,0.027214756,-0.2515
70,0,61500,11,-0.8943625,-0.108542815,0.020583805,-0.2556
70,0,62000,11,-0.89776355,0.009111743,0.014555721,-0.2592
70,0,62500,11,-0.89532137,-0.029954476,0.009101614,-0.2622
70,0,63000,11,-0.8796668,-0.11023011,0.007932648,-0.2649
70,0,63500,11,-0.8620404,0.0057418584,0.012053794,-0.2669
70,0,64000,11,-0.85923386,-0.03316456,0.017999299,-0.2682
70,0,64500,12,-0.87474203,-0.09218219,0.037121207,-0.2692
70,0,65000,12,-0.8675823,0.050386954,0.02687889,-0.2697
70,0,65500,12,-0.87134504,0.017369606,0.019244717,-0.2697
70,0,66000,12,-0.8943625,-0.04246112,0.0163366,-0.2689
70,0,66500,12,-0.8943625,0.069576964,0.017911466,-0.2671
70,0,67000,12,-0.900171,-0.058229547,0.016064055,-0.264
70,0,67500,12,-0.92340493,0.6643545,-0.014129767,-0.2597
70,0,68000,12,-0.92340493,-0.17819649,0.06103862,-0.2541
70,0,68500,13,-0.8510177,-0.6532938,0.19840413,-0.247
70,0,69000,13,-0.6553042,-1.4381996,0.18218888,-0.2382
70,0,69500,13,-0.5532155,-0.154894,0.004302608,-0.2279
70,0,70000,13,-0.48757887,1.7313812,0.25217745,-0.2161
70,0,70500,13,-0.45178452,-0.72731376,0.24699968,-0.2026
70,0,71000,13,-0.47582182,0.21591079,0.004721055,-0.1875
70,0,71500,13,-0.43287483,-0.0099701695,0.02346741,-0.1711
70,0,72000,13,-0.42679557,0.5173157,-0.05730186,-0.1535
70,0,72500,13,-0.4280836,-0.33675966,-0.31328505,-0.1349
70,0,73000,13,-0.43298805,1.5696126,-3.7062087,-0.1159
70,0,73500,13,-0.5045494,-1.0406708,-4.7709875,-0.0966
70,0,74000,13,-0.49083364,-1.4145916,-4.01862,-0.0777
70,0,74500,13,-0.45195752,-0.44353378,0.85827976,-0.0595
70,0,75000,13,-0.39555243,0.32772326,1.1581044,-0.0425
70,0,75500,13,-0.35150337,0.10977118,0.8500515,-0.0268
70,0,76000,13,-0.3719984,0.015339214,0.98783314,-0.013
70,0,76500,13,-0.40890434,0.39465567,0.95008826,-0.0013
70,0,77000,13,-0.46367455,-0.23831391,0.93186486,0.0082
70,0,77500,13,-0.4890105,0.23529351,0.67910814,0.0148
70,0,78000,13,-0.54105824,-0.23809302,0.666857,0.0187
70,0,78500,13,-0.6007325,0.433219,0.8216269,0.0195
70,0,79000,13,-0.63862675,-0.22271939,0.8343723,0.0175
70,0,79500,14,-0.6491002,0.17565547,0.8703882,0.0127
70,0,80000,14,-0.66504437,0.41991806,0.7951244,0.0053
70,0,80500,14,-0.70449686,0.2951618,0.4781559,-0.0044
70,0,81000,14,-0.6918796,-1.1021746,0.42754194,-0.0161
70,0,81500,14,-0.7026186,0.5783919,0.42145348,-0.0297
70,0,82000,14,-0.7312947,-0.17969109,0.33738652,-0.0449
70,0,82500,14,-0.5605438,-0.033042364,0.26575625,-0.0615
70,0,83000,14,-0.5696084,0.039619304,0.16644752,-0.0795
70,0,83500,14,-0.5897166,0.24694005,0.06625549,-0.0986
70,0,84000,14,-0.6274291,0.22246256,0.09287034,-0.1185
70,0,84500,14,-0.6767142,-0.31191087,0.031259157,-0.1391
70,0,85000,14,-0.7096223,-0.007836379,-0.05650319,-0.1599
70,0,85500,15,-0.7471955,-0.13002172,-0.10086847,-0.1819
70,0,86000,15,-0.83444476,-0.05085058,-0.1828604,-0.2042
70,0,86500,15,-0.8724523,-0.5644548,-0.6633061,-0.2267
70,0,87000,15,-0.9137753,0.016890207,0.100997366,-0.2491
70,0,87500,15,-0.86621267,-0.16856624,0.3177169,-0.272
70,0,88000,15,-0.80009145,0.09880613,0.23224375,-0.2948
70,0,88500,15,-0.7098864,0.19913186,0.20946057,-0.3173
70,0,89000,15,-0.73979634,-0.08191274,0.13957034,-0.3391
70,0,89500,16,-0.736666,0.07603943,0.063647635,-0.3606
70,0,90000,16,-0.7329791,0.26691025,0.049369384,-0.3812
70,0,90500,16,-0.7734056,-0.520369,-0.03028724,-0.4005
70,0,91000,16,-0.7315091,-0.15889838,-0.110923156,-0.4187
70,0,91500,16,-0.70976335,0.44134524,0.09196516,-0.4359
70,0,92000,16,-0.7366097,-0.543037,0.070261665,-0.4519
70,0,92500,16,-0.5765219,0.06988716,0.08155564,-0.4667
70,0,93000,16,-0.5225814,0.007936749,-0.029081214,-0.4796
70,0,93500,16,-0.5090575,0.48550624,-1.0985965,-0.4918
70,0,94000,16,-0.5588783,-0.64719796,-0.51794463,-0.503
70,0,94500,16,-0.60028493,-0.19473572,-0.17721428,-0.5135
70,0,95000,16,-0.64065975,-0.049835384,0.004672032,-0.5227
70,0,95500,17,-0.70449686,-0.084431924,0.055792276,-0.5309
70,0,96000,17,-0.7419132,0.034501027,0.088891886,-0.5382
70,0,96500,17,-0.7687693,0.07617103,0.1453431,-0.5445
70,0,97000,17,-0.8043864,-0.082744636,0.13175817,-0.5497
70,0,97500,17,-0.8297444,-0.03652505,0.13900045,-0.5539
70,0,98000,17,-0.8400737,0.09605664,0.13331436,-0.5569
70,0,98500,17,-0.8499194,0.045231078,0.081405364,-0.5587
70,0,99000,17,-0.8584728,0.17266159,0.10194398,-0.5595
70,0,99500,17,-0.8254683,-0.48307,0.15615064,-0.5595
70,0,100000,18,-0.7734056,0.06763587,0.08490293,-0.5575
70,0,100500,18,-0.7432957,0.37562075,0.05188969,-0.5547
70,0,101000,18,-0.7251296,-0.02270241,0.06374218,-0.5505
70,0,101500,18,-0.70712227,-0.4829102,0.075101815,-0.5446
70,0,102000,18,-0.6827872,0.17234199,-0.019630563,-0.5375
70,0,102500,18,-0.6864825,0.17542517,-0.105484515,-0.5294
70,0,103000,18,-0.6948312,-0.036717746,-0.09100871,-0.5203
70,0,103500,18,-0.71526086,0.06450099,-0.0799508,-0.51
70,0,104000,18,-0.74897575,-0.05797105,-0.10341183,-0.4993
70,0,104500,18,-0.77755165,0.034830026,-0.042322107,-0.4883
70,0,105000,18,-0.8196876,-0.19513991,-0.025464598,-0.4771
70,0,105500,18,-0.8366227,0.17184849,0.017087704,-0.4662
70,0,106000,18,-0.84167296,-0.14017837,0.12018581,-0.4556
70,0,106500,18,-0.84491473,-0.3953073,0.16316794,-0.4449
70,0,107000,18,-0.82271487,0.80784017,0.12309918,-0.4337
70,0,107500,18,-0.8000641,0.6013654,-2.7735217,-0.4229
70,0,108000,18,-0.7725931,-2.8983936,-2.3962255,-0.4114
70,0,108500,18,-0.6718405,1.3165047,0.67871594,-0.3985
70,0,109000,18,-0.6047593,0.72083884,0.9847648,-0.3849
70,0,109500,19,-0.5457147,0.18197694,0.86481005,-0.3698
70,0,110000,19,-0.4939084,0.077501126,0.54607356,-0.3529
70,0,110500,19,-0.4545115,-0.85966986,0.5679536,-0.3333
70,0,111000,19,-0.4621068,0.101983316,0.56815785,-0.3121
70,0,111500,19,-0.47884613,1.2242818,0.35829514,-0.2887
70,0,112000,19,-0.51183563,-0.8582129,0.006903456,-0.2627
70,0,112500,19,-0.5514456,0.51316094,-0.12665984,-0.2338
70,0,113000,19,-0.54788786,-1.7071512,-0.24542636,-0.2026
70,0,113500,19,-0.51037204,-0.2642672,0.44567785,-0.1691
70,0,114000,19,-0.37021604,0.24558645,0.2077185,-0.1336
70,0,114500,19,-0.3540067,1.5503615,-0.08417408,-0.0962
70,0,115000,19,-0.37104654,-0.23069055,-0.097370036,-0.0577
70,0,115500,19,-0.40413794,-0.4830465,0.006559419,-0.0186
70,0,116000,19,-0.47582182,-0.96382606,0.027101245,0.0201
70,0,116500,19,-0.5761989,0.122456424,0.25528458,0.058
70,0,117000,19,-0.63258994,0.3931611,0.36746684,0.0949
70,0,117500,19,-0.6827872,-0.22673787,0.33542034,0.1298
70,0,118000,19,-0.6300863,0.74048007,0.14324327,0.1616
70,0,118500,20,-0.66512394,-0.29995415,0.008450892,0.1905
70,0,119000,20,-0.6996219,-0.281361,0.04217087,0.2161
70,0,119500,20,-0.70449686,0.52876014,-0.028037433,0.2378
70,0,120000,20,-0.70449686,0.096075445,0.04767575,0.2553
70,0,120500,20,-0.701899,0.2761316,-0.11458967,0.2692
70,0,121000,20,-0.6936725,-0.609537,-0.20418777,0.2793
70,0,121500,20,-0.6082826,0.15585917,-0.21752232,0.2857
70,0,122000,21,-0.5566724,-0.12773283,-0.30996257,0.2877
70,0,122500,21,-0.5004484,-0.047757994,-0.36801085,0.2864
70,0,123000,21,-0.40810615,0.48230556,-0.46180826,0.2817
70,0,123500,21,-0.3816233,-0.0072347815,-1.0248944,0.274
70,0,124000,21,-0.3337143,-0.7634848,-0.5318605,0.2637
70,0,124500,21,-0.28292388,0.48488584,-0.08199576,0.2511
70,0,125000,21,-0.23876864,-1.0345795,-0.17811567,0.2365
70,0,125500,21,-0.23200676,0.19000451,0.44563028,0.2205
70,0,126000,21,-0.22204806,0.39468387,0.57942235,0.2035
70,0,126500,21,-0.16724798,-0.5174738,0.53354436,0.1862
70,0,127000,21,-0.116678014,0.1253563,0.46891478,0.1689
70,0,127500,22,-0.12752442,0.11854134,0.37580338,0.1517
70,0,128000,22,-0.21597622,-0.075769864,0.31542215,0.1349
70,0,128500,22,-0.3331727,0.23947649,0.083871394,0.1188
70,0,129000,22,-0.45070618,0.11876694,0.008264721,0.1033
70,0,129500,22,-0.6161674,-0.37966576,0.15031835,0.0884
70,0,130000,22,-0.67569727,-0.04921499,0.10833711,0.0741
70,0,130500,22,-0.7106415,0.22471385,0.17978324,0.0605
70,0,131000,22,-0.7471955,-0.1753107,0.12265855,0.0473
70,0,131500,22,-0.7422482,0.26222438,0.06269373,0.0345
70,0,132000,22,-0.7200729,-0.1574978,0.043603048,0.0222
70,0,132500,22,-0.6954958,0.42079696,0.0230014,0.0101
70,0,133000,22,-0.66083187,-0.5490342,0.033333883,-0.0015
70,0,133500,22,-0.5609996,-0.049609788,-0.015503872,-0.0131
70,0,134000,23,-0.5032015,-0.03178277,-0.09955185,-0.025
70,0,134500,23,-0.4690617,0.16394784,-0.017632289,-0.0371
70,0,135000,23,-0.45145482,-0.38743013,-0.054013815,-0.0496
70,0,135500,23,-0.43849117,0.38565052,-0.0051223654,-0.0629
70,0,136000,23,-0.45009622,-0.067883305,0.033157926,-0.0767
70,0,136500,23,-0.48186854,-0.28264412,0.015233873,-0.0909
70,0,137000,23,-0.5287463,-0.7292783,-0.022447346,-0.1052
70,0,137500,23,-0.58033085,-0.023614205,0.18671943,-0.1194
70,0,138000,23,-0.6003095,0.33281806,0.19843505,-0.1335
70,0,138500,23,-0.5413659,0.045442574,0.12160368,-0.1472
70,0,139000,23,-0.5655213,-0.008842174,0.06104037,-0.1606
70,0,139500,23,-0.57558525,-0.043311816,0.012275565,-0.1735
70,0,140000,23,-0.5833613,1.0098076,-0.010425317,-0.1857
70,0,140500,24,-0.6105124,-0.37863177,-0.0026563308,-0.1973
70,0,141000,24,-0.6105124,0.059443813,-0.109724715,-0.2079
70,0,141500,24,-0.6012586,-0.4559229,-0.058315,-0.2174
70,0,142000,24,-0.57623893,-0.92896634,0.0005783151,-0.2259
70,0,142500,24,-0.5913499,-0.07047299,0.049798917,-0.2333
70,0,143000,24,-0.59344965,-0.44443145,-0.09749113,-0.2395
70,0,143500,24,-0.57930565,1.1992731,-0.049256828,-0.2448
70,0,144000,24,-0.48789737,-0.1956945,-0.09911502,-0.2493
70,0,144500,24,-0.37482893,0.12293582,-0.44924554,-0.2529
70,0,145000,24,-0.35101065,-0.16837354,-0.51954895,-0.2559
70,0,145500,24,-0.36056635,0.25106192,-0.54768676,-0.2584
70,0,146000,24,-0.40183875,-0.05937634,-0.44481945,-0.26
70,0,146500,24,-0.4881909,-0.07526227,-0.309674,-0.2608
70,0,147000,24,-0.5297279,-0.25834054,0.03083721,-0.261
70,0,147500,24,-0.56176984,0.005116761,0.23776789,-0.2607
70,0,148000,24,-0.6105124,-0.32613772,-0.018398566,-0.2598
70,0,148500,24,-0.63935834,-0.14049327,-0.39689183,-0.2585
70,0,149000,24,-0.61898136,-0.36522743,0.3705795,-0.2567
70,0,149500,24,-0.52369964,0.15453377,0.40948543,-0.2548
70,0,150000,24,-0.47936478,0.3231737,0.41942486,-0.2526
70,0,150500,24,-0.44679826,-0.16099927,0.36246765,-0.2502
70,0,151000,24,-0.4130362,-0.116885275,0.31582046,-0.2475
70,0,151500,24,-0.37657896,0.06670998,0.14617765,-0.2443
70,0,152000,24,-0.33926314,0.27429393,0.106296234,-0.2413
70,0,152500,24,-0.36303756,0.012138529,0.099264346,-0.2383
70,0,153000,24,-0.38476312,-1.0500377,-0.027851554,-0.2351
70,0,153500,24,-0.40183875,0.46190766,-0.028453253,-0.2325
70,0,154000,24,-0.43863952,-0.09134559,0.14383972,-0.2302
70,0,154500,24,-0.42288843,0.53291494,0.1484225,-0.2283
70,0,155000,25,-0.43152946,-0.12765762,0.07992475,-0.2269
70,0,155500,25,-0.4697572,-0.47435153,-0.21752116,-0.2261
70,0,156000,25,-0.50964755,-0.043039218,-0.12968849,-0.2257
70,0,156500,25,-0.52872694,0.26511487,0.08196183,-0.226
70,0,157000,25,-0.53645927,-0.008804575,0.15655945,-0.2271
70,0,157500,25,-0.5177763,-0.04271492,0.043275643,-0.2291
70,0,158000,25,-0.5614057,0.30592948,0.0274695,-0.2317
70,0,158500,26,-0.59244126,-0.33622858,0.13747752,-0.2352
70,0,159000,26,-0.6223095,0.24485795,0.03146984,-0.2397
70,0,159500,26,-0.64976084,-0.18253458,-0.037668712,-0.2447
70,0,160000,26,-0.6662421,0.14373322,-0.03744023,-0.2504
70,0,160500,26,-0.68433595,0.2580696,-0.03274277,-0.2569
70,0,161000,26,-0.72062033,-0.36193275,0.04762352,-0.264
70,0,161500,26,-0.6926238,-0.21086605,0.011408324,-0.2717
70,0,162000,26,-0.70451856,0.17903475,-0.023364484,-0.28
70,0,162500,26,-0.7577229,0.0009337806,-0.04579866,-0.2886
70,0,163000,27,-0.74883777,0.19771248,-0.06577759,-0.2975
70,0,163500,27,-0.7554263,0.0072364514,-0.040300783,-0.3067
70,0,164000,27,-0.76819247,-0.032544166,-0.044654496,-0.3154
70,0,164500,27,-0.773072,-0.16047287,0.07444584,-0.3238
70,0,165000,27,-0.741519,-0.41663578,0.14441866,-0.3317
70,0,165500,27,-0.7081978,0.07682903,0.015937412,-0.339
70,0,166000,27,-0.6882375,0.028701253,-0.0249376,-0.3453
70,0,166500,27,-0.69877356,-0.113656394,0.06515568,-0.3507
70,0,167000,27,-0.7122039,0.21746178,-0.015475275,-0.3552
70,0,167500,27,-0.7419099,-0.29210988,0.048686855,-0.3586
70,0,168000,27,-0.76162183,-0.3671497,0.27908644,-0.3607
70,0,168500,27,-0.76972514,1.438347,0.033872847,-0.3615
70,0,169000,27,-0.7734056,-0.44341627,-0.47582683,-0.3612
70,0,169500,27,-0.6945676,-0.4807435,-0.025296811,-0.3598
70,0,170000,27,-0.6595036,-0.1130548,-0.060425036,-0.3576
70,0,170500,27,-0.6353245,0.4044316,-0.15003276,-0.3547
70,0,171000,27,-0.6827872,-0.056194454,-0.053439543,-0.3513
70,0,171500,27,-0.66171634,0.70137155,-0.18598153,-0.3481
70,0,172000,27,-0.6278105,-0.35905635,-4.2740035,-0.3451
70,0,172500,28,-0.56468195,-1.754447,-1.1813885,-0.3425
70,0,173000,28,-0.45534423,0.7167311,1.1160415,-0.3405
70,0,173500,28,-0.3629689,0.48140788,1.0843761,-0.3399
70,0,174000,28,-0.31414714,0.18533742,0.82702583,-0.3407
70,0,174500,28,-0.31860775,0.17972566,0.6575984,-0.3427
70,0,175000,28,-0.4011729,-0.20413567,0.543227,-0.3463
70,0,175500,29,-0.46759123,0.23898768,0.44927493,-0.3514
70,0,176000,29,-0.5178613,-0.312113,0.43792725,-0.358
70,0,176500,29,-0.55305785,-0.0912798,0.31429636,-0.3652
70,0,177000,29,-0.58315265,0.09020987,0.24871695,-0.3737
70,0,177500,29,-0.6325559,-0.027543388,0.20393322,-0.3832
70,0,178000,29,-0.68849653,0.18407784,0.16623655,-0.3937
70,0,178500,29,-0.72062033,-0.21516183,0.13710985,-0.405
70,0,179000,29,-0.7497578,0.047200367,0.10580805,-0.4166
70,0,179500,29,-0.7748055,-0.03385546,0.09059748,-0.4285
70,0,180000,29,-0.78895956,-0.09705137,0.077533126,-0.4403
70,0,180500,29,-0.80169505,-0.04008763,0.12748528,-0.4519
70,0,181000,29,-0.79446423,-0.0010919101,0.10856705,-0.4626
70,0,181500,29,-0.72596496,0.06644208,0.02195003,-0.4724
70,0,182000,30,-0.709778,-0.13701998,0.031080574,-0.4815
70,0,182500,30,-0.69160116,8.778453e-05,0.026637277,-0.4897
70,0,183000,30,-0.666344,-0.06211643,0.030848298,-0.4969
70,0,183500,30,-0.6713898,0.094059154,0.010623955,-0.5033
70,0,184000,30,-0.67994064,0.088517874,-0.040621184,-0.5098
70,0,184500,30,-0.68860704,0.006742954,-0.03491671,-0.5157
70,0,185000,30,-0.6936725,-0.09377078,-0.024861438,-0.5211
70,0,185500,30,-0.7039845,0.067889675,-0.012622309,-0.5261
70,0,186000,30,-0.7131021,-0.14847854,-0.016504176,-0.5309
70,0,186500,30,-0.72596496,-0.047673397,-0.024402723,-0.5354
70,0,187000,31,-0.77612406,0.030910242,-0.026126992,-0.5399
70,0,187500,31,-0.80076456,-0.10802112,-0.029774249,-0.5445
70,0,188000,31,-0.8196876,-0.008353377,-0.03180491,-0.5492
70,0,188500,31,-0.86900467,0.048060462,-0.044281863,-0.5541
70,0,189000,31,-0.89513505,-0.11330389,-0.044348978,-0.5592
70,0,189500,31,-0.92820066,-0.028751282,-0.034070186,-0.5644
70,0,190000,32,-0.9485007,0.06647028,-0.029307654,-0.5695
70,0,190500,32,-0.95118076,-0.09463088,-0.05221776,-0.5747
70,0,191000,32,-0.92820066,-0.11454469,-0.02852562,-0.5797
70,0,191500,32,-0.92494917,0.09147886,-0.03803259,-0.5845
70,0,192000,32,-0.91553205,-0.061369132,-0.008963964,-0.5889
70,0,192500,32,-0.8796668,-0.017410235,0.079441525,-0.5928
70,0,193000,33,-0.7865562,-0.019525224,0.20295364,-0.5963
70,0,193500,33,-0.72542405,0.00013478432,0.24717157,-0.5991
70,0,194000,33,-0.666344,-0.23477483,0.12957256,-0.6014
70,0,194500,33,-0.6149789,0.09153056,-0.003297424,-0.6029
70,0,195000,33,-0.6414218,0.19740698,-0.07516697,-0.6033
70,0,195500,33,-0.67342424,0.0840811,-0.12010827,-0.6029
70,0,196000,33,-0.8698041,-0.34696332,-0.08475068,-0.6015
70,0,196500,34,-0.94320345,-0.10482513,0.09211544,-0.5991
70,0,197000,34,-1.035118,-0.23474663,0.25672406,-0.5961
70,0,197500,34,-0.95463824,0.05292964,0.3236805,-0.5928
70,0,198000,34,-0.8906168,0.08963177,0.29361448,-0.5891
70,0,198500,34,-0.8196876,0.19603458,0.1535886,-0.5851
70,0,199000,34,-0.7634187,-0.23597333,0.05308521,-0.5809
70,0,199500,34,-0.7685611,0.13380687,-0.0075697247,-0.5767
70,0,200000,34,-0.771563,0.0014413783,-0.052437488,-0.5726
70,0,200500,35,-0.7524665,-0.27797702,-0.08549624,-0.5685
70,0,201000,35,-0.7689334,0.029396849,-0.11997608,-0.5646
70,0,201500,35,-0.7803441,-0.049670886,-0.2464786,-0.561
70,0,202000,35,-0.78895956,-0.26870397,-0.34568843,-0.5578
70,0,202500,35,-0.75095356,0.20056537,-0.0953773,-0.5554
70,0,203000,35,-0.71296704,-0.089813404,0.12126811,-0.5537
70,0,203500,35,-0.66083187,-0.089526705,0.22731663,-0.5529
70,0,204000,35,-0.57122016,0.060976002,0.09490071,-0.5532
70,0,204500,35,-0.55162495,0.0014601782,0.00032386213,-0.5543
70,0,205000,35,-0.5455628,-0.037070245,-0.056599487,-0.5561
70,0,205500,35,-0.56468195,0.014450918,-0.123186216,-0.5585
70,0,206000,36,-0.5874084,-0.18793485,-0.18039933,-0.5617
70,0,206500,36,-0.61683065,-0.27104455,0.0069565643,-0.5653
70,0,207000,36,-0.6553042,0.032390736,0.17966944,-0.5695
70,0,207500,36,-0.61131865,-0.049196187,0.14281783,-0.5741
70,0,208000,36,-0.623531,0.2767708,-0.060597494,-0.5791
70,0,208500,36,-0.63843185,0.012119729,-0.22665636,-0.5844
70,0,209000,36,-0.666344,-0.26732218,-0.40743414,-0.5901
70,0,209500,36,-0.7133683,-0.23359513,-0.22613667,-0.5961
70,0,210000,36,-0.73705345,-0.2214081,0.12216248,-0.6023
70,0,210500,36,-0.7524665,-0.016578339,0.2304293,-0.6085
70,0,211000,36,-0.69309974,0.29351214,0.051582422,-0.6147
70,0,211500,36,-0.7069093,-0.0014491084,-0.20221779,-0.621
70,0,212000,36,-0.7419099,-0.084408425,-0.4683841,-0.6272
70,0,212500,36,-0.77691656,-0.27909562,-0.45994568,-0.633
70,0,213000,37,-0.8072892,-0.14938092,-0.06428852,-0.6383
70,0,213500,37,-0.83754486,0.20471545,0.220536,-0.6429
70,0,214000,37,-0.7419099,-0.22427978,0.29231274,-0.6466
70,0,214500,37,-0.72613364,0.28252828,0.10084855,-0.6492
70,0,215000,37,-0.72567654,0.12366901,-0.028087039,-0.6509
70,0,215500,37,-0.7992582,-0.16581675,-0.19728251,-0.6514
70,0,216000,37,-0.80929244,-0.13976008,-0.3396402,-0.6509
70,0,216500,37,-0.81724906,-0.16028018,-0.4779789,-0.6491
70,0,217000,37,-0.82981944,-0.5429571,-0.3771478,-0.6462
70,0,217500,37,-0.82272714,0.11676475,0.17875026,-0.642
70,0,218000,37,-0.8028824,-0.03532655,0.36432353,-0.6366
70,0,218500,37,-0.7524665,0.001925476,0.38856426,-0.6299
70,0,219000,37,-0.70390266,0.29005295,0.19094941,-0.6218
70,0,219500,37,-0.70009315,0.25195023,0.007750271,-0.6125
70,0,220000,38,-0.7098864,-0.22637597,-0.16781498,-0.6025
70,0,220500,38,-0.7646941,0.09067047,-0.2853997,-0.5917
70,0,221000,38,-0.7899117,-0.32259393,-0.046846528,-0.5808
70,0,221500,38,-0.81335837,0.1493121,0.23327586,-0.5697
70,0,222000,38,-0.7524665,-0.37987256,0.35725865,-0.559
70,0,222500,38,-0.73066396,0.39115417,0.14663929,-0.5487
70,0,223000,38,-0.72224784,0.03591572,-0.12396008,-0.5392
70,0,223500,38,-0.76819247,-0.051903374,-0.23831539,-0.5308
70,0,224000,38,-0.775231,0.1276499,-0.2248714,-0.5237
70,0,224500,38,-0.7807998,0.16767491,-0.1345797,-0.5181
70,0,225000,38,-0.78895956,-0.4420204,0.14084698,-0.5141
70,0,225500,38,-0.76521975,-0.29754305,0.3673965,-0.5117
70,0,226000,38,-0.7381403,0.26491746,0.2949533,-0.5112
70,0,226500,38,-0.69909227,-0.11949846,0.119217016,-0.5123
70,0,227000,38,-0.7231702,-0.071112186,0.050874215,-0.515
70,0,227500,38,-0.74693376,0.16018315,-0.12391251,-0.519
70,0,228000,38,-0.7734056,0.09122977,-0.19877654,-0.5244
70,0,228500,38,-0.798586,0.017111106,-0.14254507,-0.5309
70,0,229000,38,-0.81925225,-0.15634629,0.021997303,-0.5385
70,0,229500,38,-0.83883995,0.108285986,0.10694171,-0.5469
70,0,230000,38,-0.7992582,-0.113393195,0.025532506,-0.5559
70,0,230500,38,-0.79636824,0.26211157,-0.20569813,-0.5655
70,0,231000,38,-0.7941159,0.19389139,-0.45199665,-0.5752
70,0,231500,38,-0.7941159,-0.29937604,-0.7160675,-0.5847
70,0,232000,38,-0.7669605,-0.17300302,-0.74581224,-0.5939
70,0,232500,38,-0.74318403,-0.3525234,-0.26027188,-0.6029
70,0,233000,38,-0.7098864,-0.2423183,0.20466828,-0.6112
70,0,233500,38,-0.6794497,-0.021137318,0.3966586,-0.6189
70,0,234000,38,-0.6446388,0.27235284,0.17181875,-0.6261
70,0,234500,38,-0.6049539,0.14578241,0.03376313,-0.6328
70,0,235000,38,-0.6330359,-0.29119337,0.089658454,-0.6391
70,0,235500,38,-0.64937997,-0.23629293,0.14099346,-0.6448
70,0,236000,38,-0.6765704,-0.13551599,0.19540146,-0.65
70,0,236500,38,-0.78378916,-0.36312655,0.37927583,-0.6548
70,0,237000,38,-0.7872223,0.032104038,0.3720759,-0.659
70,0,237500,38,-0.79001147,0.37408856,0.15432073,-0.6625
70,0,238000,38,-0.7941159,-0.08550352,0.00840362,-0.6655
70,0,238500,38,-0.7706903,0.007903849,-0.035836183,-0.6681
70,0,239000,38,-0.75979435,-0.2865263,-0.0027640066,-0.6702
70,0,239500,38,-0.7524665,-0.14796624,0.15227023,-0.6721
70,0,240000,39,-0.7388296,-0.10148345,0.27506888,-0.6736
70,0,240500,39,-0.69484127,0.1915085,0.16134183,-0.6749
70,0,241000,39,-0.6439341,0.30917716,-0.034107246,-0.6759
70,0,241500,39,-0.63862675,-0.080939844,-0.15822895,-0.6768
70,0,242000,39,-0.659485,-0.016662939,-0.18513823,-0.6776
70,0,242500,39,-0.68212414,-0.26699787,-0.15601532,-0.6782
70,0,243000,39,-0.72596496,-0.07486277,-0.024084073,-0.6787
70,0,243500,39,-0.7178726,-0.23657963,0.17586637,-0.6793
70,0,244000,39,-0.70258915,0.10329931,0.22253455,-0.6797
70,0,244500,39,-0.67732155,-0.015234145,0.036925405,-0.6803
70,0,245000,39,-0.6872987,0.22424856,-0.07262915,-0.6812
70,0,245500,39,-0.69087887,0.09015347,-0.15306577,-0.6821
70,0,246000,39,-0.6936725,0.08077701,-0.41905317,-0.683
70,0,246500,39,-0.6936725,-0.18085198,-0.68775845,-0.6839
70,0,247000,39,-0.68320787,0.14085214,-0.89284784,-0.6849
70,0,247500,39,-0.67732155,-0.40034097,-0.1310515,-0.6859
70,0,248000,39,-0.67732155,-0.14897203,0.41675046,-0.6871
70,0,248500,39,-0.6317991,6.428464e-05,0.51354736,-0.6881
70,0,249000,39,-0.5993205,0.026609762,0.27789617,-0.6892
70,0,249500,39,-0.5717883,0.215187,0.045973662,-0.6905
70,0,250000,39,-0.5991536,-0.056819554,-0.007535,-0.692
70,0,250500,39,-0.6382576,0.07977122,-0.45765445,-0.6936
70,0,251000,39,-0.65321606,-0.5480519,-0.105661936,-0.6953
70,0,251500,39,-0.6274291,-0.29403687,0.34196025,-0.6971
70,0,252000,39,-0.54310524,0.116736546,0.40257695,-0.699
70,0,252500,39,-0.48560727,0.17691977,0.23847026,-0.7008
70,0,253000,39,-0.43679574,-0.25326455,0.08043745,-0.7027
70,0,253500,39,-0.40183875,0.11928394,-0.11744877,-0.7047
70,0,254000,39,-0.45439917,0.17867756,-0.3749578,-0.707
70,0,254500,39,-0.518574,-0.3248358,-0.07590144,-0.7094
70,0,255000,39,-0.5824284,-0.11777357,0.20543718,-0.7121
70,0,255500,39,-0.5877293,0.04668337,0.29957837,-0.7153
70,0,256000,39,-0.59939957,0.27528563,0.1016977,-0.7189
70,0,256500,39,-0.6111206,0.011203233,-0.047847707,-0.7229
70,0,257000,39,-0.6274291,0.002592873,-0.14327165,-0.7273
70,0,257500,39,-0.6468577,0.010474737,-0.14063142,-0.7321
70,0,258000,39,-0.6445946,-0.24355909,0.03307739,-0.7373
70,0,258500,39,-0.63475853,-0.16347617,0.19836181,-0.743
70,0,259000,39,-0.5877293,0.121530525,0.21766727,-0.7491
70,0,259500,39,-0.5379228,0.17648268,0.03547193,-0.7555
70,0,260000,40,-0.5257968,0.06853827,-0.08463075,-0.7623
70,0,260500,40,-0.5413659,-0.08114664,-0.13588172,-0.7694
70,0,261000,40,-0.53567046,-0.21456492,-0.09917017,-0.7767
70,0,261500,40,-0.5354943,-0.0691382,0.08129856,-0.7837
70,0,262000,40,-0.52986354,-0.13506009,0.21910177,-0.7909
70,0,262500,40,-0.51183563,0.11965524,0.13942268,-0.798
70,0,263000,40,-0.54240805,0.2992884,-0.032783624,-0.8051
70,0,263500,40,-0.5611493,-0.3055753,-0.08438126,-0.8121
70,0,264000,40,-0.5812682,0.111966066,-0.2784638,-0.8188
70,0,264500,40,-0.6442017,-0.1989046,-0.10807544,-0.8252
70,0,265000,40,-0.672825,-0.11024421,0.110762,-0.8312
70,0,265500,40,-0.6763309,-0.11904257,0.24538368,-0.8369
70,0,266000,40,-0.63862675,0.13975704,0.098739386,-0.8421
70,0,266500,40,-0.6050745,0.0845088,0.013653171,-0.8471
70,0,267000,40,-0.61667967,-0.13938877,-0.04892738,-0.8517
70,0,267500,40,-0.63959825,0.09584984,-0.065304875,-0.856
70,0,268000,40,-0.6827872,-0.23476073,-0.07817109,-0.8597
70,0,268500,40,-0.72864884,-0.14965352,-0.048930883,-0.863
70,0,269000,40,-0.7580809,-0.11008911,0.093284115,-0.8662
70,0,269500,40,-0.72596496,-0.060584236,0.22072041,-0.8688
70,0,270000,40,-0.6873201,0.31726113,0.13327117,-0.8708
70,0,270500,40,-0.67817175,0.100441724,-0.03226392,-0.8721
70,0,271000,40,-0.6936725,0.79027635,-2.0020227,-0.8725
70,0,271500,40,-0.6842458,-0.65956825,-0.941685,-0.8725
70,0,272000,40,-0.61947924,1.1706738,0.46749136,-0.8712
70,0,272500,40,-0.5289958,-1.3333759,0.71269065,-0.8692
70,0,273000,40,-0.40810615,-1.9473623,0.7757302,-0.8664
70,0,273500,40,-0.38695198,0.19809787,0.77520967,-0.8628
70,0,274000,40,-0.36588162,0.7342103,0.63960135,-0.8584
70,0,274500,40,-0.3418979,-0.07083959,0.5124992,-0.8531
70,0,275000,40,-0.31206727,-0.57181966,0.477666,-0.8472
70,0,275500,40,-0.21530613,0.81357884,0.19523631,-0.8407
70,0,276000,40,-0.21148397,1.5418922,-1.0549314,-0.8338
70,0,276500,40,-0.23393492,-1.2255726,-1.7528113,-0.8264
70,0,277000,40,-0.27769235,1.1526635,-0.39533332,-0.8186
70,0,277500,40,-0.40183875,-1.384869,0.3833144,-0.8106
70,0,278000,40,-0.28700337,1.0490854,0.6520451,-0.8025
70,0,278500,40,-0.23325028,-0.37828398,0.451668,-0.7937
70,0,279000,40,-0.20964146,0.1691695,0.025603123,-0.7849
70,0,279500,40,-0.20447077,0.732194,-0.17476839,-0.7764
70,0,280000,41,-0.19079347,-0.27847993,-0.028930644,-0.7679
70,0,280500,41,-0.23568088,0.4088778,-0.15008907,-0.7596
70,0,281000,41,-0.26406497,-0.61434036,-0.29459822,-0.7514
70,0,281500,41,-0.28374714,-1.0250715,-0.21270552,-0.7433
70,0,282000,41,-0.31206727,-0.01415785,-0.07919357,-0.7351
70,0,282500,41,-0.30651695,-0.02730369,-0.3848021,-0.7269
70,0,283000,41,-0.355792,0.45829338,-0.1026654,-0.7187
70,0,283500,41,-0.4212593,0.06922447,-0.35389248,-0.7105
70,0,284000,41,-0.5296056,0.26413256,0.34135738,-0.702
70,0,284500,41,-0.51076543,-0.83574694,0.2855598,-0.6936
70,0,285000,41,-0.49531353,0.74184775,-0.15299515,-0.6853
70,0,285500,41,-0.4868795,0.98487425,-1.1155788,-0.6773
70,0,286000,41,-0.66083187,-0.53388613,-0.493331,-0.67
70,0,286500,41,-0.69006836,-0.40638044,-0.5073816,-0.6631
70,0,287000,41,-0.71993715,0.02065489,-0.8236509,-0.6567
70,0,287500,41,-0.78378916,-0.20658906,-0.5313667,-0.6507
70,0,288000,41,-0.8140771,-0.078162156,0.18807136,-0.6451
70,0,288500,41,-0.8160474,0.12085843,0.39593872,-0.6399
70,0,289000,41,-0.7629649,0.07513704,-0.17761639,-0.6352
70,0,289500,41,-0.8421031,0.04640607,-0.43674874,-0.6314
70,0,290000,41,-0.8815819,-0.058332946,-0.52759254,-0.6283
70,0,290500,41,-0.9089414,-0.13941698,-0.5352416,-0.6259
70,0,291000,41,-0.9645949,0.09745724,-0.49426854,-0.6241
70,0,291500,41,-1.00016,-0.081127845,-0.49924994,-0.6233
70,0,292000,41,-1.08406,-0.1775244,-0.45084345,-0.623
70,0,292500,41,-1.1114634,-0.017104736,-0.32177684,-0.623
70,0,293000,41,-1.14442,-0.154236,-0.30632406,-0.6231
70,0,293500,41,-1.1652619,-0.08776421,-0.21298099,-0.623
70,0,294000,41,-1.1679281,-0.17865708,0.0954776,-0.6227
70,0,294500,41,-1.161283,-0.3299306,0.72215796,-0.622
70,0,295000,41,-1.130217,0.0032226702,0.9631859,-0.6208
70,0,295500,41,-1.109796,0.23995118,0.5114257,-0.6191
70,0,296000,41,-1.088442,-0.24420299,0.07212425,-0.5779
70,0,296500,41,-1.111169,-0.04407791,-0.09797465,-0.5367
70,0,297000,41,-1.14442,-0.045995504,-0.40307865,-0.4953
70,0,297500,41,-1.2064327,0.10145692,-0.4284253,-0.4537
70,0,298000,41,-1.2313987,0.07616163,-0.418628,-0.412
70,0,298500,41,-1.3401319,-0.19226353,-0.32327554,-0.3702
70,0,299000,41,-1.3584598,-0.04501791,-0.5922134,-0.3284
