subject_id,window_id,start_timestamp,end_timestamp,BPM_mean,BPM_median,BPM_mode,ECG_mean,ECG_median,ECG_mode,resp_mean,resp_median,resp_mode,BPM_mean_norm,BPM_median_norm,BPM_mode_norm,ECG_mean_norm,ECG_median_norm,ECG_mode_norm,resp_mean_norm,resp_median_norm,resp_mode_norm,label_mean,label_median,label_mode,class_mean,class_median,class_mode
6,0,500,3000,107.351609,107.919623,104.87761,-0.003271,-0.002274,-0.016,3.5267,3.390892,2.305901,0.38438388257716394,0.4158765764877424,0.4818046989762364,-0.004919623260252136,0.0061222598364623765,0.6773274396220491,2.6458568705938825,2.2321553215214527,1.985328494437761,0.393033,0.39205,0.2779,High,High,High
6,1,3500,6000,100.305929,99.84284,98.17221,-0.016284,0.005607,-0.105778,-0.140158,0.500231,-3.141193,0.05005835672543186,0.03509368864136178,0.1641769539772151,-0.17638417460381672,0.10687425627090415,-0.04039835476997068,-0.09892443401136149,0.32563265134078084,-0.7414755249950872,0.6404,0.65215,0.5587,High,High,High
6,2,6500,9000,110.309813,111.017007,110.497238,-0.014466,-0.011529,-0.084671,0.816468,1.015913,-0.309125,0.5247540253989642,0.5619038777398838,0.7480005663925513,-0.15242947128078585,-0.11219517792533924,0.12834051602501653,0.6171461529323643,0.6657484323348543,0.6762518734502394,0.715833,0.71805,0.7019,High,High,High
6,3,9500,12000,116.811591,116.602232,113.261129,-0.016413,-0.011355,-0.033972,-2.919188,-4.092019,-6.52361,0.8332707830179912,0.8252213526270756,0.8789231758943097,-0.1780839307802034,-0.10997073339043341,0.5336511717522661,-2.1791330455630256,-2.7031655135554797,-2.4347064975096053,0.71615,0.7177,0.7043,High,High,High
6,4,12500,15000,115.513051,120.567777,96.047026,0.010969,0.01105,-0.00673,2.684659,2.531291,1.677004,0.7716535837782429,1.0121784216711216,0.06350922324854841,0.18271237636568805,0.17645846088867684,0.7514359975539926,2.0155574713504145,1.6652092860610597,1.6705039536075017,0.6732,0.67395,0.6478,High,High,High
6,5,15500,18000,87.08997,87.534262,83.415641,-0.009027,0.003075,-0.06294,0.747934,1.022459,-0.499333,-0.5770539223320816,-0.5451987218545526,-0.5348261980185598,-0.08076300737871503,0.07450475303882617,0.30206792405296307,0.5658458729842955,0.6700658176660995,0.5810341410358026,0.608633,0.60875,0.5799,High,High,High
6,6,18500,21000,86.739129,86.789269,81.743869,-0.019675,-0.012539,-0.071962,0.059169,0.091353,-0.651616,-0.5937017266341992,-0.5803216892495335,-0.6140162792236334,-0.22106536215519057,-0.12510718355898806,0.2299419898930931,0.05027933202022456,0.055958975894876736,0.5048015853847909,0.539633,0.53925,0.5117,High,High,High
6,7,21500,24000,99.775165,99.551557,92.957307,-0.023285,-0.020558,-0.057016,-2.096272,-2.068916,-6.232369,0.024873001528606196,0.02136104509744653,-0.0828475158946246,-0.2686321822850813,-0.227623394624562,0.34942704996330104,-1.5631494290552335,-1.3688368829721884,-2.2889118537190556,0.470433,0.47085,0.4389,High,High,High
6,8,24500,27000,111.823514,111.688231,108.744254,-0.006417,-0.00794,-0.026303,0.90799,0.805075,-1.006757,0.5965808586935919,0.5935489786559042,0.6649635581694231,-0.046372591716938076,-0.066312813351908,0.5949606141233637,0.6856538165943008,0.5266911624801212,0.327018733415392,0.395217,0.3954,0.3632,High,High,High
6,9,27500,30000,106.925217,107.561326,102.777251,0.003284,0.011848,-0.048132,0.849336,1.009322,0.044681,0.3641510974352089,0.39898453340986134,0.3823129023856678,0.08145170802823368,0.18666022375565872,0.42044974992742035,0.6417490887209236,0.6614013674527527,0.8533664271736482,0.3185,0.31825,0.2872,High,High,High
6,10,30500,33000,102.662709,101.382825,98.556001,0.011733,0.009584,-0.033608,-0.185919,0.327587,-2.533533,0.1618902470208819,0.10769684456867945,0.1823567299608873,0.192779149379327,0.15771687647389548,0.5365611518048257,-0.13317826584232975,0.2117660651618163,-0.43728218255440876,0.247717,0.2476,0.2209,High,High,High
6,11,33500,36000,112.439216,112.370182,110.396606,0.00166,0.004199,-0.015493,0.536465,0.793141,-1.116716,0.625796618551826,0.6256998079092995,0.7432337344012102,0.06005322717201691,0.08887415336775809,0.6813806261238287,0.40755336269249615,0.5188201455930023,0.2719734848529811,0.189067,0.18895,0.1677,High,High,High
6,12,36500,39000,105.051321,104.157844,102.146013,0.004732,0.010602,-0.03273,-3.20737,-2.312501,-7.63429,0.27523260190440724,0.2385261300216345,0.35241182228639023,0.10053114169806243,0.17073115541949402,0.5435802795140217,-2.394848125318977,-1.5294922917579157,-2.9907106142558333,0.142067,0.14175,0.1251,High,High,High
6,13,39500,42000,106.468126,107.307682,101.791768,-0.001939,-0.00072,-0.029282,1.501507,1.765685,-1.785008,0.34246160984322405,0.38702639428381264,0.3356316092450839,0.012631347491275416,0.02598885068269033,0.5711451455063993,1.1299236425775787,1.160257236883953,-0.0625721117081975,0.1046,0.10445,0.0907,High,High,High
6,14,42500,45000,110.583617,111.040725,107.334526,-0.012055,-0.012368,-0.037167,0.90993,1.663867,-3.590289,0.5377463364718922,0.5630220715224747,0.5981862256162599,-0.12066116010816355,-0.12292109151606334,0.5081089017854312,0.6871059796535014,1.0931036255706736,-0.9662920561420096,0.072033,0.0721,0.0587,High,High,High
6,15,45500,48000,101.834857,100.252511,97.560976,-0.015398,-0.011045,-0.082186,-0.842027,-0.625797,-3.606568,0.1226077284808104,0.05440777773437266,0.13522344231695096,-0.1647098802450679,-0.10600764255238276,0.14820672599922147,-0.6242998124639708,-0.41703413292005137,-0.9744412899595917,0.0394,0.0397,0.025,High,High,Medium
6,16,48500,51000,108.165564,108.822183,103.40279,0.007839,0.010472,-0.019752,1.491199,1.608294,0.819594,0.4230069726684893,0.45842809771279286,0.4119440268493746,0.14147023038049195,0.16906921410031148,0.6473322606187425,1.1222077163846715,1.0564506993541611,1.241286276383294,0.004433,0.0045,-0.0102,Medium,Medium,Medium
6,17,51500,54000,100.443966,97.89427,96.820306,0.009252,0.015321,-0.051098,0.444506,0.37621,0.190284,0.05660836930221573,-0.05677235651186535,0.10013868348251553,0.1600884898939367,0.23105962530581942,0.396738209169476,0.3387185880734099,0.24383514963495057,0.9262549886050245,-0.0287,-0.0289,-0.041,Medium,Medium,Medium
6,18,54500,57000,102.562561,102.351948,97.244733,-0.003422,-0.000416,-0.055042,-0.881191,-0.631818,-3.531774,0.15713811056804827,0.15338650276778498,0.12024334404365997,-0.006909260334937318,0.02987523653677868,0.36520809563295115,-0.6536155413559976,-0.4210052568246385,-0.9369995678542891,-0.05425,-0.05475,-0.0622,Medium,Medium,Medium
6,19,57500,60000,108.796058,110.557795,101.767814,-0.022413,-0.021936,-0.058049,0.554888,0.54195,0.110204,0.4529246297429465,0.5402541600869872,0.33449693346083426,-0.25714235758888604,-0.2452399726078967,0.34116878239655907,0.4213436719912862,0.35314823316696786,0.8861671058043636,-0.069133,-0.06945,-0.0731,Medium,Medium,Medium
6,20,60500,63000,87.93353,85.837613,83.517969,-0.009743,0.000713,-0.050058,0.023293,0.283815,-1.035901,-0.5370260413344361,-0.6251878593467536,-0.5299790282911371,-0.0901973129778845,0.04430855768567917,0.4050524378910748,0.0234247949522449,0.1828964362710026,0.31242930713738926,-0.077867,-0.0777,-0.0817,Medium,Medium,Medium
6,21,63500,66000,85.619397,85.145909,84.269663,-0.007151,-0.001545,-0.06137,-3.417545,-2.697866,-8.557759,-0.6468342829968231,-0.6577984973513766,-0.4943720741721741,-0.0560440725965336,0.015441915387878194,0.3146192116422997,-2.552172027879536,-1.78365807210856,-3.452997290605027,-0.0901,-0.08945,-0.0985,Medium,Medium,Medium
6,22,66500,69000,103.857979,105.972328,91.969571,-0.009399,-0.003819,-0.042137,2.304217,2.897101,-2.077589,0.21860716735856373,0.3240706416757243,-0.12963553127541513,-0.08566462984085335,-0.013629273533822171,0.46837648183702135,1.730782307139903,1.9064776527006593,-0.20903755673442298,-0.116,-0.1153,-0.1311,Medium,Medium,Medium
6,23,69500,72000,95.313347,93.149486,88.957197,-0.001628,0.010359,-0.052582,0.887564,0.872426,0.128199,-0.18684533497045824,-0.28046693314309384,-0.27232851912307293,0.0167292092808588,0.16762460356902206,0.38487444433980994,0.6703641863637692,0.5711122164741173,0.8951753656819597,-0.157367,-0.1571,-0.1775,Medium,Medium,Medium
6,24,72500,75000,91.309852,91.199754,89.285714,-0.000907,0.001477,-0.038951,0.101937,0.06167,-1.238428,-0.37681572407694297,-0.3723877612112118,-0.2567670143800531,0.02622939690236883,0.05407565897687489,0.49384680174761164,0.08229279063666323,0.03638168460441656,0.21104470873617262,-0.207233,-0.20725,-0.2285,Medium,Medium,Medium
6,25,75500,78000,95.30304,95.528998,91.807435,0.00596,0.009322,-0.04911,0.447733,0.52221,-0.3313,-0.1873344138379278,-0.16828396982402014,-0.1373157430544533,0.11671176638490614,0.15436742550754307,0.4126311771488399,0.3411341191002348,0.34012880352462427,0.6651511141956857,-0.255883,-0.2564,-0.2742,Medium,Medium,Medium
6,26,78500,81000,103.073682,103.832607,97.829314,-0.005097,-0.001958,-0.038237,-0.284549,-0.394095,-1.00519,0.18139138308381172,0.22319271273228877,0.14793433112858748,-0.028979737819027893,0.010162055658475265,0.499554839543017,-0.20700653518715173,-0.26421610419713915,0.3278031703827825,-0.2949,-0.2957,-0.3073,Low,Low,Low
6,27,81500,84000,94.778874,94.831975,92.773861,-0.02232,-0.025616,-0.072788,-2.056382,-1.588113,-6.579904,-0.21220668643384433,-0.201145374028559,-0.09153715995897446,-0.2559169519733515,-0.2922856961047557,0.22333857361997705,-1.5332902618224957,-1.0517253920741285,-2.4628871577790905,-0.317017,-0.3179,-0.3212,Low,Low,Low
6,28,84500,87000,99.650043,98.994081,98.6,-0.003455,0.001613,-0.060631,1.147674,1.415835,-0.099722,0.0189358203841855,-0.004921364766115719,0.18444091631102477,-0.007344081682385073,0.05581430528001968,0.32052711070505124,0.8650663169455561,0.929515217614759,0.7810785832667573,-0.320317,-0.3207,-0.3216,Low,Low,Low
6,29,87500,90000,102.792992,102.107283,99.983276,-0.035504,-0.018844,-0.142771,-0.373974,-0.5996,-2.525336,0.16807232348256315,0.14185168187994712,0.24996524544743265,-0.42963466848096354,-0.20571133753934018,-0.33613706928738024,-0.2739445153773647,-0.3997560175026008,-0.43317878126423626,-0.313333,-0.31315,-0.3167,Low,Low,Low
6,30,90500,93000,105.896221,108.254027,96.308186,0.000312,0.004362,-0.044899,1.082003,1.181957,0.462599,0.3153240674254254,0.43164217534404176,0.07588009775028516,0.04229143394899953,0.0909579720987331,0.4462958090206214,0.8159091003162973,0.7752620177215459,1.0625753158385651,-0.310883,-0.3102,-0.3099,Low,Low,Low
6,31,93500,96000,89.717647,88.987274,87.719298,0.032039,0.041063,-0.038978,-2.090865,-2.016908,-6.817638,-0.45236766141851403,-0.47669593981429664,-0.33096649268267314,0.4603392185088453,0.5601495748319455,0.4936309515788779,-1.5591020859309563,-1.3345352367290777,-2.5818963077507724,-0.3222,-0.3218,-0.3299,Low,Low,Low
6,32,96500,99000,101.146141,101.32026,98.326118,0.003554,0.018584,-0.0598,1.5955,1.829456,0.352145,0.08992737131691683,0.10474719476651122,0.17146741405078347,0.0850093372346244,0.27277435241730064,0.3271704992316365,1.2002809427958474,1.2023171177209284,1.0072822712973042,-0.34165,-0.34185,-0.3493,Low,Low,Low
6,33,99500,102000,97.015529,97.15117,95.246107,0.001841,-0.001556,-0.047067,0.625577,0.674196,0.126024,-0.10607486395199638,-0.09180607772966333,0.02557053265635799,0.0624381563807455,0.015301289583947362,0.42896383991636533,0.4742570505953227,0.44037049722377464,0.8940865651688299,-0.356383,-0.35675,-0.3599,Low,Low,Low
6,34,102500,105000,95.953858,94.682156,94.043887,-0.004504,0.002516,-0.079498,-3.416165,-4.492683,-8.396056,-0.15645235985821637,-0.20820864556553784,-0.031377364201804474,-0.021166129969436426,0.06735840536634133,0.1696958094642769,-2.5511390459095895,-2.9674216816517283,-3.372049102386804,-0.36105,-0.3611,-0.3612,Low,Low,Low
6,35,105500,108000,105.596126,107.116785,99.065599,-0.006607,-0.001955,-0.042238,1.620287,1.818275,-0.391544,0.3010842185136844,0.37802648541648104,0.20649585120585628,-0.0488761085658797,0.0102004081504564,0.467569042316943,1.2188349457589431,1.1949427386514733,0.634993092074769,-0.361867,-0.3615,-0.3634,Low,Low,Low
6,36,108500,111000,93.526587,93.577479,88.495575,-0.0037,0.001406,-0.070987,0.040841,0.217187,-3.36923,-0.2716291282410634,-0.26028904666056285,-0.294195067711067,-0.010572300777072947,0.053167983333321366,0.23773657931959205,0.03656013379907585,0.1389522337274329,-0.8556303767709899,-0.370467,-0.36975,-0.3781,Low,Low,Low
6,37,111500,114000,91.272256,90.554095,86.760023,0.005677,0.005934,-0.034144,0.436147,1.732251,-6.327238,-0.37859969701779816,-0.4028275908542769,-0.37640634042985205,0.11298284392042994,0.11105467789684785,0.5322761262329248,0.33246156177863784,1.1382059901432178,-2.336403079411062,-0.396533,-0.3959,-0.4122,Low,Low,Low
6,38,114500,117000,97.751082,97.948047,96.202845,0.008122,0.006628,-0.022787,0.83319,1.093564,-0.936259,-0.07117203789165613,-0.05423702018306792,0.07089020538205283,0.14519915284496815,0.11992688770848375,0.6230691027629228,0.6296631996725459,0.7169628057470944,0.3623098867830366,-0.438283,-0.43805,-0.4577,Low,Low,Low
6,39,117500,120000,89.942481,88.793901,86.17483,-0.013397,-0.015803,-0.023342,-1.138349,-0.847069,-3.976437,-0.4416990325169248,-0.48581258060698795,-0.4041263173110543,-0.13834389490437224,-0.16683469483446298,0.6186321826278388,-0.8461079887672898,-0.5629731013000231,-1.159596948346175,-0.4842,-0.4844,-0.5025,Low,Low,Low
6,40,120500,123000,97.319352,97.113699,96.327607,-0.085637,-0.07505,-0.215981,0.536473,0.47972,-0.557807,-0.09165811720209445,-0.09357266172609982,0.07680005009252039,-1.0902073536809116,-0.924258058969899,-0.9214108045837754,0.4075593509937712,0.3121047120604309,0.5517621772635021,-0.52745,-0.5273,-0.5459,Low,Low,Low
6,41,123500,126000,102.609712,102.896765,98.255716,-0.04553,-0.022169,-0.131996,0.447579,1.438157,-4.037063,0.15937547912146469,0.179072099447528,0.1681325453623507,-0.5617412996782722,-0.24821868281843154,-0.24999686306119992,0.34101884430068996,0.9442375939306856,-1.1899461988790527,-0.571967,-0.57225,-0.5897,Low,Low,Low
6,42,126500,129000,95.150276,94.203887,92.165899,-0.032052,-0.02912,-0.118375,-1.052471,-0.773011,-5.255759,-0.1945832393070395,-0.2307568124517108,-0.12033568042085521,-0.38414972025703475,-0.33708140673872145,-0.1411044501603366,-0.7818250716549038,-0.5141284751372734,-1.8000229023959622,-0.60915,-0.6102,-0.6194,Low,Low,Low
6,43,129500,132000,96.897361,96.558981,94.835341,0.034905,0.029508,-0.018545,-1.158569,-0.11359,-7.057446,-0.111682069890791,-0.11972504467118653,0.006112979296041446,0.49810279371445937,0.412428559884607,0.6569815626062135,-0.8612434202399887,-0.07921027279766708,-2.70194369784394,-0.618533,-0.62015,-0.6217,Low,Low,Low
6,44,132500,135000,98.426844,97.959478,94.473203,0.039003,0.035784,0.016537,-2.992304,-4.589812,-6.954877,-0.039106362754462776,-0.05369810150827219,-0.01104111685310046,0.5520996992247897,0.49266197310914156,0.9374428818476851,-2.2338631250663816,-3.03148268376577,-2.6505978680364857,-0.588983,-0.5898,-0.6067,Low,Low,Low
6,45,135500,138000,100.099596,102.154274,92.363183,0.003723,0.007321,-0.038006,1.862102,2.885394,-4.671619,0.04026762130662689,0.1440670897574141,-0.11099054485185259,0.08723614958973562,0.12878631335612598,0.5014015576532952,1.3998425798623408,1.8987563526589712,-1.5076036234351977,-0.541383,-0.5407,-0.5608,Low,Low,Low
6,46,138500,141000,89.481932,89.738915,88.029403,-0.001402,0.002143,-0.047153,1.008431,1.565348,-2.624856,-0.4635526061401223,-0.4412595500284445,-0.31627714501319426,0.019707076690652515,0.06258991219668687,0.4282763171566947,0.7608376876402632,1.0281258551079562,-0.48299828796156097,-0.511617,-0.5101,-0.5185,Low,Low,Low
6,47,141500,144000,93.840079,93.090508,88.987607,0.004512,0.009955,-0.019583,0.170184,1.814043,-5.354037,-0.25675357644899927,-0.2832474725186599,-0.27088802940949563,0.0976323327150774,0.16245980131556254,0.6486833227860023,0.1333782402764895,1.1921515417798219,-1.8492206664554443,-0.518333,-0.5176,-0.5285,Low,Low,Low
6,48,144500,147000,98.856429,98.988914,96.260788,-0.093533,-0.055516,-0.259774,1.278974,1.726545,-1.48349,-0.01872206613255864,-0.005164964870452099,0.07363490434534825,-1.1942482433611379,-0.674532199516735,-1.271511783819331,0.9633493116223799,1.1344426230946256,0.08836717708163308,-0.547933,-0.54785,-0.5624,Low,Low,Low
6,49,147500,150000,96.442855,96.766462,93.783477,-0.048188,-0.051594,-0.13189,1.253667,1.299319,0.396188,-0.13324889629402967,-0.10994327705984233,-0.043712711992419946,-0.5967641827545187,-0.6243927083333978,-0.2491494512876524,0.944406069076406,0.8526676054462026,1.0293301062397304,-0.580117,-0.58055,-0.5909,Low,Low,Low
6,50,150500,153000,98.212552,98.752512,93.939262,-0.051834,-0.039647,-0.172632,0.532948,0.560272,0.243484,-0.04927476177142346,-0.01631022360188754,-0.03633334040315297,-0.6448053534452615,-0.47166030110052437,-0.5748593614562869,0.4049207557444506,0.3652324271845473,0.9528867988572117,-0.600767,-0.6018,-0.6045,Low,Low,Low
6,51,153500,156000,100.664501,100.371581,99.248319,0.035584,0.036409,-0.025392,-2.249991,-0.816586,-7.834189,0.06707300576650466,0.06002137642284447,0.21515110541384055,0.5070495723483086,0.5006520756052113,0.6022435587054565,-1.6782138895177368,-0.5428681735498936,-3.0907796412784267,-0.5983,-0.59955,-0.6042,Low,Low,Low
6,52,156500,159000,102.590148,102.355232,100.966046,-0.036284,-0.035506,-0.120587,-0.185312,2.595545,-8.150438,0.15844714508021326,0.15354132814859447,0.29651802663165566,-0.43991226396609223,-0.4187210780025643,-0.15878817509512186,-0.13272390348308502,1.7075877274105602,-3.2490932382792526,-0.566433,-0.56675,-0.5835,Low,Low,Low
6,53,159500,162000,95.838573,95.423533,92.136262,0.00157,0.010391,-0.056425,0.287065,1.675099,-5.851441,-0.1619227641694847,-0.17325615581276302,-0.1217395539375036,0.05886735076988666,0.16803369681682082,0.3541517703233634,0.2208680704426878,1.1005116414644327,-2.0982200827464017,-0.529183,-0.528,-0.5418,Low,Low,Low
6,54,162500,165000,96.932235,96.567612,96.308186,0.002459,0.003621,-0.038063,-2.2113,-1.269049,-7.722621,-0.1100272589444304,-0.11931813302022352,0.07588009775028516,0.07058117434203981,0.08148490657939274,0.500945873963746,-1.6492522189385974,-0.8412881428641636,-3.0349289306352683,-0.5217,-0.5203,-0.5287,Low,Low,Low
6,55,165500,168000,102.05969,100.782345,97.879282,0.030445,0.037413,-0.067819,-0.662048,-2.646792,-6.511254,0.13327630993126285,0.0793869954005155,0.15030126273029853,0.43933602978667197,0.5134873762548979,0.26306299911769304,-0.4895787530661029,-1.7499724414321136,-2.4285211093991537,-0.54505,-0.54525,-0.5565,Low,Low,Low
6,56,168500,171000,99.281707,101.059863,84.882603,0.009053,-0.021613,-0.053378,0.59698,0.969869,-4.626791,0.001457858442950085,0.09247068298619807,-0.4653377510863473,0.15746638540478206,-0.24111068763792784,0.3785108615875093,0.4528511191499828,0.6353803158985794,-1.4851628191121706,-0.566983,-0.5676,-0.5719,Low,Low,Low
6,57,171500,174000,85.44627,85.674306,84.269663,0.015324,0.006221,-0.014913,3.269914,3.139044,1.90544,-0.6550493559655267,-0.6328870275756796,-0.4943720741721741,0.24009561782432354,0.11472373296304311,0.6860174075262587,2.4536428791918805,2.066050087652915,1.7848585439602958,-0.573017,-0.57305,-0.5731,Low,Low,Low
6,58,174500,177000,91.022539,90.98383,84.783335,-0.00325,-0.006259,-0.055981,0.695369,0.831878,-0.335689,-0.39044905255752155,-0.3825675771447762,-0.4700399718323976,-0.004642918766421744,-0.04482263367847868,0.3577013064314306,0.5264989909188937,0.5443689625157714,0.6629539898498803,-0.576533,-0.5758,-0.5815,Low,Low,Low
6,59,177500,180000,102.063746,102.293391,97.465431,-0.019512,-0.015819,-0.084669,-0.698947,-0.833765,-1.952318,0.13346877174230903,0.1506258115911596,0.13069757616490457,-0.21891760822688802,-0.16703924145836235,0.12835650492640424,-0.51719904415963,-0.5541985069757203,-0.14632715255957807,-0.595733,-0.5952,-0.6081,Low,Low,Low
6,60,180500,183000,99.699299,102.020466,85.348506,0.006943,0.019115,-0.044192,-0.235508,0.311592,-4.296849,0.021273073580662327,0.13775866266992776,-0.44326841603127554,0.12966417197706198,0.27956274349796156,0.4519478856611698,-0.17029749983341133,0.2012166336963003,-1.3199945345590285,-0.63045,-0.6302,-0.6478,Low,Low,Low
6,61,183500,186000,81.176416,80.741296,77.821012,-0.009151,-0.013784,-0.035956,-0.089518,1.082534,-5.946927,-0.8576587824311229,-0.8654555878025758,-0.7998378890997971,-0.08239688153276113,-0.1410234677311591,0.5177901815756776,-0.06101848694026967,0.709688018059402,-2.146020177365581,-0.674117,-0.67415,-0.6931,Low,Low,Low
6,62,186500,189000,91.528508,91.246341,90.225564,-0.021398,-0.01655,-0.112014,-0.18994,-0.253314,-1.939017,-0.3664402482987874,-0.37019140006146933,-0.21224730845090162,-0.2437683070537506,-0.17638446533776556,-0.09025174929678838,-0.13618813577070377,-0.171364618661234,-0.1396686993985942,-0.717933,-0.71845,-0.734,Low,Low,Low
6,63,189500,192000,101.331643,101.62667,97.824579,-0.001109,0.004067,-0.053288,0.259915,1.161682,-3.493336,0.09872965210408684,0.11919300625668115,0.14771003915904513,0.02356776319980985,0.08718664372058815,0.3792303621499553,0.20054527299047328,0.7618897311967985,-0.9177575843491469,-0.749,-0.75005,-0.7558,Low,Low,Low
6,64,192500,195000,92.829094,92.868553,88.602252,0.002637,0.010903,-0.070148,0.380353,1.292911,-4.297037,-0.30472596403305297,-0.29371162215248575,-0.28914189042809246,0.07292657433736406,0.17457918878160122,0.244443923451728,0.29069765161109246,0.8484412374042504,-1.3200886469711983,-0.752617,-0.7541,-0.7567,Low,Low,Low
6,65,195500,198000,86.786309,86.182748,84.492155,-0.034444,-0.039919,-0.076108,-0.522737,0.258145,-3.491356,-0.5914629819978143,-0.6089163435716163,-0.48383286215792837,-0.415667679744763,-0.47513759370681397,0.19679699731641162,-0.38529922319997195,0.1659659013713593,-0.9167664004337459,-0.716233,-0.71795,-0.7393,Low,Low,Low
6,66,198500,201000,99.837383,100.433802,97.214018,-0.062433,-0.057666,-0.162057,-1.994667,1.172748,-9.6959,0.027825316360878396,0.06295480821922768,0.11878840680089366,-0.7844620644027994,-0.7020181521032152,-0.49031804536887563,-1.487094260173751,0.7691882625251759,-4.022748327301166,-0.633217,-0.63475,-0.6748,Low,Low,Low
6,67,201500,204000,91.898464,92.011585,85.277477,-0.046774,-0.048814,-0.103374,-3.681655,-4.747008,-5.908949,-0.3488854155158617,-0.33411369186662077,-0.44663298505020566,-0.5781327468366059,-0.5888527324308793,-0.021179695301967182,-2.7498683090988503,-3.1351606099085174,-2.127008468911492,-0.503633,-0.5052,-0.5655,Low,Low,Low
6,68,204500,207000,90.945022,90.192869,84.507042,-0.094757,-0.088078,-0.203274,4.146083,5.410915,-3.607737,-0.3941273223323976,-0.41985772270815946,-0.48312768062665495,-1.210376162430109,-1.0908101474799747,-0.8198253196170866,3.109488371674729,3.564452551735017,-0.9750264889480279,-0.338933,-0.3381,-0.4095,Low,Low,Low
6,69,207500,210000,102.972886,103.465621,94.936709,0.018163,0.021623,-0.016859,1.948011,1.853054,0.202534,0.1766084982943021,0.20589102357223696,0.010914674833229205,0.2775034301092985,0.3116254267941905,0.6704602064760362,1.4641487016421675,1.2178810741900277,0.9323873133341465,-0.198683,-0.19475,-0.2459,Medium,Medium,Medium
6,70,210500,213000,93.322812,93.968931,96.153846,-0.023523,0.003146,-0.18925,0.858897,0.891334,0.080491,-0.2812984836518171,-0.2418338989844099,0.0685691742911104,-0.27176816654849234,0.0754124286823797,-0.7077111430866038,0.6489058572822726,0.5835829041984045,0.8712928393001675,-0.151983,-0.15125,-0.1491,Medium,Medium,Medium
6,71,213500,216000,99.994663,100.274389,96.999499,-0.019011,-0.01498,-0.035722,-5.172894,-6.58616,-9.268994,0.03528843116398619,0.05543922404416004,0.10862686741033624,-0.21231622958836302,-0.15631332786763824,0.5196608830380374,-3.8661168597376316,-4.348165172500991,-3.809040064377853,-0.196117,-0.1954,-0.226,Medium,Medium,Medium
6,72,216500,219000,97.05757,98.61065,89.320463,0.015675,0.017128,-0.068942,2.544673,4.023455,-5.309803,-0.10407997070786211,-0.022998359464353947,-0.255120990800405,0.24472053579263148,0.25416060964245646,0.2540852309885051,1.9107726785642012,2.649359448818807,-1.827077217307037,-0.26935,-0.26945,-0.3001,Medium,Medium,Low
6,73,219500,222000,78.964026,78.738511,75.566751,-0.013818,-0.002912,-0.106061,2.225664,2.281529,1.362805,-0.9626392030774075,-0.9598776189547578,-0.9066198615502459,-0.14389116118544815,-0.0020340367915256783,-0.042660784316328866,1.6719824283824887,1.5004798642611097,1.5132165823776715,-0.339367,-0.33995,-0.3659,Low,Low,Low
6,74,222500,225000,78.661016,76.886982,73.710074,0.011929,0.018341,-0.056187,0.515553,0.804258,-0.369413,-0.9770173720530541,-1.0471686306795152,-0.9945686981150362,0.19536172465507728,0.2696678005668287,0.3560544495884986,0.39189994315950505,0.5261523137456838,0.6460718250200915,-0.39855,-0.3991,-0.4197,Low,Low,Low
6,75,225500,228000,92.460222,92.789689,89.164897,0.016487,0.012201,-0.05338,-1.086685,-0.512572,-4.482974,-0.3222293597836376,-0.2974296942694562,-0.2624899885900253,0.25541977622073986,0.19117303364543897,0.37849487268612164,-0.8074355391329909,-0.3423570852374602,-1.4131683255964034,-0.440817,-0.4417,-0.4529,Low,Low,Low
6,76,228500,231000,97.012782,96.886241,95.541401,0.023139,0.026728,-0.026492,-1.620677,-1.723774,-4.490845,-0.10620521222491176,-0.10429625230712218,0.03955829883462334,0.3430692187426327,0.3768885839820886,0.593449662942227,-1.2071486609415703,-1.141200004268149,-1.417108531959091,-0.464933,-0.46505,-0.4731,Low,Low,Low
6,77,231500,234000,94.332356,94.606697,92.592593,0.018473,0.02619,-0.018887,-1.837751,-4.64963,-6.937206,-0.23339447315595818,-0.21176618771245492,-0.10012363445422956,0.2815881154944138,0.3700107037534717,0.6542474604689185,-1.369636724814204,-3.0709353809464033,-2.641751801890501,-0.4864,-0.4861,-0.4969,Low,Low,Low
6,78,234500,237000,94.396038,94.599988,90.726106,-0.012565,-0.009822,-0.048615,-2.973476,-4.189262,-6.441619,-0.23037268985934378,-0.21208248597063045,-0.18853716040047974,-0.12738112638690158,-0.0903726099880734,0.4165884302422932,-2.219769658015542,-2.7673017038650247,-2.3936619720512016,-0.513617,-0.51385,-0.5249,Low,Low,Low
6,79,237500,240000,92.912081,92.993553,88.888889,0.002669,0.011469,-0.052459,3.840153,4.275606,0.416551,-0.30078813653963027,-0.28781845144568363,-0.2755641972340565,0.0733482192803437,0.18181502560204205,0.3858577617751529,2.88048824554007,2.8156645249964445,1.039523782032311,-0.537917,-0.538,-0.5467,Low,Low,Low
6,80,240500,243000,94.994451,94.254752,93.167702,0.016198,0.014601,-0.026545,-2.147029,-3.162589,-7.023365,-0.20197731270603697,-0.2283587634276988,-0.07288132604628283,0.251611795329455,0.221855027230347,0.5930259570554532,-1.601142955032473,-2.0901640701672646,-2.684882819550617,-0.559767,-0.5595,-0.5699,Low,Low,Low
6,81,243500,246000,97.071944,95.690349,95.087163,0.013234,0.014385,-0.017844,0.5262,0.057525,-4.883868,-0.10339790806684038,-0.16067701793031444,0.01804152255985045,0.21255693248596574,0.21909364780770527,0.6625856725425989,0.3998696236189425,0.03364786819775425,-1.6138550349806204,-0.5876,-0.58755,-0.6006,Low,Low,Low
6,82,246500,249000,101.93201,104.490838,94.307519,-0.008896,-0.013266,-0.030652,3.339073,3.665519,0.442509,0.1272177487787909,0.25422525391236145,-0.018889393660213756,-0.07903689839339212,-0.13440127078241643,0.5601927480558316,2.5054109951770633,2.413284344033504,1.052518303282805,-0.6161,-0.6167,-0.6251,Low,Low,Low
6,83,249500,252000,89.661001,89.716629,87.719298,0.017928,0.021518,-0.045031,1.428564,1.424712,0.691094,-0.45505557851628137,-0.4423102316474193,-0.33096649268267314,0.2744069750592918,0.31028308957485073,0.4452405415290338,1.0753230600892958,0.935370003680366,1.1769594414696465,-0.630533,-0.6311,-0.6322,Low,Low,Low
6,84,252500,255000,92.072553,91.989906,87.970034,0.01975,0.014909,0.007172,0.213143,0.31709,-0.919818,-0.3406246945535131,-0.3351357562486425,-0.31908939209656706,0.2984143840001951,0.22579254974041021,0.8625748510998263,0.1655346695858701,0.20484281526537856,0.370540217466424,-0.632467,-0.63235,-0.6323,Low,Low,Low
6,85,255500,258000,98.441507,98.123187,95.486127,-0.018623,-0.015002,-0.049744,0.363846,0.544759,-0.845325,-0.03841058673489283,-0.04597998084235335,0.03694002759397029,-0.20720378465473488,-0.15659457947549993,0.4075626954089422,0.27834154046767795,0.35500089668598217,0.407831259592668,-0.63575,-0.63545,-0.6388,Low,Low,Low
6,86,258500,261000,88.891333,88.86008,85.443521,-0.005097,-0.005084,-0.054558,-0.406176,0.15752,-2.805235,-0.49157720011011613,-0.48269254745334467,-0.43876765542175433,-0.028979737819027893,-0.02980124098586745,0.3690774097687721,-0.29804892508477576,0.09959912792856193,-0.573295643252525,-0.64425,-0.6444,-0.6476,Low,Low,Low
6,87,261500,264000,94.842655,95.488,92.307692,0.007749,0.004433,-0.010992,-1.48746,-0.829993,-8.616391,-0.2091802054746826,-0.17021683552512,-0.11361909515425689,0.14028435397836167,0.09186564774228663,0.717363648696825,-1.1074307195717117,-0.5517107010683788,-3.4823483488513847,-0.648317,-0.64855,-0.6487,Low,Low,Low
6,88,264500,267000,94.922239,95.227769,93.896714,-0.002572,-0.001169,-0.045469,-1.923661,-1.587692,-7.75317,-0.20540385419994575,-0.18248552117473485,-0.03834879440950863,0.004290683462959394,0.020248761049513786,0.4417389721251297,-1.4339435951316903,-1.0514477233872275,-3.0502216970148557,-0.640417,-0.6409,-0.6457,Low,Low,Low
6,89,267500,270000,100.074488,100.672002,94.425777,-0.003437,0.013173,-0.091443,2.389819,2.590429,-0.138199,0.03907621816270234,0.07418483431811013,-0.0132876365885859,-0.007106906401959022,0.20359924104732674,0.07420209592629795,1.7948586278582999,1.7042134922509742,0.7618170764420693,-0.621617,-0.6218,-0.6307,Low,Low,Low
6,90,270500,273000,85.247473,84.285367,83.618705,-0.037087,-0.029069,-0.10053,-3.430235,-3.674814,-7.040544,-0.6644824996170616,-0.6983690646023605,-0.5252072699291862,-0.45049291675398767,-0.33642941437504215,0.001556522471328102,-2.5616709707770906,-2.427999802109991,-2.6934825915115628,-0.598833,-0.5988,-0.6082,Low,Low,Low
6,91,273500,276000,86.34082,86.708666,83.587515,-0.014905,-0.022714,-0.053096,0.259141,1.521433,-5.704266,-0.6126019415001144,-0.5841217471573771,-0.5266847074223294,-0.1582139128422878,-0.2551860521950044,0.3807652966831736,0.19996590484211182,0.9991619111999765,-2.024544581357949,-0.578233,-0.57825,-0.5861,Low,Low,Low
6,92,276500,279000,92.661646,93.5212,88.642095,0.015741,0.01781,-0.014579,2.198517,2.435728,-0.725716,-0.3126715619956086,-0.26294234069422795,-0.287254569426512,0.245590178487527,0.2628794094861678,0.688687554058003,1.651661876543252,1.6021811323168207,0.4677072782478158,-0.560867,-0.56075,-0.5678,Low,Low,Low
6,93,279500,282000,98.492608,98.541278,97.284922,-0.015808,-0.002981,-0.084324,1.470692,1.755946,0.111378,-0.03598578619093536,-0.026268927770532236,0.12214705470130381,-0.17011220607699454,-0.002916144107091785,0.13111459041578077,1.1068574546037302,1.1538339225330523,0.8867548077824853,-0.543817,-0.544,-0.5511,Low,Low,Low
6,94,282500,285000,100.637867,100.458911,98.684211,0.007758,0.011516,-0.061,0.133505,1.341591,-2.815518,0.0658091921877535,0.06413858120544445,0.1884299028046144,0.14040294161857472,0.18241588130974645,0.3175771583990224,0.1059226274680263,0.8805479159751362,-0.5784432918394279,-0.5256,-0.52545,-0.5331,Low,Low,Low
6,95,285500,288000,93.753961,93.456557,90.389304,-0.007126,-0.001182,-0.067184,-1.683439,-0.841307,-6.203406,-0.26083997345188603,-0.265989958566226,-0.2044911168790138,-0.05571466248483074,0.02008256691759553,0.26813947530828475,-1.2541283815196875,-0.5591727996992539,-2.274413035667662,-0.510667,-0.51025,-0.5157,Low,Low,Low
6,96,288500,291000,93.570029,93.787729,91.630872,-0.005224,-0.010027,-0.05033,1.052906,1.63632,-1.929985,-0.26956775595420807,-0.2503767335317216,-0.14567934664861065,-0.03065314118647835,-0.09299336360678429,0.402877947302349,0.7941289000412664,1.0749351236275309,-0.13514729883096727,-0.506833,-0.5064,-0.5059,Low,Low,Low
6,97,291500,294000,91.364669,91.240343,89.974709,-0.008813,-0.007512,-0.043764,-5.080647,-6.171499,-8.035936,-0.37421459510846666,-0.3704741779646648,-0.22413004594183877,-0.07794325682253868,-0.06084119116259941,0.4553695105581355,-3.797066506272643,-4.0746773449972515,-3.1917737732887272,-0.518383,-0.51765,-0.5275,Low,Low,Low
6,98,294500,297000,95.509543,95.574022,93.204388,-0.027652,-0.02756,-0.05607,1.055728,2.843286,-6.376272,-0.1775356117258592,-0.16616129688079576,-0.07114354881404754,-0.32617354059733417,-0.3171381109085312,0.3569898003196784,0.7962412733160418,1.8709842076042702,-2.360949398657411,-0.545517,-0.54505,-0.5595,Low,Low,Low
6,99,297500,300000,95.834962,96.095503,92.869387,-0.01229,-0.015211,-0.0398,3.441337,3.110121,2.497801,-0.16209411022463452,-0.1415758844539649,-0.08701219381694286,-0.1237576151581703,-0.15926646975018569,0.4870595131085372,2.5819594503760785,2.0469740509991405,2.081393238561722,-0.4775,-0.4779,-0.5656,Low,Low,Low
7,0,500,3000,108.094729,107.894939,102.461538,-0.029126,-0.041584,-0.138321,1.518629,1.42262,1.224239,0.4196457713900168,0.4147128402819284,0.367357909654902,-0.34559556078333387,-0.4964232267563439,-0.3005617636997698,1.142740104381513,0.9339902343383304,1.4438507286294653,0.073467,0.0732,0.0557,High,High,High
7,1,3500,6000,124.835225,125.403925,117.688607,0.000122,-0.001628,-0.035864,0.465369,0.487104,0.221243,1.2140013379526229,1.2401803874899995,1.0886481517604445,0.03978791710005791,0.01438082977640012,0.5185256710395113,0.3543353292610913,0.31697479658317984,0.9417530001388115,0.110017,0.11025,0.1001,High,High,High
7,2,6500,9000,117.557852,119.1883,101.187729,-0.013054,-0.005601,-0.08691,0.274575,0.409253,-0.679485,0.8686817158516761,0.9471424740942628,0.3070189171668389,-0.1338243881718092,-0.03641065377061639,0.11044094092149746,0.21151883507700975,0.2656285140560224,0.49085042147655394,0.128167,0.12825,0.1199,High,High,High
7,3,9500,12000,99.202164,98.632788,93.023256,-0.186668,-0.204048,-0.23483,0.196124,0.09123,-0.602242,-0.002316547335175618,-0.021954655359496547,-0.07972358113235216,-2.4214326734989147,-2.5733896458307184,-1.0720982057120607,0.15279530716085207,0.05587785178920256,0.5295181079297437,0.144717,0.14545,0.1393,High,High,High
7,4,12500,15000,101.278114,101.747904,97.596743,-0.051436,-0.046353,-0.124733,-0.44804,-0.080523,-2.409684,0.096189640199868,0.12490862751642881,0.13691768748582714,-0.6395611444669522,-0.5573909048423549,-0.19193316767180338,-0.3293857056571334,-0.05740107928280517,-0.3752836286460792,0.147,0.1474,0.1445,High,High,High
7,5,15500,18000,114.853138,115.578283,108.065744,-0.174301,-0.191751,-0.237812,0.350877,0.08765,-0.287277,0.7403399617089188,0.7769469026106007,0.6328232531526774,-2.2584800794417514,-2.416182781200046,-1.0959376576811066,0.268633755563156,0.05351667863218179,0.6871889371793706,0.137667,0.13785,0.1323,High,High,High
7,6,18500,21000,114.593051,114.185546,111.998817,-0.064826,-0.062503,-0.132805,-0.569922,-0.500449,-1.586323,0.7279985378801047,0.7112858074851649,0.8191287842032543,-0.8159932002949957,-0.7638551533407986,-0.2564643736725206,-0.4206189726578998,-0.33436141423674437,0.036889189418791574,0.125017,0.12505,0.1201,High,High,High
7,7,21500,24000,119.697554,120.377871,113.42155,-0.105192,-0.090303,-0.2486,0.76454,0.747835,-0.176982,0.9702130082629129,1.0032252338611534,0.8865221499272515,-1.3478719430548765,-1.1192549123659832,-1.1821817917663064,0.5782760893559887,0.48893877379077244,0.7424023866486373,0.1136,0.1136,0.1089,High,High,High
7,8,24500,27000,95.595327,94.076179,91.18541,-0.064104,-0.036826,-0.22014,-0.063222,-0.089027,-0.812942,-0.1734650634026787,-0.23677765280870505,-0.1667804130343224,-0.8064798362690175,-0.4355961744742637,-0.9546597250194769,-0.041334940649167186,-0.06300985484909137,0.42404212258884433,0.101133,0.10115,0.0953,High,High,High
7,9,27500,30000,99.256614,97.980878,92.625,-0.142115,-0.148747,-0.257496,-0.44373,-0.354259,-1.01636,0.0002671670660784501,-0.052689190683267675,-0.09858854895117451,-1.8343843252310412,-1.8664125928144686,-1.253300425138752,-0.326159508345198,-0.23794244668789916,0.3222114914256974,0.088117,0.0879,0.0835,High,High,High
7,10,30500,33000,116.936217,117.52309,113.287549,-0.199324,-0.193135,-0.302078,0.21248,0.085056,-0.283898,0.8391844283985358,0.8686355397528707,0.8801746635047244,-2.5881932484473626,-2.4338760641673427,-1.6097090259717517,0.1650383891177,0.05180581741170362,0.6888804576087342,0.081617,0.0815,0.0809,High,High,High
7,11,33500,36000,118.465186,118.207532,116.959064,-0.146769,-0.102919,-0.335453,-0.581754,-0.462019,-1.710003,0.9117357456505255,0.9009038081121115,1.0540904672121962,-1.895707311625643,-1.2805399253106498,-1.8765238178788297,-0.42947567024370464,-0.3090150778053734,-0.025024763438173017,0.089567,0.08895,0.0836,High,High,High
7,12,36500,39000,109.919172,108.245928,105.739813,-0.023935,-0.024277,-0.213987,0.190276,-0.043291,-0.651114,0.506217665850383,0.43126034502760724,0.5226463481875272,-0.2771968451893553,-0.27516770051717576,-0.9054698699002485,0.14841785892878762,-0.03284487844978921,0.5050528855492007,0.11245,0.1123,0.1008,High,High,High
7,13,39500,42000,118.907563,118.491235,115.839636,-0.073646,-0.067927,-0.189094,-2.129368,-1.884896,-7.416125,0.9327270372149608,0.9142790897843667,1.0010643403101824,-0.9322090877037593,-0.8331964588426907,-0.706464008778364,-1.5879230314301318,-1.2474673063367243,-2.881497665314697,0.145467,0.14485,0.1297,High,High,High
7,14,42500,45000,118.618684,119.864139,111.299871,0.019628,0.058996,-0.137997,2.213877,2.229183,1.053428,0.9190194002540825,0.9790051508727782,0.7860204473618894,0.2968068626550852,0.789407987731177,-0.297971561674964,1.663159414991356,1.4659552916137888,1.3583430944003982,0.190683,0.19025,0.1701,High,High,High
7,15,45500,48000,110.496495,110.04693,109.535089,-0.083288,-0.073695,-0.148129,-0.061511,0.153362,-2.02184,0.5336122985276118,0.5161692428619437,0.7024245802883573,-1.0592559795853123,-0.9069355167584195,-0.378971336105002,-0.040054192713965014,0.09685673742942999,-0.18112972234064129,0.2428,0.24305,0.2209,High,High,High
7,16,48500,51000,115.604514,115.418999,113.55707,0.208316,0.319048,-0.300742,-0.34742,-0.079409,-1.872032,0.7759936071075701,0.7694374001877026,0.8929415897820353,2.783036268934538,4.113955402623887,-1.5990284398447747,-0.25406784637014174,-0.05666634551271547,-0.1061361465838806,0.28615,0.287,0.2713,High,High,High
7,17,51500,54000,102.776705,99.553439,93.214265,0.060031,-0.033783,-0.126624,0.529446,0.518728,0.429554,0.167299486816756,0.0214497726756079,-0.07067568571306082,0.8291731323802862,-0.396693963441399,-0.20705067393386425,0.4022993768612957,0.337832265833913,1.0460330570080476,0.307633,0.3086,0.3029,High,High,High
7,18,54500,57000,100.8871,101.418453,92.02454,-0.135944,-0.141566,-0.252008,0.159476,0.162712,-0.284335,0.07763558137724352,0.10937653965621515,-0.12703170756395105,-1.7530727332583114,-1.774609511175625,-1.2094268797309307,0.12536289901982972,0.10302348855181663,0.6886616963102341,0.30845,0.3087,0.306,High,High,High
7,19,57500,60000,115.491403,115.980151,110.80837,0.072977,0.069084,-0.150062,-1.308718,-1.240968,-2.791279,0.7706263615678051,0.7958931164154104,0.7627385619717914,0.9997548646244871,0.9183746340997407,-0.3944246092962044,-0.973635601258499,-0.8227674435841915,-0.5663092984427593,0.300633,0.3005,0.2969,High,High,High
7,20,60500,63000,115.22777,118.211857,102.687986,0.063771,0.074182,-0.108261,0.167425,0.188324,-0.175542,0.7581166760077357,0.9011077118185665,0.37808451322807224,0.8784528850910316,0.9835483021396828,-0.0602485758427879,0.13131302487425525,0.11991576980813391,0.7431232476780198,0.293933,0.2939,0.292,High,High,High
7,21,63500,66000,99.072127,97.838432,96.031888,0.002849,0.006948,-0.065629,-0.183358,0.124663,-1.398857,-0.008486950817193287,-0.0594048594392771,0.06279215211128626,0.07571997208460418,0.1240178201864715,0.28057084613721367,-0.13126126089665308,0.07792843898436325,0.13073428228977896,0.28965,0.28965,0.2879,High,High,High
7,22,66500,69000,114.266407,113.785636,110.17822,0.04117,0.037608,-0.041835,-2.338651,-2.642585,-3.867715,0.7124989087362443,0.6924319043063067,0.7328890192881135,0.5806529677071922,0.5159802882336717,0.4707908059465626,-1.7445792383985228,-1.747197733199827,-1.1051709394319214,0.2847,0.28475,0.2821,High,High,High
7,23,69500,72000,125.279545,125.549089,122.178155,0.183777,0.146225,0.045692,0.174366,0.267827,-2.765793,1.23508482707595,1.247024197349857,1.3013133182389343,2.4597004796914934,1.9045578287386533,1.1705210918267372,0.13650862476802397,0.17235162162450873,-0.5535510594185631,0.277983,0.2778,0.2755,High,High,High
7,24,72500,75000,110.828593,108.85185,103.257027,0.005742,-0.045187,-0.146833,-0.183874,-0.2216,-4.094093,0.5493707261718291,0.45982675927566263,0.40503938685857716,0.11383931021085733,-0.542484569625687,-0.36861052800577865,-0.13164750632889408,-0.15044779030878802,-1.2184952992302227,0.273517,0.2733,0.2729,High,High,High
7,25,75500,78000,105.911782,105.005652,102.652668,-0.003768,-0.017945,-0.088652,1.410141,1.718019,-0.311345,0.31606245456588317,0.27849634818637464,0.3764115367169212,-0.011468296280904684,-0.19421837410899337,0.09651460781281947,1.061532750790506,1.1288193375256983,0.6751405460299412,0.27475,0.27425,0.2729,High,High,High
7,26,78500,81000,113.206319,113.637677,106.897393,-0.140955,-0.125423,-0.273339,-1.961285,-2.105931,-3.624025,0.6621965279796511,0.6854563231494448,0.5774796951997809,-1.8190996960480295,-1.5682347518251376,-1.379956507481339,-1.4621065760282692,-1.393249962415519,-0.9831802281470433,0.286,0.2858,0.2799,High,High,High
7,27,81500,84000,118.997728,120.765533,111.7303,0.105881,0.11104,-0.092387,0.121009,0.402849,-2.383427,0.9370054689686624,1.0215017006014764,0.8064094163498968,1.433311277243303,1.4547470186199079,0.06665533447130823,0.09656890087639196,0.26140478419636853,-0.36213942861240117,0.301667,0.3018,0.2953,High,High,High
7,28,84500,87000,102.619262,100.638641,93.559244,-0.029591,-0.031956,-0.141086,1.087012,0.317062,-1.887571,0.1598286374783423,0.07261201777451315,-0.054334393345413796,-0.35172258886100677,-0.3733372958248877,-0.32266641986825123,0.8196585254521405,0.20482434798929017,-0.1139149379280299,0.312433,0.3131,0.3137,High,High,High
7,29,87500,90000,94.038839,94.021813,89.552239,-0.031383,-0.03067,-0.05849,1.681706,1.753097,-0.330912,-0.24732218848952794,-0.23934075775787317,-0.24414200547143253,-0.3753347056678667,-0.35689686092897455,0.3376432296405735,1.2648093802605107,1.1519548771910544,0.6653453461952693,0.316017,0.3152,0.3137,High,High,High
7,30,90500,93000,96.713802,95.312803,89.991125,0.044149,0.062923,-0.176043,-1.384449,-0.62806,-3.55732,-0.12039215311906976,-0.1784765621516768,-0.22335243728882753,0.6199054766177031,0.8396113997344831,-0.6021284327729923,-1.0303231067411383,-0.41852668455534126,-0.9497878427547096,0.3405,0.33875,0.3242,High,High,High
7,31,93500,96000,103.665455,104.769101,97.087379,-0.030465,-0.070338,-0.244019,0.026468,-0.051174,-0.144096,0.2094716846884622,0.26734406479545697,0.11278965057472816,-0.3632387663661382,-0.8640190782315295,-1.1455592131378027,0.025801402020781954,-0.038044076214257,0.7588650504071605,0.408267,0.4072,0.3719,High,High,High
7,32,96500,99000,95.522274,95.824134,94.508756,0.007396,-0.061072,-0.110918,-0.715552,-0.470906,-2.490729,-0.17693151130267515,-0.1543696751862381,-0.009357008639130747,0.13563308320111753,-0.7455610146657972,-0.08148983133633422,-0.529628511993664,-0.31487645932672637,-0.4158545884560137,0.504267,0.5052,0.4642,High,High,High
7,33,99500,102000,103.796509,104.81844,98.619583,-0.007591,-0.034908,-0.212497,2.305063,2.686362,0.052985,0.21569034597665226,0.26967016999147975,0.18536854242286294,-0.06184169056250365,-0.41107614793432473,-0.8935581383664193,1.7314155699997402,1.76748567785781,0.8575233924430874,0.579967,0.58195,0.555,High,High,High
7,34,102500,105000,103.465785,102.89918,101.265799,-0.082977,-0.062798,-0.163503,0.587793,0.276609,-0.187306,0.19999711619446098,0.1791859555055834,0.31071701094977094,-1.0551581177957288,-0.7676264817189435,-0.5018780210721756,0.44597430367324264,0.17814375086053008,0.7372342135463145,0.611417,0.61285,0.6054,High,High,High
7,35,105500,108000,113.159195,113.99697,109.651067,-0.087277,-0.0688,-0.186077,-1.586622,-1.318044,-4.842092,0.6599604406069297,0.7023953230115176,0.7079183361581781,-1.111816657008618,-0.8443570340092009,-0.6823447510350333,-1.1816572109513248,-0.8736025782910442,-1.5929420555615346,0.601717,0.60295,0.5889,High,High,High
7,36,108500,111000,114.070566,114.160258,112.640773,-0.119027,-0.101155,-0.272816,-0.906049,-0.7966,-3.027187,0.7032060306452256,0.7100935954784958,0.849537564688921,-1.5301674988712304,-1.2579886600257424,-1.375775409768458,-0.6722226904929092,-0.5296864956962016,-0.6844043565813493,0.560633,0.5612,0.5378,High,High,High
7,37,111500,114000,111.794708,111.628314,110.713722,0.046019,0.05385,-0.065593,1.901193,1.800158,1.228242,0.5952139812456115,0.5907241697819885,0.7582551857662457,0.6445453529730759,0.7236206798195368,0.28085864636219215,1.4291036655052327,1.182993751476684,1.4458546221715611,0.505567,0.5047,0.4851,High,High,High
7,38,114500,117000,115.520863,115.106998,110.332131,0.049674,0.000391,-0.13186,-0.64738,-0.221749,-3.138168,0.7720242720592824,0.754727998958159,0.7401796214685272,0.6927051113040318,0.04019205687970401,-0.24890961776683704,-0.47859920267829137,-0.15054606259940145,-0.7399612162354469,0.465633,0.46455,0.4557,High,High,High
7,39,117500,120000,121.164208,122.760447,113.851992,-0.136456,-0.117095,-0.213527,0.900729,0.814176,0.584633,1.0398074079223565,1.1155526505805922,0.9069117347115848,-1.7598190523459856,-1.4617682340855067,-0.9017924225810796,0.68021868464953,0.5326936867544357,1.1236652844911104,0.448733,0.44825,0.4456,High,High,High
7,40,120500,123000,95.298337,92.71438,90.920144,-0.032061,-0.039629,-0.10556,-0.05789,-0.083121,-1.007161,-0.18755757653451322,-0.3009801646115242,-0.17934578443720872,-0.3842683078972478,-0.4714301861486375,-0.03865556451871249,-0.037343737849343694,-0.0591145786855817,0.3268164918488152,0.4381,0.43855,0.4307,High,High,High
7,41,123500,126000,99.467636,98.505541,90.985709,0.008382,-0.006768,-0.223124,-0.218487,-0.189625,-0.961676,0.01028040086555334,-0.027953761702924695,-0.17624003935102997,0.1486250180066777,-0.051329773151277916,-0.9785151658899105,-0.15755664033307457,-0.1293588205613749,0.3495861890164982,0.413333,0.41425,0.3977,High,High,High
7,42,126500,129000,104.784872,104.532115,102.801158,0.02396,0.015444,-0.07467,-2.182124,-1.888748,-4.160717,0.26258929394297964,0.2561712731704792,0.3834453518293534,0.3538870468109541,0.23263207747704595,0.20829301741416073,-1.6274128841884756,-1.2500078758900328,-1.2518471361896535,0.366333,0.36695,0.3412,High,High,High
7,43,129500,132000,113.864671,114.244184,108.266108,0.062945,0.061995,0.003857,-0.300492,-0.179936,-3.214626,0.6934360788243592,0.7140503174364087,0.6423142850820158,0.8675691750003698,0.8277476955483184,0.8360732470497301,-0.21894047109067494,-0.12296848348920335,-0.7782359333080359,0.30665,0.3056,0.2857,High,High,High
7,44,132500,135000,98.078203,94.261368,89.552239,0.039137,-0.004904,-0.168796,-2.908801,-3.203483,-3.58884,-0.05564977455552017,-0.22804684968852879,-0.24414200547143253,0.5538653374235168,-0.027500091466999353,-0.5441926485946973,-2.1713579848950273,-2.117135526894417,-0.9655666897311934,0.273817,0.27275,0.2709,High,High,High
7,45,135500,138000,95.032351,96.751313,86.705202,0.141275,0.212759,-0.087568,3.314029,3.929022,-0.48103,-0.2001789146195807,-0.11065748220414148,-0.3790031535369885,1.899676936987722,2.7551393958962667,0.10518059236494749,2.4866646180355065,2.5870765815738506,0.5901965850780166,0.299517,0.2978,0.2778,High,High,High
7,46,138500,141000,98.489116,98.213612,97.367318,-0.024479,-0.063076,-0.143163,1.664427,1.612159,0.898083,-0.036151485560801305,-0.041716861153052856,0.1260500665539808,-0.2843648092200092,-0.7711804793091953,-0.33927089395936755,1.2518753980440536,1.058999842999939,1.2805777078660747,0.3693,0.36955,0.3377,High,High,High
7,47,141500,144000,108.979976,109.713044,103.876655,-0.144307,-0.209101,-0.247021,-0.871417,-0.730665,-1.7665,0.4616517479293524,0.5004280653050527,0.4343905134697048,-1.8632670038251467,-2.6379880264909437,-1.1695585541207252,-0.6462993342732004,-0.48619935823582056,-0.05330704508888396,0.43495,0.4362,0.4115,High,High,High
7,48,144500,147000,100.638543,103.480425,86.239787,-0.056094,-0.067908,-0.101595,0.5969,0.543606,-0.066454,0.06584126915626119,0.20658896356538486,-0.40104937254535744,-0.7009368364794262,-0.8329535597268101,-0.006957567517616946,0.4527912361372322,0.3542404406384836,0.7977324754372417,0.473483,0.4747,0.4621,High,High,High
7,49,147500,150000,80.234862,79.557986,78.644419,-0.032137,-0.063528,-0.154764,0.905011,1.227463,-0.271561,-0.9023365901328353,-0.9212431704351044,-0.7608339656013615,-0.3852697146368244,-0.7769589214343531,-0.43201451645866384,0.6834239229070026,0.8052752986386931,0.6950563343583814,0.487517,0.48765,0.4837,High,High,High
7,50,150500,153000,90.982107,91.067077,83.578282,0.090002,0.084584,0.046439,-0.316453,-0.032195,-1.71761,-0.3923675969224708,-0.3786428668901429,-0.5271220649207,1.224083150694124,1.1165291760022718,1.1764929464950393,-0.23088788067206706,-0.025526560754174008,-0.02883281194547362,0.494317,0.494,0.4918,High,High,High
7,51,153500,156000,111.455249,111.540119,103.113375,0.10847,0.132609,-0.066594,-2.340173,-1.979193,-4.611611,0.5791062657830721,0.5865661842580973,0.39823474271734827,1.4674249884112494,1.7304886518002753,0.27285620121765325,-1.7457185127161017,-1.3096604753835366,-1.47756374242743,0.509433,0.5088,0.5,High,High,High
7,52,156500,159000,109.097687,110.059209,93.822775,-0.056996,-0.085142,-0.207762,0.531608,0.019687,-0.687095,0.4672372686986086,0.5167481408068139,-0.041851207067588055,-0.7128219533096648,-1.0532758419944372,-0.855704414331063,0.403917715280879,0.008691982746538676,0.4870408711754422,0.538683,0.53895,0.5256,High,High,High
7,53,159500,162000,89.498816,89.972128,83.219279,-0.089816,-0.047308,-0.340914,1.236621,1.246032,0.866877,-0.4627514411456175,-0.43026463786808133,-0.5441276594173571,-1.145271547953159,-0.5695997814563496,-1.9201815131179174,0.9316464961345846,0.8175224004131956,1.2649560486418312,0.56015,0.56125,0.5551,High,High,High
7,54,162500,165000,91.015158,88.76613,82.692087,0.096294,0.111386,-0.048004,-1.215531,0.154535,-6.259396,-0.39079928939858016,-0.4871218545565768,-0.5691001899362708,1.306989087607496,1.4591703393617321,0.42147303961623256,-0.9038816223936919,0.09763038438842032,-2.302441514164278,0.550983,0.5518,0.54,High,High,High
7,55,165500,168000,112.420599,112.444749,108.695652,0.111945,0.099814,-0.085575,-1.018562,-1.758038,-3.051677,0.6249132207371675,0.6292152963900525,0.6626613325509002,1.5132129939379448,1.3112319936265007,0.12111353259778061,-0.756442908162928,-1.1637986738357915,-0.6966640000602229,0.522367,0.5219,0.5111,High,High,High
7,56,168500,171000,98.041025,97.614384,89.271754,-0.095127,-0.090606,-0.153437,0.825211,0.781043,0.520406,-0.05741391292117328,-0.06996768432341777,-0.2574282848963811,-1.2152514320833112,-1.1231285140560778,-0.4214058803879313,0.6236906176883389,0.5108409632316511,1.0915133807868393,0.50575,0.50545,0.5044,High,High,High
7,57,171500,174000,93.81392,92.835944,89.265203,-0.104664,-0.113449,-0.152394,1.21231,0.587808,0.533884,-0.2579948507377489,-0.29524898538111105,-0.2577385988757841,-1.3409148014957122,-1.4151571721644338,-0.413067668314251,0.9134487970973548,0.3833936741263696,1.0982604397826847,0.521517,0.52025,0.5092,High,High,High
7,58,174500,177000,112.203519,112.781206,104.802373,0.201022,0.222856,-0.166591,1.191714,1.148871,0.480588,0.6146125279506809,0.6450776846820405,0.4782408014234444,2.6869275747441157,2.8842210997407736,-0.5265648848147689,0.8980319154647283,0.7534402928407669,1.0715805721285387,0.5657,0.56555,0.5446,High,High,High
7,59,177500,180000,108.032758,109.752312,95.458785,-0.00062,-0.04506,-0.334213,-0.441366,-0.556814,-0.941927,0.4167051769885456,0.5022793695235707,0.03564486581335166,0.03001102498471749,-0.5408609807984858,-1.8666106990184617,-0.32438996531841957,-0.3715367005483297,0.3594724976757171,0.616633,0.6172,0.5961,High,High,High
7,60,180500,183000,86.712989,87.227977,83.258427,-0.245274,-0.240052,-0.286647,-0.113531,-0.098499,-0.228898,-0.594942099351349,-0.5596386401740159,-0.5422732598347489,-3.1936490337571906,-3.0336706862603138,-1.4863466573150286,-0.07899312175500363,-0.0692570705315776,0.7164133441476495,0.653167,0.6543,0.6418,High,High,High
7,61,183500,186000,83.289498,82.667505,81.878648,0.034386,0.048889,-0.165933,-0.062095,-0.10383,-0.196702,-0.7573906392827217,-0.7746437601707465,-0.6076319397594372,0.4912642397955084,0.6601984422467332,-0.5213045362582189,-0.040491338707043946,-0.07277310798969987,0.7325305953295935,0.662,0.6626,0.6593,High,High,High
7,62,186500,189000,99.196362,97.779726,88.994306,0.232278,0.115069,-0.059855,-1.61283,-1.129644,-4.953102,-0.002591858831155094,-0.06217257527538535,-0.27057070482576495,3.0987692727994802,1.5062544153505724,0.32673080444347496,-1.2012748859284017,-0.7493441920388899,-1.6485134325558075,0.655267,0.6549,0.6537,High,High,High
7,63,189500,192000,113.060625,114.134748,105.521544,0.157938,0.046749,-0.180231,-0.047633,0.102002,-0.907957,0.6552831820480391,0.7088909172006518,0.512307175241366,2.1192353646399016,0.6328403313001901,-0.6356091922788153,-0.029665987077065088,0.06298247671865163,0.37647780959802535,0.660517,0.65915,0.6541,High,High,High
7,64,192500,195000,100.318538,99.671202,99.173554,-0.017315,-0.010333,-0.309531,0.331013,0.971985,-3.747385,0.050656668109920464,0.02700175237116886,0.2116095660045806,-0.18996904761044203,-0.09690531778886007,-1.6692916669929787,0.25376480349719693,0.6367759143344051,-1.0449339896641452,0.69385,0.6935,0.6763,High,High,High
7,65,195500,198000,112.692577,114.329053,105.462974,0.114788,0.075994,-0.223495,1.64679,1.72024,1.308748,0.6378188860342152,0.7180514974741333,0.509532775947574,1.5506735118407924,1.0067132072962883,-0.981481107097327,1.2386734393455374,1.1302841882468557,1.4861557596934143,0.736683,0.7377,0.7199,High,High,High
7,66,198500,201000,105.841916,103.552701,101.370313,-0.213435,-0.321652,-0.584337,-0.090649,-0.350119,-0.853624,0.3127472334390141,0.20999644201342363,0.3156677291978734,-2.7741254918969163,-4.076858468147187,-3.866214684365758,-0.06186508303303043,-0.2352119280091098,0.4036767973129142,0.758717,0.75965,0.7548,High,High,High
7,67,201500,204000,104.981325,105.167633,101.71978,-0.421047,-0.430755,-0.594752,-0.649207,-0.676645,-0.894714,0.2719112121297483,0.28613300166044264,0.3322216134048669,-5.509705176330954,-5.471649112353113,-3.949476888342154,-0.4799667809819818,-0.4505707062966413,0.3831072280786591,0.750817,0.7523,0.739,High,High,High
7,68,204500,207000,96.960067,96.007262,94.484646,-0.057909,-0.077386,-0.249508,-0.388249,-0.39574,-0.691277,-0.10870659890373853,-0.14573603866467616,-0.010499073979293713,-0.7248520105890528,-0.9541218660592093,-1.189440752996318,-0.28462989046503917,-0.26530105666733445,0.48494737060261045,0.70975,0.71075,0.6851,High,High,High
7,69,207500,210000,101.007936,99.572298,95.97481,-0.021323,-0.026393,-0.115598,0.103604,-0.183368,-0.995093,0.08336938694914275,0.02233888712648484,0.06008842728815104,-0.24278007671864207,-0.3022189915278697,-0.11890386058352903,0.08354060291485262,-0.12523204390118525,0.3328577077533903,0.639817,0.6406,0.6043,High,High,High
7,70,210500,213000,112.351792,112.471245,110.53456,-0.038319,-0.03507,-0.131203,0.185245,0.741985,-4.119175,0.6216482503642187,0.6304644599984317,0.7497684702758177,-0.4667262470587038,-0.41314718250130594,-0.24365726366098067,0.14465196596443802,0.48508043217943964,-1.2310512966878424,0.554683,0.5538,0.5221,High,High,High
7,71,213500,216000,111.159675,110.285483,108.744843,0.23018,0.251559,0.04786,-0.81687,-0.273829,-2.688771,0.5650809434610109,0.5274159112749016,0.6649914584798902,3.0711251762253773,3.251164958852279,1.1878530609309932,-0.6054688505669041,-0.18489519612388233,-0.514994005109466,0.488867,0.48745,0.4703,High,High,High
7,72,216500,219000,104.466101,105.027005,93.8516,-0.03448,-0.024322,-0.203217,0.424226,0.764288,-2.716828,0.24746324759950647,0.2795030431791936,-0.04048579713684559,-0.416142030305615,-0.2757429878968928,-0.8193696359275374,0.323538244341148,0.4997902771294491,-0.5290392814298723,0.4564,0.45545,0.4501,High,High,High
7,73,219500,222000,97.817052,97.46509,94.417419,0.016788,-0.033681,-0.157076,0.377481,0.219911,0.035734,-0.0680416863939382,-0.07700620454342821,-0.01368354625731591,0.2593858739656421,-0.39538997871404047,-0.4504976864628334,0.2885478514533481,0.14074883587260736,0.8488875774306722,0.45105,0.45015,0.449,High,High,High
7,74,222500,225000,109.878472,110.63721,105.114647,0.071738,0.029086,-0.17098,0.294085,0.283506,0.137839,0.5042864045807588,0.5439982093004327,0.4930328923414843,0.9834292994884941,0.4070336426792607,-0.5616525289100548,0.22612280481154767,0.18269263668845528,0.900001129795326,0.467917,0.46735,0.4581,High,High,High
7,75,225500,228000,109.129903,109.633156,105.263158,-0.119184,-0.149301,-0.220699,-1.432171,-0.772787,-6.421566,0.4687659545232333,0.4966617163336527,0.5000677022018282,-1.5322361943727243,-1.8734950196669848,-0.9591286229573364,-1.0660448209221542,-0.513980736928566,-2.3836234816191135,0.497,0.49745,0.4843,High,High,High
7,76,228500,231000,116.590596,117.233622,113.290592,0.046541,0.036761,-0.218119,1.74552,1.750081,0.885401,0.822784319030753,0.8549884650476179,0.8803188072139787,0.6514234361054313,0.5051521013309979,-0.9385029401672161,1.3125765624562977,1.1499656877381006,1.2742291248281377,0.51135,0.51225,0.5062,High,High,High
7,77,231500,234000,109.617926,109.369755,107.428241,-0.0689,-0.092877,-0.294113,0.335469,0.302783,-0.146876,0.4919232006801322,0.4842435798749135,0.6026254065931717,-0.8696738720980913,-1.152161350485797,-1.5460332261952758,0.25710028730740203,0.19540669672976516,0.7574733881421025,0.476967,0.4788,0.4491,High,High,High
7,78,234500,237000,120.548914,120.662803,115.28422,0.043321,0.021106,-0.124156,-1.017771,-0.8821,-3.067122,1.0106110081279551,1.0166584571877977,0.9747548685983718,0.608995413718105,0.3050160140094415,-0.18732036962145482,-0.755850814874357,-0.5860776423233736,-0.7043957351982872,0.396933,0.3972,0.3579,High,High,High
7,79,237500,240000,104.756542,105.353605,83.533309,-0.176782,-0.171703,-0.213585,0.497403,0.519146,0.269553,0.2612450032361382,0.2949007196019262,-0.5292523886263464,-2.291170738927142,-2.159885861454114,-0.9022561007213227,0.37831398464172633,0.3381079558840903,0.9659368864787204,0.30625,0.30515,0.273,High,High,High
7,80,240500,243000,83.750825,83.496256,80.97166,0.012317,-0.016214,-0.118904,0.123931,0.188213,-0.217803,-0.7355001486750576,-0.7355719912392829,-0.6505950073141202,0.20047416958870543,-0.17208898623587846,-0.14533351457738064,0.09875612791710543,0.11984256024935477,0.7219674782594544,0.2414,0.24,0.2243,High,High,High
7,81,243500,246000,100.886162,103.189404,90.334321,0.054776,-0.011972,-0.032128,-0.203559,0.106386,-1.728093,0.07759107221088193,0.1928686721072707,-0.20709560375575178,0.7599311269003483,-0.1178585625745535,0.5483929388317164,-0.1463824701538238,0.06587392451764018,-0.0340805801197909,0.212233,0.21145,0.2067,High,High,High
7,82,246500,249000,110.527553,110.03754,105.899152,-0.008278,-0.011001,-0.148566,-0.615119,-0.443532,-1.8023,0.5350860359357688,0.5157265478784488,0.5301940690185589,-0.07089388043209782,-0.10544513933665947,-0.38246491105821223,-0.4544506292489767,-0.2968220587679871,-0.07122845123603254,0.204367,0.20435,0.2031,High,High,High
7,83,249500,252000,119.06958,119.466885,117.185912,-0.007353,-0.013333,-0.175763,-0.348469,-0.610915,-1.334753,0.9404149280533073,0.9602764657850988,1.0648360183646315,-0.058705706299092573,-0.13525780976999513,-0.5998899865787157,-0.25485306237483313,-0.4072187756790505,0.1628246124477904,0.1989,0.1993,0.1945,High,High,High
7,84,252500,255000,109.605319,111.701482,97.482687,-0.04607,-0.103985,-0.180423,0.865452,0.865484,0.516471,0.491324984197917,0.5941737018961907,0.1315149747343716,-0.5688565580910537,-1.2941678441279463,-0.6371441268120336,0.6538125216395199,0.5665336510953356,1.0895435279044643,0.185333,0.1857,0.1776,High,High,High
7,85,255500,258000,100.541636,98.674879,96.463023,-0.015498,-0.023667,-0.118342,-0.518268,-0.581615,-1.181234,0.06124292183794495,-0.01997025977373651,0.08321456357669577,-0.1660275206918793,-0.2673693604810116,-0.1408406332874398,-0.3819540084001949,-0.38789409034365707,0.23967590714902226,0.162883,0.1631,0.1516,High,High,High
7,86,258500,261000,114.159082,114.649368,111.239098,0.041485,0.043192,-0.038454,0.227426,0.409304,-0.755998,0.7074062154742685,0.7331528652737277,0.7831416942752988,0.5848035351146481,0.5873670599745577,0.49782004374245264,0.17622603297481962,0.26566215088032635,0.4525481715174261,0.136183,0.13585,0.1263,High,High,High
7,87,261500,264000,110.405925,109.797432,109.113645,-0.088138,-0.077286,-0.199471,1.17321,1.21366,0.220488,0.5293146490634875,0.5044065684218978,0.6824612212995773,-1.123161541255664,-0.9528434496598381,-0.7894224236283939,0.8841809746155285,0.7961715910726714,0.9413750486963226,0.1177,0.11695,0.1142,High,High,High
7,88,264500,267000,119.922983,120.208353,115.117639,0.07996,0.107436,-0.111137,-0.476593,-0.186874,-1.734738,0.9809098705909256,0.9952332457661481,0.9668641018447576,1.0917656970253258,1.4086728915865712,-0.08324061603828625,-0.35075870144546045,-0.12754441068568662,-0.03740705341162884,0.11365,0.1139,0.1139,High,High,High
7,89,267500,270000,101.413313,101.547009,79.394589,-0.035643,-0.033394,-0.128387,-0.174617,-0.114092,-0.842984,0.10260498645028364,0.11543735928328455,-0.7252992017593961,-0.43146618870203135,-0.39172092364784517,-0.22114489050711317,-0.1247182932159972,-0.07954136467610967,0.40900315936335174,0.101417,0.1029,0.0883,High,High,High
7,90,270500,273000,84.719749,85.475756,78.631967,-0.00208,0.005094,-0.149496,-0.18624,0.05527,-1.180187,-0.6895236033578761,-0.642247739926364,-0.7614238037438626,0.010773474461271375,0.10031598014213003,-0.389899750203488,-0.13341854643099127,0.032160592927061,0.2402000331891357,0.056567,0.057,0.0316,High,High,Medium
7,91,273500,276000,101.434188,101.669958,93.073216,0.033993,0.019847,-0.104444,-1.194719,-1.111689,-3.157017,0.10359552893193993,0.12123383484512908,-0.0773570284822268,0.48608591283953967,0.2889207515413585,-0.029733757544381383,-0.888303056626639,-0.7375020512471837,-0.7493969867513018,0.004767,0.00275,-0.0075,Medium,Medium,Medium
7,92,276500,279000,113.442701,114.301814,106.710926,-0.003259,-0.009,-0.043143,-0.100246,0.186921,-1.735569,0.6734131226095359,0.7167673048590723,0.568646949543037,-0.004761506406634772,-0.0798640271852424,0.46033406443901326,-0.06904879895011708,0.11899042736698863,-0.03782305029733501,0.00495,0.00185,-0.0079,Medium,Medium,Medium
7,93,279500,282000,90.661411,90.255539,84.985836,-0.055069,-0.05687,-0.079303,-2.162579,-2.161886,-5.195962,-0.40758498670437215,-0.41690312264259727,-0.46044771246083877,-0.6874310218996096,-0.6918419575642206,0.1712547273495767,-1.6127827156358592,-1.4301548350415239,-1.770088647552916,0.076833,0.0759,0.0384,High,High,High
7,94,282500,285000,102.049543,103.552297,96.002376,0.033916,0.043661,-0.052214,0.200277,0.302949,-1.246202,0.13279482324568834,0.2099773952856991,0.06139419971315787,0.4850713296954949,0.5933628328876084,0.3878164021951449,0.1559039840602645,0.19551618129514658,0.20715306037338121,0.1738,0.17515,0.1345,High,High,High
7,95,285500,288000,110.678799,110.838447,105.577951,-0.053646,-0.068421,-0.258815,-0.877763,-0.837419,-1.514104,0.542262830579149,0.5534856012486309,0.5149791155002854,-0.6686809983414836,-0.8395118358555841,-1.2638451056039337,-0.651049554259637,-0.5566084865052605,0.07304187183613575,0.2406,0.24275,0.2212,High,High,High
7,96,288500,291000,109.763396,111.948019,98.052501,0.008682,0.011977,-0.090203,-0.185787,-0.278996,-0.392189,0.49882591755709116,0.6057967789085339,0.15850646456180545,0.15257793934711186,0.18830938091084753,0.08411521478666573,-0.13307945887129136,-0.1883030681077724,0.634670206405358,0.254083,0.25525,0.2492,High,High,High
7,97,291500,294000,86.311031,85.271536,84.258271,0.012053,-0.044867,-0.129471,0.051522,-0.089236,-0.141372,-0.6140154634156137,-0.6518757665003094,-0.49491170122962463,0.19699559880912337,-0.5383936371476993,-0.22981087505924122,0.04455526453893231,-0.06314769987418001,0.7602286791877424,0.238467,0.23815,0.2315,High,High,High
7,98,294500,297000,89.859031,89.433843,85.845266,0.086559,0.089058,0.022184,0.802432,-0.035256,-2.094705,-0.44565882988670696,-0.4556422810193694,-0.41973741734279874,1.1787167901104085,1.1737255257101378,0.982587544915828,0.6066396783452821,-0.02754542975798422,-0.2176057910253333,0.23345,0.2317,0.2293,High,High,High
7,99,297500,300000,107.83108,109.655837,99.051369,-0.093125,-0.110473,-0.311204,-0.46761,-0.397578,-0.898622,0.4071353266117578,0.4977310203720608,0.20582179107352414,-1.1888722703381476,-1.3771115001191478,-1.6826663830037811,-0.34403458765123424,-0.266513301433425,0.3811508913405849,0.268783,0.26785,0.2477,High,High,High
7,100,300500,303000,99.733502,99.004155,92.228976,-0.052621,-0.074407,-0.105184,-0.102861,-0.08753,-0.172405,0.022896044814199545,-0.004446422352512977,-0.11734778927770112,-0.6551751837616671,-0.9160378415219423,-0.03564965105782675,-0.07100622492940036,-0.06202251512393492,0.7446936234066123,0.330983,0.3313,0.3029,High,High,High
7,101,303500,306000,91.681331,91.3492,89.768594,-0.0356,-0.036393,-0.209273,0.009092,-0.002051,-0.073026,-0.3591886232126015,-0.36534207489562187,-0.23389349669205156,-0.43089960330990246,-0.4300606314649866,-0.8677840293294629,0.012794811651364672,-0.005645218953829318,0.7944425457948098,0.385933,0.38795,0.3681,High,High,High
7,102,306500,309000,98.69144,98.200326,95.846645,0.113738,0.132655,-0.039852,1.613731,1.686961,-1.804481,-0.026550981749610986,-0.042343234481137144,0.054017386047091186,1.536838287149273,1.7310767233439859,0.4866438016724573,1.2139275328640362,1.1083351710701814,-0.0723202553367848,0.336867,0.33795,0.2712,High,High,High
14,0,500,3000,102.493304,102.756006,99.845908,-0.000221,0.009557,-0.034041,2.686316,3.606252,-2.511423,0.1538517871835182,0.17243596492337776,0.2434582677764468,0.03526841036749489,0.1573717040460653,0.5330995546543907,2.0167977982520107,2.3741950564644676,-0.426213962165765,0.0155,0.0146,-0.0018,Medium,Medium,Medium
14,1,3500,6000,102.374046,102.219602,100.278324,-0.005992,-0.003392,-0.048237,2.101252,2.26259,0.892689,0.14819285950556207,0.14714700220488558,0.2639413588644502,-0.04077261981798972,-0.008170435508507285,0.4196103326045666,1.5788553611034863,1.48798873062401,1.2778774825935124,0.0826,0.08575,0.0442,High,High,High
14,2,6500,9000,105.884075,105.570266,102.564103,0.001198,-0.004513,-0.01704,-0.469703,-0.12234,-2.720825,0.3147477259172962,0.305115281669978,0.3722163058230388,0.05396572830774833,-0.022501483345458075,0.6690132109004503,-0.3456012769723202,-0.08498129657530165,-0.5310401713843459,0.155333,0.156,0.1302,High,High,High
14,3,9500,12000,112.572068,112.27864,111.587544,-0.001583,-0.000573,-0.009224,-2.55724,-2.702103,-4.116027,0.6321005969840645,0.6213840268465626,0.7996472147862195,0.01732214748192392,0.027868122789765946,0.7314978375235431,-1.90820133682512,-1.7864525667080846,-1.2294754143819422,0.204567,0.20545,0.1871,High,High,High
14,4,12500,15000,114.939874,117.122849,106.761566,0.0037,0.003992,-0.02535,2.860788,2.665949,1.847187,0.7444556835143764,0.8497660314579814,0.5710457130779121,0.08693309228696901,0.08622783142105978,0.602579325634598,2.147396660759663,1.7540223740437697,1.7556972123320878,0.229617,0.23055,0.224,High,High,High
14,5,15500,18000,107.373864,107.192789,106.457806,0.004173,0.00619,-0.023098,0.607878,0.477548,-0.007198,0.38543990762766733,0.38160972178767993,0.5566569213845154,0.09316553160038682,0.11432742387923805,0.6205828285971371,0.4610086825619251,0.31067217907242833,0.827395906796332,0.231867,0.2322,0.2329,High,High,High
14,6,18500,21000,110.120481,112.514289,98.16655,-0.009499,-0.007243,-0.065453,1.305477,1.180032,0.665765,0.5157700067576744,0.6324937851176609,0.16390884573062336,-0.08698227028766474,-0.05740225104829098,0.28197786945933045,0.9831878052089743,0.7739923924904663,1.16427979632157,0.229067,0.229,0.2289,High,High,High
14,7,21500,24000,88.501008,88.309825,86.823506,-0.004179,-0.004732,-0.026931,-0.236396,-0.290537,-0.891251,-0.5100985650994542,-0.5086345206315157,-0.37339921749374533,-0.016883798517299452,-0.025301215260080938,0.589940099087629,-0.17096220127494233,-0.19591488358407871,0.38484079873473664,0.229567,0.22955,0.2299,High,High,High
14,8,24500,27000,98.643078,99.272654,89.285714,0.012971,0.0146,-0.01174,-0.868842,-0.865001,-1.132457,-0.02884581362974755,0.008212061180332637,-0.2567670143800531,0.20909153811085182,0.22184224306635328,0.7113837995778289,-0.6443718498002925,-0.5748000725435137,0.2640935727255435,0.225567,0.2262,0.2211,High,High,High
14,9,27500,30000,92.634863,91.432164,90.606822,0.031198,0.008512,-0.055963,0.204857,-0.323311,-1.072899,-0.3139424457937501,-0.36143070677946865,-0.1941875180129213,0.44925786235116166,0.14401225267263656,0.3578452065439199,0.15933228654023293,-0.2175308302455867,0.2939081846616294,0.209317,0.20945,0.2001,High,High,High
14,10,30500,33000,98.597407,101.691635,86.789048,0.167728,0.164556,0.122723,1.116855,1.262363,-0.093799,-0.031012954500632125,0.1222558049364204,-0.3750314567094784,2.2482323643827353,2.1389043389073823,1.7863416232243141,0.8419971348210699,0.8282934391917726,0.78404362484803,0.1889,0.18835,0.1826,High,High,High
14,11,33500,36000,87.027325,86.287231,84.57652,0.236456,0.254007,0.108383,-1.206408,-1.244571,-2.186068,-0.5800264987997864,-0.6039904543319458,-0.4798365808463222,3.153820290667259,3.2824605923088854,1.6717012002745764,-0.8970527133271521,-0.8251437862894279,-0.26334192034996845,0.1814,0.18115,0.1805,High,High,High
14,12,36500,39000,101.337215,101.759633,95.873967,0.398592,0.402459,0.255849,-0.004657,-0.056111,-0.451849,0.09899404983859168,0.12546159551018893,0.055311600448746966,5.290189805509355,5.180295305503372,2.850610866293129,0.002503167372524994,-0.04130025271599207,0.604804533479691,0.18905,0.1889,0.1845,High,High,High
14,13,39500,42000,101.622062,101.368399,96.528209,0.243743,0.228093,0.143471,-0.155792,-1.016432,-1.194376,0.1125103638157079,0.10701672552374882,0.08630235583152102,3.2498367500264043,2.9511717665758415,1.952210486220211,-0.11062707177813577,-0.6746757184487684,0.2330970490600326,0.199133,0.19955,0.1959,High,High,High
14,14,42500,45000,104.119963,105.170666,97.30536,0.083276,0.145409,-0.242731,1.274931,1.189138,0.838328,0.23103860599397433,0.2862759935544726,0.12311518126381903,1.135458654241591,1.894125950919785,-1.1352623606441303,0.9603229738654995,0.7799982144926538,1.2506644781363858,0.204,0.20385,0.2021,High,High,High
14,15,45500,48000,84.394765,83.023115,82.079343,-0.001525,0.009627,-0.247275,0.155245,0.14864,-0.133022,-0.7049444636145716,-0.7578783966903794,-0.5981252287082579,0.018086378941074517,0.1582665955256251,-1.1715891445969622,0.12219583618298553,0.0937423632262311,0.7644086719622868,0.212783,0.2125,0.2079,High,High,High
14,16,48500,51000,88.545952,88.859975,84.876799,-0.204844,-0.213475,-0.324931,-0.353686,-0.429501,-0.54292,-0.5079659212050563,-0.482697497716738,-0.4656126804614738,-2.6609270011113506,-2.6939059597994386,-1.7924062076781924,-0.2587581833438278,-0.28756797481095964,0.5592145787526808,0.22995,0.23,0.2215,High,High,High
14,17,51500,54000,88.50751,89.531445,84.649204,-0.081611,-0.097776,-0.364974,-1.516595,-1.581942,-2.936234,-0.5097900378076828,-0.4510407990407665,-0.47639361621818554,-1.0371591492922856,-1.2147909698909907,-2.112527996811829,-1.129239364277799,-1.0476553363333532,-0.6388734724109134,0.2462,0.2469,0.2412,High,High,High
14,18,54500,57000,88.744953,89.392617,82.530949,0.048996,0.046966,-0.18097,0.295245,1.187535,-4.489763,-0.49852309752160506,-0.45758589586383813,-0.5767331275050438,0.6837715090746506,0.6356144948868255,-0.6415170913415668,0.2269911084964305,0.7789409629365911,-1.4165668849911799,0.24605,0.24675,0.2411,High,High,High
14,19,57500,60000,100.054189,101.404152,90.052526,-0.169931,-0.198163,-0.416182,1.461938,1.38481,0.64762,0.03811300753586899,0.10870231378199118,-0.2204439365027915,-2.2008991919160943,-2.498154840727725,-2.5219078279422456,1.1003047559335022,0.9090528161632033,1.1551964467534135,0.2309,0.23075,0.2238,High,High,High
14,20,60500,63000,84.660583,85.104065,81.081081,0.056213,0.07346,-0.125821,0.147658,0.168977,-0.35875,-0.6923310973204944,-0.6597712480318199,-0.6454118496373915,0.7788656201210278,0.974318135736223,-0.2006311300267067,0.11651668096125621,0.10715554157660297,0.6514097008230815,0.217733,0.2175,0.2145,High,High,High
14,21,63500,66000,84.544239,84.483929,83.333333,-0.324272,-0.346587,-0.68808,-0.091585,-0.045581,-0.313019,-0.6978517523856823,-0.6890077865072877,-0.5387250414037983,-4.234558633929243,-4.395631597330388,-4.695582982697324,-0.06256571428221175,-0.034355237815593,0.6743025450832841,0.212017,0.2118,0.2109,High,High,High
14,22,66500,69000,84.351289,84.156289,81.678117,0.139288,0.149211,-0.108801,-1.374943,-1.421215,-1.844527,-0.7070074492400803,-0.704454494110301,-0.6171308823031181,1.8734954213095798,1.9427313424238768,-0.06456557921746421,-1.0232075077510554,-0.9416485547667395,-0.09236720032473762,0.21125,0.2112,0.2108,High,High,High
14,23,69500,72000,83.566539,80.673343,78.478189,-0.140332,-0.071954,-0.482461,0.852858,1.284019,-0.993958,-0.7442447288798232,-0.8686592568348905,-0.7687081058541708,-1.8108907960643947,-0.8846782872453676,-3.051772025479601,0.6443854383572661,0.8425765581550245,0.3334258864119661,0.215,0.2146,0.2122,High,High,High
14,24,72500,75000,84.050769,84.288151,78.328982,0.088265,0.130764,-0.22084,-2.074232,-1.587762,-6.043608,-0.7212674648849805,-0.6982378119043783,-0.7757758845024348,1.2011957361330106,1.7069018692318771,-0.9602558405051685,-1.5466516590424597,-1.0514938915774483,-2.1944184865195604,0.2271,0.22685,0.221,High,High,High
14,25,75500,78000,99.593989,100.470085,95.626184,-0.087195,-0.186196,-0.287903,2.024799,1.968391,1.301688,0.016275994359430744,0.06466538352126677,0.04357438036656067,-1.1107361918422327,-2.3451667502149776,-1.4963876873864983,1.5216274114307733,1.2939510821261462,1.4826215382576915,0.2457,0.2457,0.237,High,High,High
14,26,78500,81000,85.181356,84.573695,82.430663,0.105381,0.176212,-0.179063,0.555551,0.492546,0.077258,-0.6676198264318958,-0.6847757356139533,-0.5814835698403221,1.4267230750092461,2.2879165544180857,-0.6262716738684043,0.42183995245945627,0.3205640436000812,0.8696744061696163,0.264917,0.2651,0.2575,High,High,High
14,27,81500,84000,95.044439,93.693595,86.703213,-0.018361,0.007194,-0.216066,-2.100234,-2.498529,-3.164119,-0.19960532527738906,-0.2548147153822343,-0.37909737037488056,-0.203751566684089,0.12716272452892458,-0.9220903328927523,-1.566115135261704,-1.65218623590715,-0.7529522333003813,0.277117,0.27765,0.2741,High,High,High
14,28,84500,87000,96.530269,96.482839,90.909091,-0.089227,-0.124782,-0.400456,0.596053,1.133068,-2.372391,-0.12910100261779026,-0.12331478710284535,-0.17986935342123217,-1.13751064572144,-1.5600401027051685,-2.3961870963308387,0.45215722473973596,0.7430174941255715,-0.35661482977888337,0.280583,0.28055,0.2792,High,High,High
14,29,87500,90000,98.112662,97.657307,94.315072,-0.032917,-0.038083,-0.232807,1.063045,1.110598,0.44578,-0.054014655830950754,-0.06794406379343314,-0.018531615994753368,-0.3955473101219532,-0.45166586861435926,-1.0559254319584117,0.801718323369738,0.728197505064606,1.0541557591349648,0.286667,0.28605,0.2827,High,High,High
14,30,90500,93000,99.672819,98.743049,94.901961,-0.041936,-0.051874,-0.31672,-0.896386,-0.994268,-1.84582,0.020016567476985846,-0.016756360197075132,0.009268698622529787,-0.5143853020198713,-0.6279722742516372,-1.7267637730310306,-0.6649895710903033,-0.6600575503336263,-0.09301447345737066,0.305167,0.3053,0.2956,High,High,High
14,31,93500,96000,107.751793,106.627253,106.141405,0.045696,0.038874,-0.40599,0.385003,1.830285,-4.775238,0.40337306832466496,0.35494732027694303,0.541669338817415,0.6402893743298752,0.5321650398497106,-2.440428386470577,0.29417835172721757,1.2028638810022607,-1.5594750810765774,0.326367,0.3269,0.3182,High,High,High
14,32,96500,99000,96.731878,95.51466,89.329472,-0.076089,-0.110941,-0.422065,0.190636,0.028969,-0.956785,-0.11953442636944533,-0.16895994007677292,-0.2546942439464226,-0.9643990438193613,-1.3830944888682049,-2.5689391813741365,0.14868733248616506,0.014813884769853411,0.3520346135267134,0.3365,0.3368,0.3349,High,High,High
14,33,99500,102000,93.649082,93.522345,90.48095,0.161423,0.17708,0.108125,-2.718771,-2.818637,-4.479462,-0.2658166012331368,-0.26288835925055326,-0.2001499422558468,2.1651551342112785,2.2990132087646273,1.6696386319955643,-2.0291133734827134,-1.8633120506969831,-1.4114102256414094,0.334383,0.3346,0.3321,High,High,High
14,34,102500,105000,97.179002,97.394024,89.133284,-0.129467,0.017905,-0.673135,1.878784,3.200535,-2.69106,-0.09831788425840271,-0.08035663709902512,-0.26398746314823984,-1.6677291615183383,0.2640939050655704,-4.57610591707781,1.412329685096147,2.106606204579832,-0.5161398737874219,0.330467,0.3303,0.3302,High,High,High
14,35,105500,108000,76.767275,71.933186,70.093458,-0.038777,-0.023865,-0.273005,1.167944,1.160814,0.198279,-1.0668775353945608,-1.280717154476904,-1.1658839939374157,-0.4727610403050999,-0.26990062495176653,-1.3772863609495947,0.8802391753012242,0.761317245638057,0.9302572691119086,0.329633,0.3298,0.3287,High,High,High
14,36,108500,111000,75.383724,73.971357,71.14629,-0.013008,0.021709,-0.265079,-0.313367,-0.326798,-0.72178,-1.1325286032287074,-1.1846268374156754,-1.1160124495071344,-0.133218273566276,0.31272486489764967,-1.313922344750179,-0.22857789345521498,-0.21983066566417087,0.46967763172812804,0.323233,0.3238,0.3172,High,High,High
14,37,111500,114000,83.341048,84.221407,78.947368,0.040033,0.032204,-0.054954,-0.596862,-0.570795,-0.882886,-0.7549445331783202,-0.7013844821896167,-0.7464835901249235,0.5656713958269468,0.44689466601165373,0.3659116072940095,-0.44078457720164416,-0.3807578072266279,0.38902830047833714,0.30135,0.30165,0.2885,High,High,High
14,38,114500,117000,84.188929,84.209976,78.485584,0.092512,0.130952,-0.162526,0.872823,1.050653,-1.864463,-0.7147116158183644,-0.7019234008644124,-0.7683578124825198,1.2571559259090896,1.7093052920626952,-0.49406744274428893,0.6593299927268228,0.6886610455959999,-0.1023471207981888,0.269267,0.269,0.2563,High,High,High
14,39,117500,120000,74.455621,74.115137,72.463768,-0.013271,-0.01138,-0.121376,0.149804,0.04832,-0.046219,-1.1765681456887074,-1.177848276741883,-1.0536049024218266,-0.1366836679413899,-0.11029033749027621,-0.16509579669256558,0.11812304277828943,0.027576751183682698,0.8078620746938772,0.239767,0.2401,0.227,High,High,High
14,40,120500,123000,76.459735,76.228838,74.491045,-0.148389,-0.070489,-0.421982,-0.84448,-0.632183,-2.014807,-1.081470658020119,-1.078197070212776,-0.9575749233007629,-1.9170530868639872,-0.8659494869945799,-2.5682756419665473,-0.6261359753424343,-0.4212459909593627,-0.17760901704921947,0.201383,0.20265,0.1788,High,High,High
14,41,123500,126000,85.269971,84.99752,82.952944,0.069374,0.123546,-0.23243,-2.154577,-1.920116,-4.251806,-0.6634149439403048,-0.6647943510154704,-0.556743668225827,0.9522802793258732,1.614625773525266,-1.0529115240468325,-1.6067929172854867,-1.2706965014736717,-1.2974461016795311,0.1326,0.1338,0.0947,High,High,High
14,42,126500,129000,85.764729,83.688011,82.854702,0.029709,0.021334,-0.142527,0.265405,1.032931,-4.747101,-0.6399381143767491,-0.7265316316482201,-0.5613972884310635,0.4296381960981402,0.3079308034000078,-0.3341864233180819,0.2046547447404791,0.6769725789231725,-1.5453897569212052,0.038,0.0374,-0.0008,High,High,Medium
14,43,129500,132000,94.719837,94.998502,87.591241,-0.078385,-0.125109,-0.302141,1.625638,1.654304,0.554426,-0.21500805919981011,-0.19329439772222579,-0.3370324180773311,-0.9946520684781504,-1.564220524331112,-1.6102126763654638,1.2228403707742947,1.0867963912409,1.108543722606001,-0.0416,-0.043,-0.0653,Medium,Medium,Medium
14,44,132500,135000,90.456904,88.023071,86.206226,-0.023993,-0.009802,-0.216201,0.67942,0.296298,-0.008896,-0.41728907634729695,-0.5221536428143825,-0.40263912181459033,-0.27796107664850583,-0.09011692670819917,-0.9231695837364213,0.5145605637894143,0.1911295436785697,0.8265458914991851,-0.086517,-0.0871,-0.0991,Medium,Medium,Medium
14,45,135500,138000,96.107729,97.674102,86.416244,0.110413,0.173692,-0.101591,0.33574,0.271673,-0.22504,-0.14915100598061548,-0.06715225737726711,-0.3926907900597053,1.4930267422927945,2.2557004611539324,-0.006925589714841534,0.2573031410130944,0.1748882339043696,0.7183446509888702,-0.113117,-0.11305,-0.1229,Medium,Medium,Medium
14,46,138500,141000,85.657001,84.795965,84.626234,0.233803,0.425494,-0.491659,-0.36141,-0.338658,-0.747421,-0.6450499304468741,-0.6742967351899463,-0.47748168095744464,3.1188632896133535,5.474778523098521,-3.125304982961588,-0.2645398882248924,-0.22765287617877042,0.4568418000236857,-0.133317,-0.13425,-0.1377,Medium,Medium,Medium
14,47,141500,144000,91.302329,91.762748,88.210876,-0.110596,-0.112682,-0.555302,-0.525738,-0.341565,-1.618298,-0.37717269897943423,-0.3458452032199687,-0.3076809598835664,-1.4190772328005632,-1.405351718381257,-3.6340958084699673,-0.3875455847157766,-0.22957017516409425,0.020882570380940282,-0.131217,-0.13225,-0.1375,Medium,Medium,Medium
14,48,144500,147000,89.961342,90.391613,84.910262,-0.045633,0.228644,-1.096489,-1.490367,-1.881299,-3.663882,-0.4408040566248761,-0.41048786415653776,-0.46402757334916117,-0.563098469338488,2.9582158409363766,-7.960588596119883,-1.1096067185475345,-1.2450949209049358,-1.0031325601248897,-0.104433,-0.1041,-0.1175,Medium,Medium,Medium
14,49,147500,150000,94.81006,96.764281,86.844471,-0.086358,-0.203416,-0.451378,1.588102,1.575432,0.490214,-0.21072687528017156,-0.11004610110233495,-0.372406127495549,-1.0997075413024215,-2.5653100541866927,-2.803280514562816,1.1947432611917412,1.0347767126820895,1.076399327870786,-0.085633,-0.08525,-0.0888,Medium,Medium,Medium
14,50,150500,153000,95.51988,93.135523,90.686546,-0.036241,-0.04734,-0.425442,1.12097,1.033828,0.474491,-0.1770451093242838,-0.281125223883726,-0.19041107598973014,-0.4393456785739634,-0.5700088747041483,-2.5959364413672508,0.8450773672894258,0.6775641913035769,1.0685284265062156,-0.102433,-0.10125,-0.1189,Medium,Medium,Medium
14,51,153500,156000,93.000461,90.226265,88.888889,-0.006587,0.202422,-0.492952,-1.16033,-1.133822,-4.760803,-0.2965944050651982,-0.4182832560767647,-0.2755641972340565,-0.04861258047651742,2.622989492693269,-3.1356418077087294,-0.86256159505816,-0.7520997734495136,-1.5522489498549548,-0.141217,-0.1429,-0.1519,Medium,Medium,Medium
14,52,156500,159000,96.06618,101.409559,78.277818,0.00589,-0.027109,-0.384797,1.04306,0.883463,0.15669,-0.15112255326542187,0.10895722877408487,-0.7781994693661463,0.11578941807213818,-0.31137245294736726,-2.2710019929159193,0.7867587982469938,0.5783916209808317,0.909437901507055,-0.145217,-0.14755,-0.1527,Medium,Medium,Medium
14,53,159500,162000,79.485045,78.360723,75.85335,0.07584,0.03201,-0.167214,-0.233149,0.09681,-1.164203,-0.9379162592091446,-0.9776885723546092,-0.8930439683762402,1.0374789106166968,0.4444145381968736,-0.5315454275970345,-0.16853169949492977,0.05955811609539693,0.24820159061528158,-0.099317,-0.0993,-0.1235,Medium,Medium,Medium
14,54,162500,165000,84.071271,84.310709,82.091235,-0.145564,-0.097127,-0.575735,-2.135249,-1.40338,-4.801087,-0.7202946216773681,-0.6971743067459458,-0.5975619171767267,-1.879829744241566,-1.2064940474590717,-3.797446419497303,-1.592325181404956,-0.9298855594439839,-1.5724150371519305,-0.057117,-0.0548,-0.0668,Medium,Medium,Medium
14,55,165500,168000,87.908585,87.832777,82.149864,0.082276,0.154424,-0.269555,0.693194,1.063402,-1.846354,-0.5382097099430547,-0.5311251230262246,-0.5947847231149934,1.1222822497734772,2.009375189323096,-1.3497055060558294,0.5248709215097385,0.6970695921264071,-0.09328179275576669,-0.070733,-0.07015,-0.0862,Medium,Medium,Medium
14,56,168500,171000,88.634445,86.214266,83.644689,0.135409,0.182608,-0.152521,1.701008,1.864679,0.010848,-0.5037668277521608,-0.6074304159369208,-0.5239764351801701,1.8223841483777665,2.3696840673218653,-0.41408296355236923,1.2792576541618972,1.2255482914945994,0.8364296971687186,-0.1025,-0.1039,-0.1092,Medium,Medium,Medium
14,57,171500,174000,71.282441,70.621823,68.571429,-0.166461,-0.185131,-0.500323,-0.410713,-0.395471,-1.750067,-1.32713914410507,-1.3425418426175775,-1.2379809067380116,-2.1551770684117395,-2.3315516155616747,-3.1945689037730607,-0.3014450404453908,-0.26512363890777063,-0.04508071918899316,-0.099567,-0.10065,-0.1085,Medium,Medium,Medium
14,58,174500,177000,78.071137,78.20009,73.724135,0.117158,0.165527,-0.062012,-0.909328,-0.940956,-1.242569,-1.0050078012045196,-0.9852616738757747,-0.9939026433349439,1.5819015904302218,2.1513177621452764,0.30948677429685123,-0.6746771454780219,-0.6248958566612546,0.20897173267876085,-0.070183,-0.06965,-0.0825,Medium,Medium,Medium
14,59,177500,180000,81.503212,81.290454,80.101606,0.096307,0.089847,-0.018188,-0.447022,-0.204485,-3.794458,-0.842151940714462,-0.8395653330905277,-0.6918085501374235,1.3071603808655816,1.1838122311011763,0.6598355815039162,-0.32862369431988275,-0.13915966779973485,-1.0684986363558973,-0.051833,-0.05125,-0.0563,Medium,Medium,Medium
14,60,180500,183000,85.373117,88.498647,72.498366,-0.235211,-0.16749,-0.796329,1.255463,0.903827,0.703583,-0.6585205489792079,-0.4997324383979172,-1.0519660315533508,-3.0610548755945617,-2.106026178548607,-5.560974275855355,0.9457504427126555,0.5918226070617175,1.1832114091057284,-0.042283,-0.043,-0.0481,Medium,Medium,Medium
14,61,183500,186000,79.990405,77.988043,76.923077,0.121095,0.067623,-0.009683,-0.870298,-0.725642,-2.514114,-0.9139363526927501,-0.9952587072266968,-0.842372125566778,1.6337770948211858,0.8996969705049279,0.7278283846550683,-0.6454617206323523,-0.482886460814671,-0.42756107121442355,-0.017133,-0.01785,-0.0308,Medium,Medium,Medium
14,62,186500,189000,96.683368,97.185703,89.686099,0.2041,0.236589,-0.042725,0.681818,1.207466,-3.22039,-0.12183628101783489,-0.09017800681751885,-0.2378011980705961,2.72748454769697,3.059786023866416,0.4636757448290405,0.5163555570966117,0.7920863657836807,-0.7811213798173142,0.024967,0.025,0.0058,Medium,Medium,Medium
14,63,189500,192000,77.130619,77.32588,73.545873,-0.029508,0.029505,-0.240023,0.34716,0.306753,-0.109893,-1.0496364495284598,-1.0264766239845229,-1.002346726772027,-0.3506289472901533,0.41239020739262594,-1.1136133881651975,0.26585144108323405,0.19802509266087476,0.7759870016488063,0.070767,0.0711,0.0518,High,High,High
14,64,192500,195000,78.458744,77.583012,76.238882,-0.093943,-0.056666,-0.432814,-2.423282,-1.877104,-6.576254,-0.9866154084051285,-1.0143540418230714,-0.8747817230538192,-1.1996505691930646,-0.6892339881095034,-2.6548715318822764,-1.8079287290496595,-1.242328127219544,-2.4610599753087805,0.107733,0.1087,0.0955,High,High,High
14,65,195500,198000,79.09362,79.045644,75.100943,-0.170824,0.020959,-0.711287,-0.804635,-0.810858,-5.099371,-0.9564898204490127,-0.9453977213652199,-0.9286846965552423,-2.21266572110612,0.3031367419023659,-4.8811101999493856,-0.5963104923043684,-0.5390902964986602,-1.7217353922132728,0.119233,0.12,0.1149,High,High,High
14,66,198500,201000,85.054055,84.252092,79.363175,0.134706,0.173345,-0.084208,0.08106,0.236133,-2.895636,-0.6736604036035027,-0.6999378266445107,-0.7267872498969269,1.8131211360366823,2.2512643562481145,0.13204194669626673,0.06666556992175043,0.15144798418355454,-0.6185501973616975,0.0943,0.0955,0.0749,High,High,High
14,67,201500,204000,96.944099,96.200569,89.540176,-0.033145,0.043739,-0.29331,1.379063,2.696002,-4.042383,-0.10946429865689235,-0.13662250946611754,-0.24471341709309902,-0.39855153034068314,0.594359997679118,-1.5396136822881183,1.0382696974122398,1.773843697196827,-1.1926093799042716,0.039533,0.0398,0.0131,High,High,Medium
14,68,204500,207000,94.822725,96.411087,84.033613,-0.030388,-0.001725,-0.256564,1.085054,1.245547,-0.410696,-0.21012590663201888,-0.12669756137928126,-0.5055535143855866,-0.36222418322209343,0.01314076586901009,-1.2458495970920886,0.8181928887150709,0.8172025208095209,0.6254056403839816,-0.021233,-0.0221,-0.0428,Medium,Medium,Medium
14,69,207500,210000,83.927977,83.400967,74.729704,0.103707,0.157981,-0.260247,0.322947,0.106208,-1.252593,-0.7270940848805504,-0.740064425987127,-0.9462698975015978,1.4046657739296233,2.0548484606487283,-1.2752931589975198,0.24772709873662374,0.06575652540536374,0.20395373895755922,-0.064517,-0.0648,-0.0783,Medium,Medium,Medium
14,70,210500,213000,81.101744,80.045306,75.549954,-0.105428,-0.096157,-0.401917,-0.845965,-0.819049,-1.187664,-0.8612020537216729,-0.898268290844394,-0.9074155177725067,-1.3509815745093512,-1.1940934083851715,-2.4078669887945465,-0.6272475537666161,-0.5444926343001009,0.23645706241365444,-0.097483,-0.0973,-0.112,Medium,Medium,Medium
14,71,213500,216000,87.933764,87.206551,86.152815,0.031805,0.075503,-0.198402,-3.022231,-3.681877,-5.34642,-0.5370149377684146,-0.5606487767785271,-0.40516914470481935,0.4572559398633067,1.0004361827753758,-0.7808763558366735,-2.2562646115986995,-2.432658172503298,-1.845407611968773,-0.135083,-0.13535,-0.1512,Medium,Medium,Medium
14,72,216500,219000,96.160065,95.759307,92.169411,0.090022,0.05872,0.001703,-1.545267,-2.536959,-3.429445,-0.1466676032826537,-0.1574259678055167,-0.12016932067491362,1.2243466787834865,0.7858795584689127,0.8188532002551878,-1.1507014360475925,-1.6775325723385208,-0.8857738815517314,-0.16555,-0.1667,-0.1716,Medium,Medium,Medium
14,73,219500,222000,93.49075,92.876892,91.098444,-0.017577,-0.006144,-0.086182,1.392274,1.224572,-3.840153,-0.27332963463220644,-0.29331847694829394,-0.1708999009800954,-0.19342126558108783,-0.04335245481920184,0.11626090102661671,1.0481586284303321,0.8033685523825627,-1.0913734590903652,-0.163867,-0.1656,-0.1715,Medium,Medium,Medium
14,74,222500,225000,97.008353,96.251609,92.161873,-0.141489,-0.084154,-0.413717,2.54837,2.357568,1.66011,-0.1064153733100019,-0.13421621000311607,-0.12052638780615137,-1.8261358960340022,-1.0406450879686502,-2.5022015069819177,1.9135400222909353,1.550631050207116,1.6620468520586211,-0.120667,-0.12145,-0.1443,Medium,Medium,Medium
14,75,225500,228000,92.783546,91.412676,88.978083,0.126812,0.137491,0.015734,1.143919,1.554908,-1.249104,-0.3068872684141054,-0.3623494756653417,-0.2713391712717813,1.7091065991653924,1.7929009404175758,0.9310233379405275,0.8622555580345775,1.02124019930927,0.20570032516000064,-0.051383,-0.0515,-0.0829,Medium,Medium,Medium
14,76,228500,231000,85.587011,82.699403,76.530612,-0.014684,-0.037395,-0.101816,0.821985,0.755631,0.004883,-0.6483710355147113,-0.7731399172971021,-0.8609627798067997,-0.15530192745483465,-0.4428703637866856,-0.008724341120956691,0.6212758351991734,0.4940805910902512,0.833443630474089,0.01955,0.0205,-0.0073,Medium,Medium,Medium
14,77,231500,234000,85.891323,86.475443,74.441687,-0.110107,-0.125155,-0.177205,-1.178553,-0.902911,-3.370507,-0.6339310851588917,-0.5951171307713969,-0.9599129598440952,-1.4126339710156557,-1.5648085958748226,-0.6114179844792402,-0.8762021968250735,-0.5998034452760996,-0.8562696403366298,0.0679,0.069,0.0519,High,High,High
14,78,234500,237000,90.106943,90.948543,85.363201,-0.005419,-0.000277,-0.119765,0.633611,1.88067,-5.696546,-0.43389512364899047,-0.3842311956626235,-0.4425723293380489,-0.033222540057760534,0.03165223533190461,-0.15221673662478122,0.4802708021507957,1.2360950847778172,-2.02067996528376,0.09215,0.0922,0.0848,High,High,High
14,79,237500,240000,78.0954,78.252392,75.0,0.108709,0.115428,0.000941,-0.04651,0.01412,-1.675027,-1.0038564942712296,-0.9827958769613174,-0.9334662602894619,1.4705741490791286,1.5108439302243148,0.8127614288264778,-0.028825379285579385,0.005020292532813925,-0.007515849991171182,0.114067,0.1132,0.1027,High,High,High
14,80,240500,243000,91.097435,90.673323,85.536786,-0.004045,0.012038,-0.240588,-2.537973,-2.217411,-4.74066,-0.38689515221231785,-0.3972065431980324,-0.43434979047151506,-0.015118160318572198,0.18908921491446398,-1.1181302528072203,-1.8937792617418119,-1.466776103070456,-1.5421654056085299,0.153633,0.1533,0.1343,High,High,High
14,81,243500,246000,91.919765,94.233257,84.626234,-0.13428,-0.101758,-0.270698,1.086714,1.744586,-4.089818,-0.34787465884990953,-0.22937215306244058,-0.47748168095744464,-1.7311471962233702,-1.2656975109139506,-1.3588431631988942,0.8194354612296446,1.146341484805746,-1.2163552430492435,0.201733,0.20235,0.1823,High,High,High
14,82,246500,249000,87.561809,86.838458,92.449923,-0.029985,-0.01741,-0.236928,1.496629,1.445191,0.029607,-0.5546646253738949,-0.5780026558583585,-0.10688176228836457,-0.3569140922214436,-0.1873788463723576,-1.0888705632677476,1.1262722758751145,0.9488768375023292,0.8458204138702371,0.236917,0.2379,0.2257,High,High,High
14,83,249500,252000,86.200461,86.385826,81.190798,0.116265,0.118971,-0.06136,0.06807,0.091477,-0.128445,-0.6192621356166539,-0.5993421570052491,-0.6402146707520068,1.5701350612401963,1.5561382232540353,0.3146991561492382,0.05694206572638152,0.056040759546125495,0.7666999087202616,0.248867,0.2491,0.2491,High,High,High
14,84,252500,255000,96.26764,93.603744,92.367066,0.101062,0.113633,-0.039888,-2.99215,-3.656608,-4.671099,-0.14156304723646665,-0.25905077363164913,-0.11080661122614387,1.3698141841114626,1.4878963558556024,0.48635600144747887,-2.233747850266837,-2.4159921153790638,-1.5073433125079208,0.230133,0.23205,0.2109,High,High,High
14,85,255500,258000,98.755771,99.502452,92.121893,0.030502,0.016016,-0.332021,0.274917,-0.19274,-4.226571,-0.02349840266518388,0.019045971916986502,-0.12242019835362965,0.44008708484135445,0.23994461928144903,-1.8490868630975537,0.2117748349565183,-0.1314133050262128,-1.2848135127375395,0.161383,0.16395,0.1166,High,High,High
14,86,258500,261000,88.173512,85.939617,79.470199,-0.013343,-0.043398,-0.196239,1.554886,1.268697,0.741708,-0.5256386226119069,-0.6203788434685407,-0.7217176355889402,-0.1376323690630941,-0.5196137002409369,-0.7635843589858866,1.1698798342977172,0.8324710008612054,1.2022967054565674,0.033467,0.03395,-0.029,Medium,Medium,Medium
14,87,261500,264000,89.464626,89.941212,84.711801,-0.089158,-0.001563,-0.402625,0.200394,0.285471,-0.382299,-0.46437379551437596,-0.43172218399265355,-0.4734284621701492,-1.1366014738131403,0.015211800435991383,-2.4135270598857885,0.15599156296641215,0.18398864374251833,0.6396211200029922,-0.115867,-0.11725,-0.1738,Medium,Medium,Medium
14,88,264500,267000,96.454399,94.232001,92.882107,-0.063424,-0.03721,-0.240928,-0.380433,0.421611,-4.319327,-0.1327011203702817,-0.22943136764170244,-0.0864096607963344,-0.7975198812307002,-0.440505293447849,-1.1208483660431277,-0.27877932011931145,0.2737791782667662,-1.331246974988515,-0.228067,-0.23115,-0.2551,Medium,Medium,Medium
14,89,267500,270000,89.916792,87.286939,80.614363,0.043495,0.030934,-0.069716,0.105035,0.137634,-0.596495,-0.4429180047713566,-0.5568588551242998,-0.6675197903852146,0.6112881080955568,0.4306587777396399,0.24789752615146907,0.0846117603054279,0.08648340463232872,0.5323950442740919,-0.262,-0.26275,-0.2657,Medium,Medium,Medium
14,90,270500,273000,80.935222,80.955944,77.922078,-0.036906,-0.029075,-0.127571,-2.517654,-2.780954,-4.303936,-0.8691037119315097,-0.8553359293555866,-0.7950504989849536,-0.44810798754525905,-0.33650611935900443,-0.21462141874093554,-1.878569725040834,-1.8384583948098288,-1.3235422721390522,-0.224683,-0.2253,-0.248,Medium,Medium,Medium
14,91,273500,276000,93.561121,92.771491,87.562007,-0.073816,-0.094102,-0.111458,2.520222,3.24474,-3.367795,-0.26999045068123073,-0.2982876456336352,-0.33841720190787095,-0.9344490764633386,-1.1678219513780939,-0.08580683471101053,1.8924701842546579,2.135761416704442,-0.8549120187312927,-0.16645,-0.16535,-0.1895,Medium,Medium,Medium
14,92,276500,279000,74.250348,73.498831,72.639225,-0.016687,-0.004154,-0.202804,0.995381,1.15528,-0.393452,-1.1863085829024553,-1.2069042484668946,-1.0452936888843356,-0.18169426560446658,-0.017911968471715584,-0.8160679277909795,0.7510692711853313,0.7576673204282938,0.6340379512108373,-0.133317,-0.132,-0.1407,Medium,Medium,Medium
14,93,279500,282000,85.953498,85.341289,78.13335,0.091836,0.098851,-0.038633,-3.809174,-4.16021,-5.823388,-0.6309808107255042,-0.6485872358098166,-0.7850427665690751,1.248248676488645,1.2989208437005562,0.4963890370682544,-2.8453210828855515,-2.748140585832129,-2.0841768088177437,-0.136783,-0.1358,-0.146,Medium,Medium,Medium
14,94,282500,285000,97.584426,97.318562,94.330569,-0.020683,-0.028796,-0.143448,0.057585,-0.341862,-3.664789,-0.07908005455383031,-0.08391432068203881,-0.017797539405101943,-0.23434717785904924,-0.3329393376047588,-0.3415493124071132,0.049093648367763865,-0.22976606019974655,-1.0035866024538131,-0.16375,-0.16365,-0.1769,Medium,Medium,Medium
14,95,285500,288000,95.497928,94.3578,90.035658,-0.01887,-0.038986,-0.092421,2.039025,2.13793,0.176812,-0.17808675668032278,-0.22350052778774238,-0.221242955920372,-0.21045835655835898,-0.46320996870068093,0.06638352314771745,1.5322761081731382,1.4057697792960189,0.9195109331968014,-0.1953,-0.1957,-0.2073,Medium,Medium,Medium
14,96,288500,291000,85.895335,87.277061,71.343639,0.003811,0.008605,-0.096757,2.243207,2.122926,0.935069,-0.6337407111978662,-0.5573245570462342,-1.1066642349565017,0.08839567318292964,0.14520117992405174,0.03171958493920542,1.6851140245410225,1.3958739574949186,1.2990928231665895,-0.220117,-0.2204,-0.2281,Medium,Medium,Medium
14,97,291500,294000,75.902096,76.223939,72.721738,-0.07905,-0.089055,-0.260336,-0.380154,-0.332662,-0.844892,-1.107931262519675,-1.078428035359117,-1.0413851348647236,-1.003414377449446,-1.103300275701831,-1.276004665109272,-0.2785704781123439,-0.22369824091354792,0.4080480184994199,-0.23555,-0.23595,-0.2393,Medium,Medium,Medium
14,98,294500,297000,82.905537,81.494648,77.419355,0.097827,0.047488,0.012171,-0.523226,0.677166,-7.270011,-0.7756100252371727,-0.8299385322960896,-0.818863958711315,1.3271885156571144,0.6422878284915431,0.9025391101183577,-0.3856652581154096,0.44232934758029746,-2.8083532983374777,-0.240717,-0.24085,-0.2405,Medium,Medium,Medium
14,99,297500,300000,75.046454,74.908235,72.156209,-0.088884,-0.089387,-0.169674,-0.753311,-0.646041,-1.593506,-1.1485324481526913,-1.140457381532096,-1.068173648749287,-1.132991138988877,-1.1075446181477433,-0.5512117763038932,-0.5578925454742595,-0.43038597353198665,0.03329339443680915,-0.2325,-0.2326,-0.2377,Medium,Medium,Medium
14,100,300500,303000,79.334529,79.618429,74.627352,0.002272,0.008304,-0.04083,-1.183911,-0.985857,-6.012517,-0.9450584145226272,-0.9183935630988541,-0.9511182040837762,0.06811718670650253,0.14135314656194453,0.47882522889387685,-0.8802128616040409,-0.6545101125057768,-2.17885439605808,-0.219617,-0.2195,-0.2249,Medium,Medium,Medium
14,101,303500,306000,87.815757,90.310786,74.075356,-0.037252,-0.043846,-0.115881,1.408223,0.934479,0.341462,-0.5426145040741768,-0.41429848262628793,-0.9772656739928764,-0.45266702349122645,-0.5253410057101198,-0.12116629012988711,1.0600970555598117,0.6120389980139522,1.0019343835355725,-0.213283,-0.2131,-0.2147,Medium,Medium,Medium
14,102,306500,309000,77.241524,76.640853,74.165637,-0.006319,0.010148,-0.091745,-1.89771,-1.428002,-5.30435,-1.044373881196576,-1.058772472382671,-0.9729891579839496,-0.045081304079062925,0.16492714496634892,0.07178777181675677,-1.4145182943330745,-0.9461248905814602,-1.8243474567561881,-0.221683,-0.22105,-0.2288,Medium,Medium,Medium
14,103,309500,312000,93.160504,93.972578,83.173351,0.023049,0.038127,-0.115035,-1.2628,-3.760067,-4.492942,-0.2890001827709854,-0.24166195983586822,-0.5463032204684974,0.34188334234050244,0.522615269346408,-0.11440298484289421,-0.9392642490150077,-2.48422804098024,-1.4181582858331292,-0.226317,-0.231,-0.2433,Medium,Medium,Medium
19,0,500,3000,78.285878,78.42876,75.895937,-0.02064,-0.008489,-0.08893,0.010583,0.010933,-0.002837,-0.994818096627115,-0.9744809431115794,-0.8910266669809063,-0.23378059246692035,-0.07333131938445572,0.09429215051993053,0.01391088130150286,0.0029183207866057734,0.8295790143998995,0.093333,0.09285,0.0564,High,High,High
19,1,3500,6000,80.070928,80.78167,75.860968,0.008361,0.024594,-0.072062,0.004712,0.005292,-0.00255,-0.9101154448005156,-0.8635521408096444,-0.8926831117291497,0.14834831351284733,0.34960717801950786,0.2291425448237086,0.009516216703272606,-0.0008021757996384003,0.8297226860078388,0.190483,0.1968,0.1476,High,High,High
19,2,6500,9000,71.552651,70.754717,69.93133,0.016112,0.018658,-0.057271,0.012539,0.012264,0.009574,-1.314317372417966,-1.3362765063942996,-1.1735638267648683,0.2504786245451972,0.2737203805528353,0.34738846503637055,0.015375020963253563,0.003796175946380813,0.83579193539689,0.24345,0.24395,0.2306,High,High,High
19,3,9500,12000,75.42126,75.10863,72.142467,0.002845,0.017509,-0.084922,0.00748,0.006941,0.005176,-1.1307474773560633,-1.131009685981779,-1.0688245928349163,0.07566726646673172,0.2590313761240606,0.12633390890086144,0.01158816894444129,0.00028541485285524324,0.833590305669651,0.264083,0.26455,0.2583,High,High,High
19,4,12500,15000,78.480766,79.660519,72.465619,0.000172,0.005399,-0.062617,-0.007857,-0.002866,-0.030804,-0.98557043946951,-0.9164092146584604,-1.0535172224987803,0.0404467373234636,0.10421515016021211,0.30465013162707494,0.0001078468625033949,-0.006182748597117565,0.8155787918938295,0.265933,0.2675,0.2587,High,High,High
19,5,15500,18000,67.65529,66.888992,66.079295,-0.00527,-0.000596,-0.065524,-0.019312,-0.010102,-0.056875,-1.4992515825664592,-1.5185275250387213,-1.3560306729943707,-0.03125925579201158,0.027574087017910576,0.2814102634600675,-0.008466652025714548,-0.010955220374827695,0.8025277030764466,0.23335,0.23445,0.2109,High,High,High
19,6,18500,21000,71.101838,71.341268,69.757047,-0.143671,-0.154446,-0.231083,-0.00305,-0.002027,-0.014117,-1.3357089617728326,-1.3086233450243356,-1.1818194291572184,-1.8548868105834264,-1.9392695434146316,-1.0421429989622233,0.0037060673911514653,-0.0056293898600392345,0.8239322696697365,0.168767,0.1697,0.1352,High,High,High
19,7,21500,24000,73.654341,71.177974,70.754717,-0.165999,-0.167083,-0.284222,-0.003162,-0.001888,-0.017073,-1.2145897926205114,-1.3163219003635076,-1.1345608506453961,-2.149089569547471,-2.100823023803166,-1.4669601143824544,0.0036222311733007098,-0.005537713025171669,0.8224525021677541,0.087633,0.08685,0.0564,High,High,High
19,8,24500,27000,72.601604,71.046973,71.005917,-0.29799,-0.314468,-0.381591,0.009818,0.008861,0.001486,-1.2645433600701512,-1.3224979904096026,-1.1226617708673436,-3.8882563716982763,-3.985017034016363,-2.245371783991452,0.01333824999207582,0.0015517423560619116,0.8317430992818583,0.025733,0.0244,0.0089,Medium,Medium,Medium
19,9,27500,30000,73.36179,72.574223,71.932335,-0.335324,-0.347888,-0.464686,-0.008873,-0.012616,-0.019599,-1.228471670155888,-1.2504952307138935,-1.0787783246498917,-4.380184256110836,-4.412263794686207,-2.9096706643965056,-0.0006526673994284638,-0.012613317949338926,0.8211879917787123,-0.002667,-0.00315,-0.0089,Medium,Medium,Medium
19,10,30500,33000,74.977625,76.265868,69.84807,-0.301758,-0.302147,-0.423395,-0.003848,-0.002766,-0.011007,-1.1517984624506508,-1.076451277322593,-1.177507765388756,-3.9379050637341297,-3.827503349449841,-2.57957180079695,0.0031087343389648294,-0.006116794039658885,0.8254891292540278,-0.017333,-0.0168,-0.025,Medium,Medium,Medium
19,11,33500,36000,64.428922,64.491979,63.02521,-0.292426,-0.30401,-0.457544,0.00885,0.008172,-0.009099,-1.6523464120493765,-1.6315355794021127,-1.5006994670387732,-3.8149428572376918,-3.851320246970126,-2.8525742975410644,0.01261366553779429,0.001097315455171602,0.8264442701179597,-0.041733,-0.04135,-0.0553,Medium,Medium,Medium
19,12,36500,39000,70.288557,70.854715,63.897764,-0.008975,0.120665,-0.490685,0.013198,0.014187,0.008098,-1.3743000697979237,-1.3315620641195893,-1.4593675018450671,-0.08007783434637313,1.5777945970593827,-3.1175183879857826,0.015868307280786136,0.005064482086311241,0.8350530528417729,-0.074467,-0.0746,-0.0876,Medium,Medium,Medium
19,13,39500,42000,70.081757,69.960203,69.204152,-0.223764,-0.31134,-0.443442,-0.00088,-0.000663,-0.01452,-1.3841129648976356,-1.3737341594418528,-1.2080094837507156,-2.910224573648063,-3.9450281690440328,-2.7398365538564615,0.005330394112009863,-0.0047297696963028305,0.8237305287010968,-0.105183,-0.10485,-0.1187,Medium,Medium,Medium
19,14,42500,45000,74.943507,74.973883,72.186064,0.425596,0.200989,-0.293992,0.00021,0.000813,-0.008955,-1.1534174003375561,-1.137362382567615,-1.0667594488019394,5.646005431766299,2.60466978569028,-1.5450658976613203,0.00614630016073597,-0.003756280428212705,0.8265163562208979,-0.142017,-0.14145,-0.1605,Medium,Medium,Medium
19,15,45500,48000,77.133976,77.51691,73.982737,-0.247146,-0.275143,-0.354568,0.009678,0.011471,0.001388,-1.049477156062068,-1.0174704447835596,-0.9816529386026035,-3.2183152629214997,-3.482279784963651,-2.0293377428916775,0.013233454719762377,0.0032731563057334756,0.8316940406840252,-0.1917,-0.19125,-0.216,Medium,Medium,Medium
19,16,48500,51000,74.529998,74.63283,73.349633,0.115108,0.09488,-0.179871,0.006697,0.007952,-0.000362,-1.1730388724835266,-1.153441450960151,-1.0116424091591492,1.5548899612705886,1.2481549284815272,-0.6327311900290311,0.01100206395714538,0.0009522154287625047,0.8308179942941507,-0.249783,-0.2503,-0.2724,Medium,Medium,Medium
19,17,51500,54000,76.947264,76.584968,73.800738,-0.007242,-0.023549,-0.105919,-0.001976,-0.002806,-0.019434,-1.0583368527248214,-1.0614071911422682,-0.9902740397989644,-0.05724312540313194,-0.2658608291297537,-0.04152557231780285,0.004509996837327465,-0.006143175862642357,0.821270590438329,-0.302233,-0.3023,-0.3237,Low,Low,Low
19,18,54500,57000,73.276369,74.175934,68.372069,0.543119,0.36693,0.120804,0.004556,0.004053,0.001555,-1.2325249937163931,-1.1749819799461916,-1.2474243802433962,7.194536014072435,4.726086742970789,1.7710002723428255,0.009399444828409055,-0.001619352766551453,0.8317776405395161,-0.351833,-0.352,-0.3711,Low,Low,Low
19,19,57500,60000,69.884133,69.528553,68.104427,-0.223141,-0.209001,-0.364847,-0.001834,-0.000687,-0.007526,-1.39349044836565,-1.3940844565265822,-1.2601023002671123,-2.9020156736644283,-2.6367096100915726,-2.1115127015737105,0.004616289184959673,-0.004745598790092915,0.8272317106729727,-0.395467,-0.3961,-0.4105,Low,Low,Low
19,20,60500,63000,75.843121,77.651206,70.093458,0.003175,-0.080927,-0.145221,-0.002252,-0.000348,-0.01703,-1.1107296933151565,-1.011139010757634,-1.1658839939374157,0.08001547994120926,-0.9993905907609425,-0.35572347348730043,0.004303400443338101,-0.004522012840307987,0.822474027879048,-0.423183,-0.42375,-0.4297,Low,Low,Low
19,21,63500,66000,73.238001,72.86274,72.644514,0.126757,0.002368,-0.231055,-0.003733,-0.001248,-0.026592,-1.234345598934893,-1.2368929912513782,-1.0450431545175116,1.7083818969196463,0.06546634909527199,-1.0419191543427955,0.0031948161697937304,-0.005115603857436112,0.8176873104047734,-0.433317,-0.43355,-0.4347,Low,Low,Low
19,22,66500,69000,75.302974,73.936331,73.170732,0.02792,0.009945,-0.263527,0.001709,-0.00019,-0.0078,-1.1363602825290056,-1.186278150993087,-1.020116761354107,0.4060656085046847,0.16233195967562541,-1.3015149572733316,0.0072683581121492135,-0.004417804639523272,0.8270945468382151,-0.436433,-0.4362,-0.4385,Low,Low,Low
19,23,69500,72000,72.140181,70.769814,66.666667,0.353958,0.407245,-0.209733,0.002528,0.003993,-0.008494,-1.2864384059869518,-1.335564752809015,-1.3282074791751255,4.702074168479564,5.241480314377276,-0.8714614766486316,0.007881410455182867,-0.0016589255010266615,0.8267471318698878,-0.443983,-0.44365,-0.4491,Low,Low,Low
19,24,72500,75000,68.365263,67.854587,67.491564,-0.282806,-0.294714,-0.465285,-0.004804,-0.001306,-0.026237,-1.4655625565866341,-1.4730041956896447,-1.2891329759439305,-3.688185846254437,-3.732478658484582,-2.914459340362119,0.0023931323365958762,-0.005153857500762148,0.8178650226724337,-0.459067,-0.45905,-0.4665,Low,Low,Low
19,25,75500,78000,72.530964,72.917989,67.193675,-0.056121,-0.022455,-0.218511,-0.014472,-0.011884,-0.031929,-1.2678953083769386,-1.234288256944337,-1.3032436645426737,-0.7012925994000653,-0.25187495372063307,-0.9416367648392034,-0.004843729754306881,-0.012130530588741384,0.8150156192146244,-0.47765,-0.4776,-0.4859,Low,Low,Low
19,26,78500,81000,64.210042,64.102564,62.827225,-0.044021,-0.030944,-0.160964,0.003669,0.009387,-0.019542,-1.6627325168821856,-1.6498946919684276,-1.5100778082404362,-0.5418581053358885,-0.36039972186325153,-0.48158011076050294,0.008735491924537443,0.0018986633282945709,0.8212165258611253,-0.49425,-0.49485,-0.4981,Low,Low,Low
19,27,81500,84000,71.809694,73.919207,64.083494,0.092841,0.031165,-0.147152,0.004333,0.004323,-0.003074,-1.3021203898497107,-1.187085468234553,-1.4505696671031176,1.2614909629790994,0.43361191962218737,-0.3711607577771153,0.009232520930366925,-0.0014412754614130158,0.8294603726888136,-0.4957,-0.49665,-0.4983,Low,Low,Low
19,28,84500,87000,67.475909,66.57322,65.502183,0.007549,-0.077034,-0.129064,-0.000334,0.000269,-0.012648,-1.5077634149449957,-1.5334147114421477,-1.3833678614054834,0.13764907308473895,-0.949621840333423,-0.22655713362684635,0.005739095674032298,-0.004115073220787927,0.824667648039294,-0.47035,-0.47225,-0.4871,Low,Low,Low
19,29,87500,90000,71.578714,71.988782,68.491917,0.021598,0.012383,-0.065011,-0.009955,-0.007891,-0.022161,-1.3130806534383535,-1.2780960607279812,-1.241747306544192,0.3227643794572694,0.19349975149229448,0.28551141666601,-0.0014625851468795168,-0.009496965109416267,0.8199054598639358,-0.3966,-0.39825,-0.4365,Low,Low,Low
19,30,90500,93000,72.142293,73.312732,61.664954,0.316513,0.215966,-0.1448,0.003031,0.004248,-0.006096,-1.2863381891859336,-1.215677953869816,-1.5651333629885134,4.208683703171044,2.7961382098241,-0.3523578097451919,0.008257924897851886,-0.001490741379507026,0.8279475657229844,-0.272133,-0.273,-0.3315,Medium,Medium,Low
19,31,93500,96000,63.086274,61.999468,60.97561,-0.24879,-0.242537,-0.32133,0.00657,0.007169,0.001655,-1.7160565860331192,-1.7490459218947698,-1.5977868631896357,-3.2399772718670787,-3.0654393337846875,-1.7636181907296562,0.0109069996744039,0.00043579124386103503,0.8318277003332232,-0.125617,-0.1242,-0.1851,Medium,Medium,Medium
19,32,96500,99000,70.805598,70.869917,66.877592,0.010305,-0.094793,-0.202115,-0.000601,-0.001227,-0.009232,-1.3497658865520328,-1.3308453602709107,-1.3182161837842585,0.17396324379886052,-1.1766558086977488,-0.81055975126292,0.005539236118977371,-0.00510175340036979,0.8263776905923292,-0.0092,-0.00645,-0.05,Medium,Medium,Medium
19,33,99500,102000,69.724452,68.544591,65.86169,-0.07999,-0.114758,-0.152094,-0.007219,-0.004648,-0.016937,-1.401067493348325,-1.440473704806634,-1.3663383929589534,-1.015800197649473,-1.4318916428322024,-0.41066933310609754,0.000585413889188951,-0.007358058811031254,0.8225205834871957,0.04695,0.04875,0.0339,High,High,Medium
19,34,102500,105000,64.480912,63.603977,61.919505,0.068498,0.030401,-0.130732,-0.00093,-0.001422,-0.004697,-1.649879427444763,-1.6734007583939665,-1.5530755498651732,0.9407377490118056,0.4238448183309916,-0.2398918773841797,0.005292967229040775,-0.0052303647874142175,0.8286479022369471,0.04885,0.0504,0.0379,High,High,High
19,35,105500,108000,62.947305,61.886624,61.099796,-0.078387,-0.069,-0.163765,-0.004795,-0.006797,-0.009653,-1.7226508230694435,-1.7543659935366769,-1.5919043029933093,-0.9946784212870866,-0.8469138668079433,-0.5039725671539629,0.0023998691755303123,-0.0087754222508183,0.8261669388608223,0.008183,0.00945,-0.018,Medium,Medium,Medium
19,36,108500,111000,69.924105,69.619152,68.493151,0.029401,0.032424,-0.102904,0.001851,0.00467,-0.006181,-1.39159373152365,-1.3898131335436579,-1.2416888532621613,0.4255798635219612,0.4497071820902703,-0.01742230347586003,0.007374650459781421,-0.0012124131470313939,0.8279050148983335,-0.068833,-0.0678,-0.1093,Medium,Medium,Medium
19,37,111500,114000,70.336487,69.448761,65.003091,-0.075223,-0.068594,-0.16923,-0.007207,-0.008408,-0.012785,-1.372025736808904,-1.3978462795428794,-1.4070093244810722,-0.9529882775499746,-0.8417234962264963,-0.547662240195826,0.0005943963411015319,-0.009837950171477646,0.8245990661219152,-0.173117,-0.1733,-0.2187,Medium,Medium,Medium
19,38,114500,117000,67.295235,67.39837,64.794816,-0.007176,-0.003403,-0.122886,0.005167,0.005737,0.001082,-1.516336601643474,-1.4945127129724056,-1.4168750921593123,-0.05637348270823643,-0.008311061312438115,-0.17716741724027157,0.009856801338291303,-0.0005086780189472715,0.8315408577152815,-0.2733,-0.2748,-0.3071,Medium,Medium,Low
19,39,117500,120000,74.460247,75.982148,68.61005,0.183158,0.06515,-0.121666,-0.005623,-0.004485,-0.012193,-1.1763486367296587,-1.0898273604660644,-1.236151470591084,2.451544285325731,0.8680817329484789,-0.16741418739378064,0.0017800799935622231,-0.007250552882373604,0.8248954201006615,-0.337833,-0.3394,-0.3536,Low,Low,Low
19,40,120500,123000,69.115013,68.407892,66.964286,-0.115328,-0.117195,-0.24385,-0.005608,-0.005095,-0.010691,-1.4299860667364936,-1.446918429146227,-1.3141095801923859,-1.4814279787436777,-1.4630466504848776,-1.1442081509705428,0.0017913080584529496,-0.007652875682871556,0.8256473182021423,-0.363317,-0.3637,-0.3684,Low,Low,Low
19,41,123500,126000,74.854182,75.248154,71.016013,-0.008671,0.023386,-0.179881,-0.001292,-0.001198,-0.006923,-1.1576559731363076,-1.1244317759842124,-1.1221835339667094,-0.07607220738806653,0.33416390791510414,-0.6328111345359697,0.005021996596344582,-0.005082626578706772,0.8275335712290266,-0.376683,-0.3765,-0.3833,Low,Low,Low
19,42,126500,129000,72.008863,71.640066,70.653674,0.137679,0.121417,-0.037993,-0.001231,-0.002352,-0.0066,-1.2926695943752684,-1.294536404057527,-1.139347151274432,1.8522945865203846,1.5874082883826541,0.5015054855123152,0.005067657393566868,-0.005843742171779946,0.8276952643627006,-0.392617,-0.39275,-0.3989,Low,Low,Low
19,43,129500,132000,73.93744,73.712165,70.422535,-0.092644,-0.09314,-0.180719,0.000171,0.000271,-0.007382,-1.201156423230602,-1.196846539030375,-1.150295962583426,-1.1825344197889849,-1.1555235856161432,-0.6395104842174116,0.006117107192020081,-0.0041137541296387544,0.8273037967759109,-0.406433,-0.4063,-0.4123,Low,Low,Low
19,44,132500,135000,65.381988,65.43083,64.085716,-0.002636,0.007798,-0.054888,0.000715,0.002206,-0.009122,-1.6071223468602946,-1.5872731057120977,-1.4504644133003037,0.0034473935770001143,0.13488435958112643,0.3664392410398033,0.006524311678723754,-0.002837533442813284,0.826432756365407,-0.426083,-0.42525,-0.439,Low,Low,Low
19,45,135500,138000,67.159605,67.458232,65.193749,0.010764,0.018307,-0.179462,-0.002943,-0.004526,-0.011392,-1.5227723993338704,-1.4916904970936011,-1.3979780555625851,0.18001121344972473,0.2692331389910425,-0.6294614596952486,0.0037861609207053134,-0.0072775942509316635,0.8252963990482555,-0.463967,-0.4638,-0.4829,Low,Low,Low
19,46,138500,141000,70.111574,69.476478,65.86169,0.05723,0.011819,-0.148593,0.009362,0.013444,-0.011542,-1.3826981143503039,-1.396539551443036,-1.3663383929589534,0.7922660234650996,0.1862894829998411,-0.38268076122694605,0.012996916819397745,0.004574439724393244,0.8252213093576948,-0.503667,-0.50505,-0.5139,Low,Low,Low
19,47,141500,144000,73.097922,74.499358,66.220077,-0.113967,-0.111585,-0.163396,-0.008717,-0.007358,-0.014243,-1.2409925067331162,-1.1597340372047773,-1.3493619777343633,-1.4634948922625748,-1.3913274904801554,-0.5010226148479342,-0.0005358955245649109,-0.009145427318161498,0.8238691943296654,-0.51155,-0.5128,-0.5151,Low,Low,Low
19,48,144500,147000,75.227799,74.981695,73.439412,-0.093561,-0.090042,-0.198443,-0.009869,-0.009092,-0.018726,-1.1399274217413888,-1.1369940829711227,-1.0073896723621991,-1.1946171826862453,-1.1159182455636245,-0.7812041283151212,-0.0013982109081726855,-0.010289079344495019,0.8216250137777753,-0.48635,-0.4865,-0.5001,Low,Low,Low
19,49,147500,150000,77.418555,76.765845,75.376884,-0.085797,-0.092886,-0.167137,-0.002167,-0.001005,-0.00722,-1.0359735589896266,-1.0528796788387944,-0.9156136616307373,-1.0923155783958096,-1.1522764079617405,-0.5309298548936084,0.00436702614438555,-0.004955334282811519,0.8273848936417164,-0.457383,-0.4564,-0.467,Low,Low,Low
19,50,150500,153000,68.830715,66.909551,66.745134,-0.023973,-0.020839,-0.086141,-0.004781,-0.003963,-0.008827,-1.4434763300394817,-1.5175582634662326,-1.324490579919774,-0.2776975485591436,-0.23121574470679498,0.11658867350506434,0.002410348702761657,-0.006906270092439292,0.8265804327568431,-0.4501,-0.4494,-0.4533,Low,Low,Low
19,51,153500,156000,72.158664,71.873709,69.124832,0.054808,0.043033,-0.07803,-0.003437,-0.003264,-0.006574,-1.2855613666246306,-1.283521219389932,-1.211766788718849,0.760352771843328,0.5853343778995576,0.1814316630828414,0.0034163833169707286,-0.006445247735803114,0.8277082799090644,-0.46465,-0.4643,-0.4743,Low,Low,Low
19,52,156500,159000,72.411883,71.893411,69.124424,-0.001417,0.007778,-0.071584,-0.002336,-0.002474,-0.004927,-1.2735458372036732,-1.2825923613958088,-1.2117861152496983,0.019509430623630808,0.13462867630125222,0.23296389225536657,0.004240523279950036,-0.005924206731879537,0.8285327647114207,-0.489433,-0.48965,-0.4998,Low,Low,Low
19,53,159500,162000,70.964252,70.618942,69.524913,0.089712,0.123928,-0.279141,0.001706,0.001728,-0.00082,-1.342237573886899,-1.342677668416028,-1.1928153725696329,1.2202619933983712,1.6195093241708638,-1.4263403104070278,0.007266112499171068,-0.003152796227465778,0.830588720438972,-0.509133,-0.5099,-0.513,Low,Low,Low
19,54,162500,165000,68.315816,68.325967,66.006601,-0.035488,-0.032044,-0.158765,0.003713,0.003725,-0.00137,-1.4679088729502485,-1.450780813227465,-1.359474111311989,-0.4294238460094737,-0.3744623022563344,-0.46400031368473765,0.008768427581550239,-0.0018356837150159257,0.8303133915735829,-0.510367,-0.5111,-0.5131,Low,Low,Low
19,55,165500,168000,66.030281,62.270077,61.664954,-0.013664,-0.014073,-0.110856,-0.000688,0.000412,-0.00515,-1.576360107001119,-1.7362879616403935,-1.5651333629885134,-0.14186199489735862,-0.14471809112534179,-0.08099417539331577,0.005474113342611158,-0.004020758203622014,0.8284211313714538,-0.495933,-0.49605,-0.5032,Low,Low,Low
19,56,168500,171000,70.639748,71.539695,64.034152,-0.029378,-0.047931,-0.16338,-0.000212,-0.000921,-0.002358,-1.3576356575979094,-1.2992684315536267,-1.4529069457432793,-0.34891601470929856,-0.5775643156244319,-0.5008947036368325,0.005830417268476871,-0.004899932454546227,0.8298188008117565,-0.4783,-0.47825,-0.4853,Low,Low,Low
19,57,171500,174000,70.588688,70.673467,68.493151,-0.115256,-0.098186,-0.186209,0.002221,0.002796,-0.003748,-1.3600585126452558,-1.340107067353721,-1.2416888532621613,-1.4804792776219735,-1.2200324771284123,-0.683400018526621,0.007651609393752668,-0.0024484015538070686,0.8291229696792276,-0.46305,-0.4631,-0.469,Low,Low,Low
19,58,174500,177000,75.156446,73.894003,72.90401,-0.071095,-0.060125,-0.151606,0.003205,0.000825,-0.003768,-1.1433132027087476,-1.1882737200305071,-1.0327511019455151,-0.8985960799056011,-0.7334544113637521,-0.40676804116750104,0.00838817045058431,-0.0037483658813176634,0.8291129577204862,-0.450583,-0.45005,-0.4547,Low,Low,Low
19,59,177500,180000,71.815871,72.465904,63.291139,-0.010609,-0.007602,-0.083301,0.002216,0.002496,-0.000464,-1.3018272841774137,-1.2556019695762148,-1.4881026900232566,-0.10160807924727103,-0.06199176592203347,0.13929291347558423,0.00764786670545576,-0.0026462652261831105,0.8307669333045694,-0.4502,-0.4499,-0.4533,Low,Low,Low
19,60,180500,183000,66.262195,65.458219,64.864865,0.054384,0.055129,0.010933,0.010129,0.010451,0.00587,-1.5653555240506616,-1.5859818412921887,-1.41355694470958,0.7547659763488477,0.739971625567494,0.8926419801593776,0.013571045204143546,0.002600419819654933,0.8339377206379783,-0.4562,-0.45635,-0.4573,Low,Low,Low
19,61,183500,186000,71.668106,71.467023,68.089095,0.034808,0.05223,-0.045073,-0.000446,-0.001922,-0.006064,-1.308838901413434,-1.3026945795664644,-1.2608285609803174,0.4968246824810523,0.7029103341497238,0.4449047745998923,0.0056552594561815415,-0.00556013757470762,0.8279635848569707,-0.43505,-0.43705,-0.4522,Low,Low,Low
19,62,186500,189000,71.640897,70.623507,68.493151,0.117553,0.090728,-0.01516,0.00609,0.005824,0.004342,-1.3101299993958715,-1.3424624498218156,-1.2416888532621613,1.5871062701951268,1.1950750795796363,0.684042778204879,0.01054770159790066,-0.0004512975539582192,0.8331728069901335,-0.361833,-0.36315,-0.4005,Low,Low,Low
19,63,189500,192000,69.973939,69.751946,62.495261,0.044966,-0.012613,-0.115424,0.000506,0.00112,-0.009333,-1.389229051570076,-1.383552511856945,-1.5258025937477668,0.6306705990681521,-0.1260532116945227,-0.11751282616279993,0.006367867307912968,-0.0035537999368145555,0.826327130200685,-0.259333,-0.2579,-0.3016,Medium,Medium,Low
19,64,192500,195000,64.409186,63.910858,60.544904,-0.163063,-0.163911,-0.219285,-0.004356,-0.002729,-0.012067,-1.653282907686165,-1.6589327414365735,-1.6181889533762837,-2.110403646029089,-2.0602716556151126,-0.9478244696762395,0.0027284772079989006,-0.006092390853399173,0.8249584954407324,-0.1836,-0.1811,-0.2073,Medium,Medium,Medium
19,65,195500,198000,59.153553,58.393239,57.859209,-0.143365,-0.115476,-0.329341,-0.00716,-0.007837,-0.010318,-1.9026686683804797,-1.9190629067333327,-1.7454075006076415,-1.8508548308161836,-1.4410706725796874,-1.8276617352380489,0.0006295776110924742,-0.009461349648388578,0.8258340412326699,-0.167183,-0.16555,-0.1747,Medium,Medium,Medium
19,66,198500,201000,62.032207,62.376486,59.499322,-0.013281,-0.008007,-0.103311,-0.006342,-0.006307,-0.008417,-1.7660732634947636,-1.7312712704264728,-1.6677170729323978,-0.13681543198607105,-0.0671693523394867,-0.020676044908254993,0.001241881416466745,-0.008452244919270765,0.8267856779110423,-0.192083,-0.1925,-0.2035,Medium,Medium,Medium
19,67,201500,204000,62.583214,62.361134,60.301508,0.041993,0.036971,-0.052256,0.000564,0.001878,-0.005409,-1.7399273549347687,-1.7319950460799993,-1.6297183658828878,0.5914971485844499,0.5078367757696772,0.38748063526600346,0.006411282492157109,-0.0030538643912777566,0.8282914765057524,-0.201917,-0.20465,-0.2074,Medium,Medium,Medium
19,68,204500,207000,60.589848,60.473699,59.94006,0.016479,0.029349,-0.127001,0.00591,0.005875,0.003442,-1.834514837784538,-1.820978859303944,-1.646839777457798,0.25531436498499493,0.41039587780960685,-0.21006458184544397,0.010412964819211943,-0.0004176607296542922,0.8327222688467695,-0.147467,-0.14925,-0.1809,Medium,Medium,Medium
19,69,207500,210000,69.770545,70.009774,65.055168,0.132206,0.065928,0.031744,0.000648,0.00032,-0.001203,-1.3988803280976914,-1.3713971165209984,-1.4045424917676899,1.780180124866398,0.8780278125355866,1.0590144935489867,0.006474159655545176,-0.004081436396484001,0.8303969914290737,-0.0477,-0.04725,-0.0922,Medium,Medium,Medium
19,70,210500,213000,63.68502,62.556419,61.791967,-0.045094,-0.048342,-0.163821,0.003348,0.003381,0.001185,-1.6876454076512424,-1.7227882633481766,-1.5591168907757358,-0.5559963873301746,-0.5828186070258474,-0.5044202563928182,0.0084952113358759,-0.002062567392673787,0.8315924193027998,0.0409,0.0429,0.0107,High,High,Medium
19,71,213500,216000,72.873235,72.138876,69.307277,-0.060681,-0.041032,-0.177505,-0.002112,-0.000982,-0.006533,-1.251654160317589,-1.2710198242154473,-1.2031245609716084,-0.7613770037746641,-0.489366368231815,-0.6138163196873937,0.004408195715651547,-0.004940164734596022,0.8277288044244844,0.07985,0.0811,0.0811,High,High,High
19,72,216500,219000,72.595778,72.328573,64.446831,-0.195255,-0.174139,-0.303279,0.002555,0.002327,-0.000648,-1.2648198103934147,-1.262076489786901,-1.4333587755851307,-2.5345784586666076,-2.1910280849427957,-1.6193103612550597,0.007901620971986174,-0.002757728428288281,0.8306748232841483,0.057733,0.06015,0.0321,High,High,Medium
19,73,219500,222000,64.84091,66.475509,60.483871,-0.03855,-0.041194,-0.111124,0.002566,0.00223,0.000813,-1.6327971130825483,-1.5380213322656067,-1.6210800223893962,-0.4697699964908381,-0.49143740279879633,-0.08313668817926628,0.007909854886239373,-0.0028217043490232005,0.8314061968702093,-0.0275,-0.02555,-0.0774,Medium,Medium,Medium
19,74,222500,225000,63.484378,63.090399,62.176166,0.051281,0.052961,-0.173748,-0.000993,-0.000889,-0.008342,-1.697166098650258,-1.6976135809960309,-1.540917788261213,0.7138795932842906,0.7122555580291271,-0.583781168430618,0.005245809356499725,-0.004878826996159449,0.8268232227563226,-0.158567,-0.1585,-0.2172,Medium,Medium,Medium
19,75,225500,228000,73.200608,73.882124,68.33713,0.249296,0.158589,0.019534,-0.004363,-0.003654,-0.009031,-1.2361199392949678,-1.1888337598291157,-1.2490794039231943,3.3230053240378403,2.062621232356905,0.9614022505771387,0.0027232374443832284,-0.006702470509891968,0.8264783107776805,-0.29275,-0.2943,-0.3413,Low,Low,Low
19,76,228500,231000,80.161103,79.860734,77.922078,-0.004371,0.007721,-0.097427,-0.01107,-0.011691,-0.014214,-0.9058365385354453,-0.9069700052739612,-0.7950504989849536,-0.019413668175177288,0.13389997895361064,0.026363302974329213,-0.0022972046370901677,-0.012003238292846129,0.8238837116698405,-0.390533,-0.3922,-0.4195,Low,Low,Low
19,77,231500,234000,71.853752,69.350358,69.124424,0.043307,0.063091,-0.041127,-0.010159,-0.010443,-0.012166,-1.300029787662558,-1.4024855249593713,-1.2117861152496983,0.6088109440555514,0.8417591392854264,0.47645087703780487,-0.0016152868293933932,-0.011180125415761796,0.8249089362449624,-0.443867,-0.44505,-0.4566,Low,Low,Low
19,78,234500,237000,69.598203,68.983921,67.873303,0.072515,0.096535,0.011309,-0.008524,-0.011092,-0.0122,-1.4070581519239707,-1.4197613313136792,-1.2710504010418837,0.9936673657602185,1.26931271989112,0.8956478936202633,-0.0003914277563042329,-0.011608170493668633,0.8248919159151019,-0.46785,-0.46815,-0.4745,Low,Low,Low
19,79,237500,240000,74.947092,74.730913,71.55704,-0.005554,-0.02773,-0.209425,0.004197,0.003145,0.001578,-1.153247288011964,-1.1488172920606687,-1.096555654049988,-0.035001354660955886,-0.3193114187874622,-0.8689991858349274,0.009130719808691007,-0.002218220148276273,0.8317891542920688,-0.482333,-0.48215,-0.4884,Low,Low,Low
19,80,240500,243000,75.265775,75.627778,72.581001,-0.010832,-0.017572,-0.097191,-0.003726,-0.003491,-0.007508,-1.1381254173685327,-1.1065342636930195,-1.0480516985220636,-0.10454641744366039,-0.18944988093933893,0.02824999333807664,0.0032000559334094025,-0.006594964581234319,0.8272407214358399,-0.498383,-0.4984,-0.5057,Low,Low,Low
19,81,243500,246000,81.142906,81.253995,77.154984,0.015756,0.027844,-0.148862,-0.005339,-0.005199,-0.008105,-0.859248870026826,-0.8412842059769219,-0.8313869349055966,0.24578782455454867,0.3911557109990708,-0.3848312684635903,0.0019926646888266406,-0.007721468422628584,0.8269418644674085,-0.5153,-0.51565,-0.5209,Low,Low,Low
19,82,246500,249000,75.09061,74.441687,73.800738,-0.021397,-0.017948,-0.090424,-0.003209,-0.00366,-0.004415,-1.146437195754128,-1.1624529575874332,-0.9902740397989644,-0.24375513064928248,-0.1942567266009745,0.08234844118332597,0.0035870499033097674,-0.006706427783339489,0.8287890708552011,-0.525083,-0.5254,-0.5269,Low,Low,Low
19,83,249500,252000,74.927842,75.061086,70.856974,-0.012524,0.00239,-0.090077,-0.001875,-0.002312,-0.003235,-1.1541607223962456,-1.1332511652464528,-1.129717044113293,-0.12684089380370892,0.06574760070313367,0.0851225155740902,0.004585599140925022,-0.005817360348796475,0.8293797764209451,-0.526617,-0.52675,-0.5273,Low,Low,Low
19,84,252500,255000,71.674942,71.881863,69.444444,-0.036349,-0.02986,-0.135089,-0.000847,-0.000592,-0.004581,-1.3085145254419557,-1.2831367960783862,-1.196627104459203,-0.4407687302565197,-0.3465416880940681,-0.2747236990572625,0.005355095854769461,-0.004682941960507168,0.8287059715976474,-0.523833,-0.52375,-0.525,Low,Low,Low
19,85,255500,258000,70.639122,70.75657,68.102558,-0.013443,0.016809,-0.15954,0.008945,0.010088,-0.002344,-1.3576653620095749,-1.336189146031742,-1.2601908328312252,-0.13895000950990546,0.2500824613284624,-0.47019601297246755,0.012684776615435553,0.002361004776079922,0.8298258091828756,-0.5234,-0.52305,-0.5249,Low,Low,Low
19,86,258500,261000,70.656216,70.991278,68.181818,-0.022003,-0.012879,-0.116729,0.006845,0.006923,-0.000137,-1.3568542322763326,-1.3251237515497254,-1.2564363699999812,-0.25174003175695947,-0.12945379931685003,-0.12794558431826772,0.01111284753073388,0.00027354303251268087,0.8309306288299917,-0.532133,-0.53165,-0.539,Low,Low,Low
19,87,261500,264000,65.473665,65.698962,59.288538,-0.020465,-0.00735,-0.081796,-0.003427,-0.00507,-0.007446,-1.6027721689876826,-1.5746319245284477,-1.6777016893015737,-0.23147472168500044,-0.05877015659561812,0.15132456176982104,0.0034238686935645466,-0.007636387043506887,0.8272717585079383,-0.550117,-0.55045,-0.5571,Low,Low,Low
19,88,264500,267000,74.379756,74.206894,72.656459,0.015049,0.015065,-0.029935,-0.001088,-0.001256,-0.00274,-1.1801680261855139,-1.1735223594255306,-1.0444773324317282,0.23647210659559226,0.22778687932342923,0.5659247692033185,0.005174698278858458,-0.0051208802220328075,0.8296275723997953,-0.56015,-0.56035,-0.5611,Low,Low,Low
19,89,267500,270000,81.113299,81.786429,75.282309,-0.011776,0.040119,-0.177051,0.002615,0.002909,-0.003054,-0.8606537558354197,-0.8161824103600781,-0.9200935799030677,-0.11698494326155981,0.5480813240218817,-0.610186839072388,0.007946533231549079,-0.0023738729038787596,0.8294703846475551,-0.549183,-0.54975,-0.5571,Low,Low,Low
19,90,270500,273000,72.279475,72.098802,72.115385,-0.002331,0.043308,-0.159427,-0.002465,-0.00183,-0.00684,-1.2798287473311523,-1.2729091275986821,-1.0701074386890133,0.007466196939774813,0.5888500229978282,-0.46929264004406324,0.004143961921889789,-0.005499459381845635,0.8275751208578035,-0.525433,-0.5251,-0.5355,Low,Low,Low
19,91,273500,276000,73.841301,73.714068,71.856287,-0.054764,-0.044536,-0.156743,-0.000651,-0.000497,-0.001601,-1.2057183280758204,-1.1967568213995348,-1.0823806384196422,-0.6834122185368349,-0.5341620788657807,-0.44783553438178303,0.005501809236008284,-0.004620285130921421,0.8301977534501195,-0.51005,-0.5092,-0.5134,Low,Low,Low
19,92,276500,279000,69.1439,68.954511,68.490371,0.024885,-0.007735,-0.09756,-0.003095,-0.003237,-0.004855,-1.428615345746429,-1.4211478765175756,-1.241820538938049,0.3660752209439594,-0.06369205973319711,0.025300041032047867,0.0036723831964792864,-0.00642744000528927,0.8285688077628898,-0.5138,-0.5133,-0.5197,Low,Low,Low
19,93,279500,282000,74.366545,73.893433,71.230444,-0.088141,-0.092068,-0.278784,-0.002318,-0.002314,-0.004875,-1.1807949031543836,-1.1883005928889299,-1.11202616304359,-1.1232010704690685,-1.1418189618148844,-1.4234862915093252,0.004253996957818906,-0.005818679439945648,0.8285587958041484,-0.530433,-0.53055,-0.5381,Low,Low,Low
19,94,282500,285000,69.753825,69.259062,68.259386,-0.116755,-0.114503,-0.184311,0.001608,0.001537,-0.000836,-1.399673711105753,-1.406789708262157,-1.2527620554290257,-1.500230707919676,-1.4286316810138058,-0.6682265511097031,0.0071927558085516565,-0.0032787694322118574,0.8305807108719789,-0.546867,-0.5471,-0.5525,Low,Low,Low
19,95,285500,288000,68.924098,69.552669,65.645514,-0.065219,-0.054652,-0.280743,0.011703,0.011716,0.007119,-1.4390452005274101,-1.3929474988884607,-1.3765784226966136,-0.8211715272509644,-0.6634866818261681,-1.439147420418568,0.01474924348001042,0.003434744971507243,0.8345629674613803,-0.558733,-0.5588,-0.5631,Low,Low,Low
19,96,288500,291000,63.077695,59.958939,58.99705,-0.019849,-0.019751,-0.086426,0.00595,0.005267,0.00022,-1.7164636693361195,-1.845247407728212,-1.6915091692631383,-0.22335805653264235,-0.2173065742816367,0.11431025505731846,0.010442906325587214,-0.0008186644390030704,0.8311093422935262,-0.569417,-0.5692,-0.5746,Low,Low,Low
19,97,291500,294000,63.19169,60.424078,57.526366,0.001892,0.005983,-0.064731,-0.005416,-0.0073,-0.01149,-1.711054476991382,-1.823318259493082,-1.7611739234204056,0.0631101530086193,0.11168110193253973,0.2877498628602866,0.0019350272890542458,-0.009107173674835463,0.8252473404504225,-0.583733,-0.5835,-0.5911,Low,Low,Low
19,98,294500,297000,69.266857,70.108018,62.761506,-0.005768,0.009865,-0.154106,-0.003131,-0.002951,-0.007866,-1.4227808963132798,-1.3667653672176454,-1.5131908481446317,-0.037821105217132236,0.16130922655612848,-0.4267541679021136,0.003645435840741544,-0.0062388099709574435,0.8270615073743685,-0.596283,-0.5998,-0.6087,Low,Low,Low
19,99,297500,300000,75.314152,75.428249,72.343123,0.057634,0.096204,-0.291873,0.001819,0.000835,-0.00267,-1.1358298737213433,-1.1159411313566805,-1.0593197291727148,0.7975892908702175,1.2650811616092015,-1.5281256566410628,0.007350697254681205,-0.0037417704255717954,0.8296626142553903,-0.431617,-0.4319,-0.5308,Low,Low,Low
21,0,500,3000,111.32112,112.929844,113.42155,-0.134832,-0.12984,-0.250174,0.1023,-0.029742,-0.188204,0.5727416922490814,0.652085277542182,0.8865221499272515,-1.738420571489769,-1.6247024041853622,-1.1947650571584187,0.08256450980701881,-0.023908695459712567,0.7367846765988244,-0.032533,-0.0336,-0.0395,Medium,Medium,Medium
21,1,3500,6000,130.583116,119.441598,117.060168,-0.105876,-0.118782,-0.273352,0.561063,-0.084697,-0.134797,1.4867453003683784,0.9590843009237954,1.0588796573470702,-1.3568846037110662,-1.4833351187428983,-1.380060435340359,0.4259658920379685,-0.0601540225111305,0.7635201106239854,0.0144,0.01545,-0.0172,Medium,Medium,Medium
21,2,6500,9000,118.584111,118.587945,117.457147,-0.133425,-0.120446,-0.268842,1.762291,1.030613,-0.901478,0.9173788720999121,0.9188385180968055,1.0776841350190907,-1.7198813704031326,-1.5046079676284345,-1.344005462711118,1.325130287541789,0.6754437522812803,0.3797211836323096,0.075883,0.0775,0.0579,High,High,High
21,3,9500,12000,148.678754,148.759253,118.343195,-0.058343,-0.055533,-0.077822,0.800087,1.150139,-2.708471,2.3454038954184795,2.341275866028847,1.1196552967992812,-0.7305705701282141,-0.6747495303046281,0.18309450882716116,0.6048843575340318,0.7542765966293429,-0.5248557844697683,0.097183,0.09765,0.0925,High,High,High
21,4,12500,15000,144.066432,146.200421,127.939986,-0.319378,-0.279445,-0.57701,-1.732337,-2.197283,-2.682229,2.1265439730195745,2.2206387957406233,1.5742451921905938,-4.170073310462294,-3.5372772584645986,-3.807639344131956,-1.2907303759881366,-1.453500769745173,-0.5117190934051463,0.102817,0.1031,0.1034,High,High,High
21,5,15500,18000,112.082131,112.005095,102.107527,-0.154934,-0.162648,-0.218716,-0.625024,-0.928417,-1.477691,0.6088525293512428,0.6084876477986252,0.35058878094746493,-2.003292654107792,-2.044125256491055,-0.9432756272314415,-0.461864894765153,-0.6166258147015107,0.09127014451870884,0.101633,0.1022,0.0986,High,High,High
21,6,18500,21000,150.496848,159.504783,112.295503,-0.22693,-0.184444,-0.501393,1.228231,0.497999,-0.862515,2.4316745226110115,2.847877807029356,0.8331824879573596,-2.9519410701941116,-2.3227688948979948,-3.203122966015475,0.9253662651723717,0.32416054561830315,0.3992259810544143,0.089283,0.08925,0.0823,High,High,High
21,7,21500,24000,154.218372,152.950469,136.975142,-0.155756,-0.084915,-0.386605,-0.181824,-0.094056,-2.281644,2.6082650672099486,2.53887227688549,2.0022310283814813,-2.0141236585805817,-1.0503738367678648,-2.285455959770391,-0.13011300412716148,-0.06632670954368843,-0.3111870687834843,0.076367,0.0756,0.0745,High,High,High
21,8,24500,27000,119.828423,118.386306,86.341409,-0.067679,-0.065193,-0.166547,-0.922682,-1.286874,-1.746676,0.9764228910907865,0.9093321737116145,-0.3962356452953369,-0.8535854822425244,-0.798244554483883,-0.5262131289842398,-0.6846731173814059,-0.8530445427311735,-0.04338319158438469,0.082117,0.0816,0.0757,High,High,High
21,9,27500,30000,117.514117,111.250907,96.192075,0.013865,0.010899,-0.001489,-0.615052,-0.582704,-0.958301,0.866606440381725,0.5729311787664516,0.07038004181035876,0.22087124370534555,0.17452805212562636,0.7933349136404344,-0.4544004772257982,-0.3886123354743821,0.3512757070541135,0.098817,0.0992,0.0929,High,High,High
21,10,30500,33000,108.85006,107.804673,80.24274,0.071292,0.041281,-0.127177,0.470535,0.334259,-0.7617,0.4554870860348934,0.4104572167057668,-0.6851231810076639,0.9775526230957153,0.5629365225825746,-0.21147160516756078,0.35820227480945743,0.21616655323545944,0.44969376208024614,0.103633,0.1047,0.0991,High,High,High
21,11,33500,36000,85.664151,84.585351,83.217753,0.006759,0.009614,-0.023038,-0.407595,-0.546216,-0.725086,-0.6447106548184262,-0.6842262092318854,-0.5441999444322507,0.12723971355492905,0.15810040139370682,0.6210624956387677,-0.2991111000234385,-0.3645468365488588,0.4680226549481707,0.082483,0.08285,0.0687,High,High,High
21,12,36500,39000,141.442086,157.21016,92.945992,0.09341,0.107919,-0.047623,-0.280067,-0.273022,-0.402285,2.0020157718428404,2.73969696665532,-0.08338349554306655,1.268988337121456,1.4148476427955339,0.4245189253305875,-0.20365158939780273,-0.18436294284519078,0.6296161696326874,0.04675,0.0469,0.0303,High,High,Medium
21,13,39500,42000,141.248301,134.365408,119.916984,0.056106,0.075519,-0.091388,0.028457,-0.09261,-0.14861,1.992820453289177,1.6626727803308428,1.1942040263566926,0.7774557448429397,1.0006407293992754,0.07464179071445942,0.02729024342529226,-0.06537300664283589,0.7566053513192211,0.004833,0.0054,-0.0154,Medium,Medium,Medium
21,14,42500,45000,121.624783,112.019127,107.142857,0.129224,0.136337,-0.042134,-0.050836,-0.207748,-0.330226,1.0616622152751116,0.609149191569488,0.5891070666911824,1.7408880867424827,1.7781480151688325,0.4684004651891029,-0.03206355320006483,-0.1413117650096116,0.6656887563801,-0.052817,-0.0517,-0.0835,Medium,Medium,Medium
21,15,45500,48000,112.853848,93.567952,89.888427,0.140788,0.127599,-0.049243,-0.063712,-0.093557,-0.134556,0.6454713783244747,-0.2607382005591521,-0.22821713352706996,1.8932600280117504,1.6664399901917797,0.4115679152065585,-0.04170172410226424,-0.06599759630196961,0.7636407547268197,-0.136867,-0.13665,-0.1765,Medium,Medium,Medium
21,16,48500,51000,147.82561,149.958822,105.958351,0.004257,0.007011,-0.100859,0.078915,-0.111998,-0.273841,2.304921242725305,2.3978299851615503,0.5329982633807439,0.09427234957570839,0.12482322251807536,-0.0010736518069469942,0.06505995664237658,-0.0781602762429249,0.6939149710618591,-0.2258,-0.2273,-0.256,Medium,Medium,Medium
21,17,51500,54000,108.738401,108.894697,105.708196,-0.066137,-0.061376,-0.143195,2.058715,1.633068,-0.034761,0.45018873954582783,0.46184679675785717,0.5211486841535198,-0.8332674665526929,-0.7494474005198855,-0.3395267163815704,1.5470148146863647,1.0727902814189747,0.8135979258568389,-0.280433,-0.2821,-0.2916,Low,Low,Low
21,18,54500,57000,97.78324,93.821211,83.951136,0.037791,0.034456,0.000494,0.33046,-0.257841,-1.753702,-0.06964610423296835,-0.24879821239888006,-0.5094603631230644,0.5361298970094357,0.47568460332549245,0.8091879093663291,0.25335086217155883,-0.1743503814773885,-0.046900392690246956,-0.296367,-0.29675,-0.2981,Low,Low,Low
21,19,57500,60000,198.728584,177.141829,158.763551,0.019585,0.02084,-0.034087,-0.978692,-1.063545,-1.710942,4.720325227857622,3.6793827897631313,3.0343250448139663,0.2962402772629564,0.3016154263871142,0.5327318099224739,-0.7265987116833776,-0.7057488891042766,-0.025494824901082874,-0.30295,-0.3027,-0.3076,Low,Low,Low
21,20,60500,63000,107.258146,93.589081,89.165331,0.079624,0.028966,-0.00776,-1.025684,-1.000837,-1.607352,0.3799489569741447,-0.25974206612824047,-0.2624694304665235,1.0873384251240394,0.4054995430000153,0.7432017133393322,-0.7617739933730449,-0.6643901052130872,0.026362115400121573,-0.312817,-0.31345,-0.3147,Low,Low,Low
21,21,63500,66000,101.678191,100.782896,75.775143,-0.02485,-0.043884,-0.060326,-0.354794,-0.340365,-0.529424,0.11517374867572587,0.07941297249699047,-0.8967485517050708,-0.28925325527767937,-0.5258268039418807,0.322965418166674,-0.25958756307042274,-0.22877872047459008,0.5659706485113934,-0.310017,-0.3109,-0.3143,Low,Low,Low
21,22,66500,69000,97.490282,97.443853,95.676138,-0.005783,-0.009347,-0.092187,0.027329,-0.119387,-0.183915,-0.08354729438104153,-0.07800743067383104,0.04594064880299712,-0.03801875128415395,-0.08430013209106034,0.06825422461007717,0.02644589294550964,-0.0830336584935468,0.7389317411509227,-0.294067,-0.29325,-0.3004,Low,Low,Low
21,23,69500,72000,132.943344,123.630514,103.820884,0.021309,0.015803,-0.072773,0.189469,0.010588,-0.602307,1.5987408021836729,1.156572277439434,0.4317486998618159,0.3189563985659845,0.23722159235078846,0.22345849038038473,0.14781378903766654,0.0026907775633733255,0.529485569063834,-0.292733,-0.29265,-0.2963,Low,Low,Low
21,24,72500,75000,99.956232,98.946393,96.798622,0.037126,-0.001885,-0.025239,-0.198769,-0.269623,-0.422386,0.033464836523865026,-0.007169632963443268,0.09911153521059124,0.5273675880381401,0.011095299630016221,0.6034667096616149,-0.14279697476538522,-0.18212114743717026,0.6195536504996194,-0.295933,-0.29695,-0.2979,Low,Low,Low
21,25,75500,78000,107.655013,108.360854,101.901184,-0.00353,-0.003347,-0.105988,0.339672,0.235485,-0.388699,0.39878074730072777,0.4366785733208066,0.3408145300770718,-0.008332312017493605,-0.007595148128790261,-0.04207718941567815,0.2602463910897835,0.15102059865122228,0.6364172932057366,-0.267533,-0.2692,-0.2867,Medium,Medium,Low
21,26,78500,81000,101.609706,101.873322,89.949718,0.025635,-0.021096,-0.139952,0.103644,-0.174294,-0.998881,0.11192405756884131,0.13082150498607434,-0.22531384332533128,0.3759575242950447,-0.2345012748531789,-0.313600712781431,0.08357054442122788,-0.11924732735738458,0.3309614427677646,-0.20765,-0.20665,-0.2332,Medium,Medium,Medium
21,27,81500,84000,116.640138,124.865968,46.765394,-0.067568,-0.061016,-0.173636,-0.28386,-0.417491,-0.635274,0.8251351432523673,1.214818208018646,-2.2709098482507826,-0.8521229013465638,-0.7448451014821493,-0.5828857899529074,-0.2064907927398377,-0.2796468324601721,0.5129823568724083,-0.170883,-0.16925,-0.1781,Medium,Medium,Medium
21,28,84500,87000,96.784163,98.892538,83.314638,-0.003855,-0.024181,-0.07948,0.120054,0.132718,-0.542245,-0.117053443679462,-0.00970864663076184,-0.5396106038896686,-0.012614643469630581,-0.27394042077377945,0.16983970957676614,0.09585404741168238,0.08324107858765997,0.5595524823602039,-0.179067,-0.17925,-0.1867,Medium,Medium,Medium
21,29,87500,90000,115.843239,113.80439,139.86014,0.027488,0.023653,-0.104451,0.002854,-0.065874,-0.575465,0.7873213797510844,0.6933160684937897,2.1388903490881783,0.4003734017744595,0.33757727970142515,-0.029789718699238354,0.008125433732141318,-0.04773939616068305,0.542922618890699,-0.188583,-0.1893,-0.1906,Medium,Medium,Medium
21,30,90500,93000,104.308114,87.719298,87.719298,0.020821,-0.011093,-0.077523,-0.321775,-0.314368,-0.453745,0.2399665848426491,-0.536475131975322,-0.33096649268267314,0.31252631318554497,-0.10662128242408096,0.1854848495846209,-0.23487159809529673,-0.21163251417205686,0.603855399791004,-0.161783,-0.16275,-0.1797,Medium,Medium,Medium
21,31,93500,96000,122.872576,125.484285,49.676255,-0.020005,-0.058322,-0.092623,0.398492,0.081161,-0.471113,1.1208714116733458,1.2439689890739885,-2.133025424437797,-0.22541357562966807,-0.71040456368309,0.0647686441075608,0.30427537621461803,0.049236887398688,0.5951610148199517,-0.111133,-0.11085,-0.1326,Medium,Medium,Medium
21,32,96500,99000,92.789148,101.010101,101.010101,-0.061254,-0.074125,-0.112321,-0.288573,-0.370826,-0.46371,-0.30662144714549544,0.0901246353005029,0.2986048656428902,-0.7689270835348934,-0.9124327072757156,-0.09270604565979881,-0.2100186507285039,-0.2488691382220788,0.5988669413480896,-0.066683,-0.06595,-0.0828,Medium,Medium,Medium
21,33,99500,102000,95.777103,97.937678,79.86473,0.022326,0.04037,-0.064324,0.954061,-0.188056,-0.289065,-0.16483958555139616,-0.05472587047953844,-0.7030291171020179,0.3323568019100562,0.5512901491843033,0.29100360429268146,0.7201396950996775,-0.1283239935548482,0.6862938680678874,-0.03915,-0.0385,-0.0478,Medium,Medium,Medium
21,34,102500,105000,103.523588,99.620736,79.681275,0.052115,0.060769,-0.054335,0.840229,1.009914,-0.628953,0.2027399342575592,0.02462251434805304,-0.7117191874869008,0.7248687146106976,0.8120743104920278,0.3708601722734996,0.634932156256934,0.661791818432908,0.5161466364326351,-0.029433,-0.02925,-0.0287,Medium,Medium,Medium
21,35,105500,108000,100.892634,101.123232,94.53996,-0.040144,-0.036179,-0.095708,0.380724,-0.188901,-0.679641,0.07789817596854808,0.09545823766235256,-0.007878907980714287,-0.49077318521301144,-0.42732482037033226,0.04010576371704882,0.2909753590827231,-0.12888130956537405,0.4907723281983708,-0.036633,-0.0364,-0.0424,Medium,Medium,Medium
21,36,108500,111000,141.395304,142.940881,110.497238,-0.043851,-0.057271,-0.097574,-1.08722,-0.928831,-2.500318,1.999795912758921,2.066966590575424,0.7480005663925513,-0.5396181165763092,-0.6969684073256991,0.025188118722334035,-0.8078360067807603,-0.6168988665693895,-0.4206548220745894,-0.049833,-0.0503,-0.0538,Medium,Medium,Medium
21,37,111500,114000,99.202894,86.141428,72.815534,0.065095,0.061974,-0.111302,-0.893395,-0.844459,-1.370977,-0.0022819080052779764,-0.6108643900804568,-1.036942117003011,0.8958984446068143,0.8274792281044506,-0.08455970040277068,-0.6627506949510926,-0.5612516873503516,0.14469095277532373,-0.05435,-0.0545,-0.0548,Medium,Medium,Medium
21,38,114500,117000,94.672087,90.779414,59.405941,-0.020286,-0.037173,-0.060838,-0.303845,-0.291607,-0.448612,-0.21727385098419688,-0.3922048442103893,-1.6721404326806235,-0.22911614528520804,-0.4400322793800816,0.3188722594114253,-0.22145031786258196,-0.1966205973488866,0.6064249690019904,-0.049183,-0.0493,-0.0525,Medium,Medium,Medium
21,39,117500,120000,133.872659,143.457275,94.787585,0.003361,-0.019755,-0.150896,-0.109555,-0.104366,-0.158851,1.64283785542153,2.0913121745271717,0.0038508278076632863,0.08246629117227844,-0.21735771093761155,-0.40109198117487116,-0.07601693602130179,-0.07312662441767839,0.751478727845675,-0.0407,-0.04075,-0.0442,Medium,Medium,Medium
21,40,120500,123000,154.4254,163.043478,163.043478,-0.056529,-0.07371,-0.103198,-0.045756,-0.046225,-0.06352,2.618088781168862,3.014710876743813,3.2370606850099906,-0.7066685724230557,-0.9071272792183253,-0.019772671979850488,-0.028260981890405542,-0.0347799851656269,0.7992012297846085,-0.036717,-0.036,-0.036,Medium,Medium,Medium
21,41,123500,126000,105.367892,97.853512,94.383159,0.002809,-0.001542,-0.130754,-0.020166,-0.019529,-0.026712,0.2902542557468195,-0.0586939073252086,-0.01530640642131254,0.07519291590587962,0.015480267879859328,-0.24006775529944444,-0.009105903186826563,-0.017172756506457516,0.8176272386523248,-0.057833,-0.0565,-0.0755,Medium,Medium,Medium
21,42,126500,129000,110.652311,100.161864,80.452407,-0.022312,-0.023468,-0.082617,-0.007553,-0.007438,-0.010263,0.5410059448663774,0.05013419177389651,-0.6751914757535837,-0.2558115407376066,-0.264825311846263,0.14476111775017425,0.0003354023109554465,-0.009198190964128442,0.8258615741192089,-0.115117,-0.11445,-0.1466,Medium,Medium,Medium
21,43,129500,132000,114.568695,110.02725,81.855389,0.002927,-0.016874,-0.059451,-0.006149,-0.006083,-0.00741,0.7268428179910885,0.5152414220658643,-0.6087336941247146,0.07674773163311704,-0.18052653447172817,0.3299605625237884,0.001386349184727423,-0.008304506710563321,0.8272897800336729,-0.18725,-0.1886,-0.2117,Medium,Medium,Medium
21,44,132500,135000,133.120052,133.40517,103.012098,-0.032096,-0.030162,-0.110777,-0.005383,-0.0053,-0.00715,1.6071257976734206,1.6174020087055763,0.3934373577544424,-0.3847294820536318,-0.350402505620169,-0.08036261378850205,0.0019597290318138436,-0.007788082525661852,0.8274199354973114,-0.225617,-0.22695,-0.2288,Medium,Medium,Medium
21,45,135500,138000,113.9032,94.862784,83.97599,0.000361,0.016726,-0.143507,-0.006291,-0.006364,-0.007508,0.695264323675891,-0.19969287245811185,-0.5082830552854704,0.0429370777679371,0.24902137571698435,-0.3420209849980501,0.0012800568370952149,-0.008489839017022214,0.8272407214358399,-0.203017,-0.20505,-0.2229,Medium,Medium,Medium
21,46,138500,141000,108.484678,91.678395,88.740072,-0.00751,-0.016548,-0.054458,-0.004857,-0.004734,-0.006342,0.4381492947519006,-0.3498220562490161,-0.28261350199253804,-0.06077440180058644,-0.17635889700977816,0.36987685483815663,0.0023534598406486436,-0.00741477973044572,0.827824418630465,-0.129167,-0.1292,-0.1651,Medium,Medium,Medium
21,47,141500,144000,102.909131,105.198611,91.140781,0.01153,0.010879,-0.023744,-0.002558,-0.002634,-0.004573,0.17358325106469796,0.2875934707976854,-0.16889444182180136,0.1901043392722999,0.17427236884575215,0.6154184134489131,0.004074347919567287,-0.006029734023813426,0.828709976381144,-0.050333,-0.04905,-0.0795,Medium,Medium,Medium
21,48,144500,147000,115.407967,108.801347,89.192986,-0.000991,-0.01271,-0.14795,-0.004229,-0.003942,-0.005767,0.7666672285139384,0.457445776874018,-0.26115944220512954,0.02512257892704728,-0.12729327560191275,-0.3775403294308036,0.0028235414907403825,-0.006892419635372969,0.8281122624442808,-0.006767,-0.0046,-0.0019,Medium,Medium,Medium
21,49,147500,150000,122.858183,120.901157,86.564413,0.010507,-0.039023,-0.202883,-0.003515,-0.003398,-0.005139,1.1201884474607242,1.0278957436729907,-0.38567218037963275,0.1766248775014195,-0.46368298276844827,-0.8166994893957932,0.003357997379538952,-0.006533626842797746,0.8284266379487616,-0.011867,-0.01125,-0.0221,Medium,Medium,Medium
21,50,150500,153000,126.808116,121.701527,89.020772,-0.027081,-0.017784,-0.093649,-0.002427,-0.002422,-0.003879,1.3076172587754749,1.0656294799818167,-0.269317038243735,-0.3186498136460412,-0.19216012370600583,0.056566337695675796,0.0041724063529462955,-0.005889910362001023,0.8290573913494713,-0.040717,-0.04085,-0.0539,Medium,Medium,Medium
21,51,153500,156000,115.027604,106.089447,77.619664,0.011734,-0.000527,-0.053067,-0.001603,-0.001689,-0.004371,0.7486185717498584,0.3295922597558041,-0.8093755320741256,0.1927923257837951,0.028456194333476684,0.3809971357532951,0.004789201384276858,-0.005406463455828895,0.8288110971644324,-0.066117,-0.0672,-0.071,Medium,Medium,Medium
21,52,156500,159000,91.202354,95.889152,75.400136,-0.031769,-0.045402,-0.074766,-0.002504,-0.00258,-0.003563,-0.38191662638559337,-0.15130437780211944,-0.9145122388480968,-0.38042079779255855,-0.545233164884335,0.2075255501475516,0.004114768953173901,-0.005994118562785739,0.8292155802975858,-0.064317,-0.0657,-0.0707,Medium,Medium,Medium
21,53,159500,162000,111.781745,104.559498,78.534031,0.002102,-0.005779,-0.031046,-0.002134,-0.002377,-0.00437,0.5945988721586795,0.2574622547181941,-0.7660629290509622,0.06587719794692319,-0.038686234961497076,0.5570429344824567,0.004391727887145148,-0.005860230811144617,0.8288115977623693,-0.022417,-0.02405,-0.0472,Medium,Medium,Medium
21,54,162500,165000,170.175886,173.483086,156.684508,0.016388,0.026056,-0.045443,-0.001112,-0.000773,-0.002379,3.3654672477427554,3.5068900131925913,2.9358429647223976,0.2541153121783966,0.3682976257783143,0.4419468278431697,0.005156733375033296,-0.00480231970950738,0.8298082882550781,0.063133,0.06155,0.0207,High,High,Medium
21,55,165500,168000,154.755625,167.058902,96.774194,-0.020688,-0.006682,-0.130718,-0.002452,-0.002595,-0.003942,2.6337583328337675,3.2040195094813355,0.0979544065449134,-0.23441305988138983,-0.050230335047818715,-0.23977995507446595,0.004153692911461752,-0.006004011746404541,0.8290258536794358,0.189883,0.1892,0.1309,High,High,High
21,56,168500,171000,125.411188,132.072546,77.228112,0.01329,0.046477,-0.25441,0.220555,-0.013536,-0.228444,1.2413314370837418,1.554574962945724,-0.8279229384644764,0.2132948111361801,0.6293630386939005,-1.2286295502975464,0.17108283071720762,-0.013220099877958786,0.7166406156110798,0.34035,0.3408,0.2763,High,High,High
21,57,171500,174000,118.381041,104.080534,95.244537,0.083566,0.077469,-0.045817,-0.133645,-0.129388,-0.18552,0.9077429697406352,0.23488132180289165,0.025496163407745114,1.139279811537344,1.025569849187013,0.43895690328367165,-0.09404920823580816,-0.08962977378498946,0.7381282814619236,0.47255,0.4753,0.4263,High,High,High
21,58,174500,177000,88.572739,87.865858,84.999273,-0.058902,-0.050994,-0.104446,-0.060796,-0.057694,-0.089585,-0.5066948476023679,-0.5295655071850103,-0.45981121590439905,-0.7379361802258897,-0.6167222099371708,-0.02974974644576909,-0.03951898828750706,-0.04234431336056298,0.786153144554848,0.537767,0.54055,0.5229,High,High,High
21,59,177500,180000,138.909158,149.015667,100.118426,0.030702,-0.032933,-0.120776,-0.022736,-0.022175,-0.032934,1.881825458694276,2.353364597817759,0.2563671587913967,0.4427223657349772,-0.385827424046744,-0.16029912627625853,-0.01102964497143766,-0.018917914096814207,0.8145125182878679,0.535433,0.53625,0.5241,High,High,High
21,60,180500,183000,153.767482,151.602673,137.368788,-0.014924,-0.02547,-0.223492,-0.008057,-0.009265,-0.012427,2.5868698241175454,2.47532994163793,2.020877625349281,-0.15846426452718199,-0.29041920816167377,-0.9814571237452455,-4.186066937295545e-05,-0.010403180728898538,0.8247782801833868,0.497883,0.49885,0.4752,High,High,High
21,61,183500,186000,95.700002,108.580074,110.701107,-0.024661,-0.021137,-0.104645,0.383222,0.001033,-0.469347,-0.1684981156533443,0.4470137803795676,0.7576576264851937,-0.2867629148332058,-0.23502542557692108,-0.03134064213384429,0.29284520615585874,-0.003611180401803608,0.5960450707768193,0.434117,0.4354,0.4005,High,High,High
21,62,186500,189000,104.989014,91.471015,86.206897,0.103349,0.086519,-0.144738,-0.262379,-0.254,-0.378147,0.27227606392095566,-0.35959906217842913,-0.4026073372503744,1.3999486211300387,1.1412665333301037,-0.35186215380217345,-0.1904114552786583,-0.17181706692540058,0.6416996026377118,0.341217,0.3416,0.2968,High,High,High
21,63,189500,192000,79.666204,78.413676,76.530612,-0.130206,-0.132705,-0.223412,-0.093725,-0.090421,-0.138713,-0.9293200587092961,-0.9751920838071108,-0.8609627798067997,-1.6774665244202742,-1.6613290340273459,-0.9808175676897379,-0.06416758487328869,-0.06392926138006538,0.7615597691024146,0.234,0.2337,0.1901,High,High,High
21,64,192500,195000,97.828092,98.365457,93.196793,0.06212,0.012581,-0.169073,-0.033763,-0.032969,-0.048586,-0.06751782584316082,-0.03455807310525747,-0.07150331597533037,0.856698641314176,0.1960310159630494,-0.5464071114368924,-0.019283769741440217,-0.026037049028904195,0.8066771593768297,0.137633,0.13685,0.1035,High,High,High
21,65,195500,198000,104.235714,102.170038,101.645525,-0.031289,-0.034445,-0.105188,0.131667,-0.017163,-0.156691,0.23653112253501293,0.14481028930159054,0.32870423215916933,-0.37409612364786393,-0.4051570800052362,-0.03568162886060216,0.10454681525008265,-0.015612271676985133,0.7525600193897489,0.064067,0.0628,0.0403,High,High,High
21,66,198500,201000,123.788105,125.182603,85.756614,0.042166,0.027068,-0.104292,-0.091611,-0.089449,-0.131985,1.1643143035386467,1.2297460808726326,-0.4239367693351708,0.5937766665574336,0.3812351997399505,-0.028518601038916944,-0.06258517626135567,-0.063288183081567,0.7649277920230296,0.021017,0.0196,0.0126,Medium,Medium,Medium
21,67,201500,204000,132.843628,139.524718,87.093545,-0.057248,-0.062339,-0.12525,0.154588,-0.075016,-0.268998,1.594009164621957,1.9059103368053338,-0.36060775410128637,-0.7161424072356295,-0.7617585504458299,-0.19606629868052128,0.12170404694077173,-0.05376896180355563,0.6963393668710949,0.02215,0.0197,0.0123,Medium,Medium,Medium
21,68,204500,207000,85.308165,85.559604,79.997718,0.063929,0.063273,-0.087775,-0.132454,-0.126547,-0.191916,-0.661602595219616,-0.6382946953069729,-0.6967296154239773,0.8805347569969937,0.844085857132282,0.10352574107132147,-0.09315769988348448,-0.08775600480758834,0.7349264570564162,0.082683,0.081,0.0486,High,High,High
21,69,207500,210000,88.57549,87.686519,80.428954,0.028545,-0.019612,-0.135032,-0.047897,-0.04604,-0.070317,-0.5065643095249049,-0.5380205099161077,-0.6763024196948041,0.4143008612972558,-0.21552957548651078,-0.27426801536771356,-0.02986360101914187,-0.03465796923432834,0.7957986656063357,0.184667,0.18475,0.1384,High,High,High
21,70,210500,213000,90.24583,92.331019,77.49128,-0.051256,-0.113596,-0.153319,-0.01925,-0.0187,-0.027417,-0.4273047776058877,-0.3190538591341676,-0.8154569471148321,-0.6371893916626918,-1.4170364442715095,-0.42046253520605775,-0.00842024269083288,-0.016625993225125056,0.8172743171066896,0.2885,0.28955,0.2485,High,High,High
21,71,213500,216000,122.268946,127.156289,72.339953,-0.017078,-0.067358,-0.21252,-0.008674,-0.009134,-0.009882,1.0922284819391144,1.3227962290296367,-1.0594698887383858,-0.18684623975149905,-0.8259222695302687,-0.8937420107323777,-0.0005037084052114946,-0.010316780258627666,0.826052301933233,0.366483,0.36735,0.3387,High,High,High
21,72,216500,219000,108.41045,102.352859,95.748545,0.016321,-0.008022,-0.062939,0.007291,-0.006236,-0.01424,0.43462709176611014,0.15342945219589627,0.04937049223249329,0.25323249307903295,-0.06736111479939237,0.30207591850365695,0.01144669532681814,-0.008405417183475103,0.8238706961234767,0.421267,0.42185,0.4009,High,High,High
21,73,219500,222000,126.568036,126.343896,162.162162,-0.017585,-0.075016,-0.1922,-0.008027,-0.008683,-0.010198,1.2962251898415351,1.2844956639895477,3.195313673092498,-0.19352667681683275,-0.9238233973941127,-0.7312947726334467,-1.940453959150257e-05,-0.010019325204489017,0.8258941129851185,0.458933,0.4597,0.4465,High,High,High
21,74,222500,225000,99.646613,99.494143,39.708802,-0.055517,-0.052559,-0.118074,-0.00281,-0.002742,-0.004801,0.018773062984804658,0.01865424107376342,-2.6051731888923753,-0.6933340511013245,-0.6367294265873296,-0.13869812050148927,0.0038857164294030856,-0.006100964945868801,0.8285958400514917,0.473883,0.4742,0.4719,High,High,High
21,75,225500,228000,76.062098,75.359969,74.165637,-0.046341,-0.047045,-0.099721,-0.002606,-0.00246,-0.003331,-1.100338985722073,-1.1191602169235635,-0.9729891579839496,-0.5724273637019125,-0.5662375463260033,0.00802403308264866,0.004038418111916963,-0.005914973093835322,0.8293317190189863,0.469383,0.46955,0.4655,High,High,High
21,76,228500,231000,82.036873,82.523173,78.125,0.032829,0.025578,-0.042898,-0.002754,-0.002538,-0.004054,-0.8168291195741945,-0.7814483450863802,-0.7854382972862195,0.47074857803865516,0.36218679538932014,0.4622927048590053,0.0039276345383284636,-0.005966417648653092,0.8289697867104838,0.46035,0.4601,0.4575,High,High,High
21,77,231500,234000,77.438998,77.682691,73.800738,0.002041,0.009509,-0.071437,-0.002255,-0.002349,-0.002659,-1.035003515399088,-1.0096546389200043,-0.9902740397989644,0.06507343727436825,0.15675806417436713,0.23413907650736174,0.004301154830359957,-0.005841763535056186,0.8296681208326981,0.454533,0.45455,0.4524,High,High,High
21,78,234500,237000,73.597448,73.006436,71.323034,-0.019203,-0.028781,-0.122782,-0.001402,-0.001445,-0.002158,-1.2172894301490798,-1.2301183907883013,-1.1076402721333594,-0.21484609924624087,-0.3327475751448532,-0.17633599436811176,0.004939657453812589,-0.005245534335629715,0.8299189203991707,0.4491,0.44915,0.4466,High,High,High
21,79,237500,240000,76.207476,75.771592,71.856287,-0.012865,0.022475,-0.172754,-0.001899,-0.0019,-0.00287,-1.093440634349704,-1.0997541000767956,-1.0823806384196422,-0.1313340477273357,0.3225175345168328,-0.5758346844409359,0.00456763423709986,-0.00554562757206671,0.8295624946679762,0.44145,0.44145,0.4377,High,High,High
21,80,240500,243000,82.566864,84.29682,70.838253,0.03345,0.046031,-0.067581,-0.001443,-0.001225,-0.002335,-0.7916804441061511,-0.6978291087295203,-1.130603838191816,0.47893112521335385,0.6236613015527052,0.2649656783828282,0.0049089674097779375,-0.005100434309220616,0.8298303145643092,0.436183,0.436,0.4354,High,High,High
21,81,243500,246000,72.007874,70.853874,69.93007,-0.046777,-0.050681,-0.071747,-0.001671,-0.001536,-0.00301,-1.2927165235496092,-1.3316017133721043,-1.1736235116395513,-0.5781722760500101,-0.612720766607139,0.23166079679226975,0.004738300823438899,-0.005305552982917113,0.8294924109567862,0.450167,0.4487,0.4395,High,High,High
21,82,246500,249000,82.804643,80.950408,78.636959,-0.025237,-0.006877,-0.123587,-0.001864,-0.002798,-0.003586,-0.7803975602380929,-0.8555969260998497,-0.7611873379546427,-0.29435252380683935,-0.0527232470265925,-0.182771527176657,0.004593833055178221,-0.006137899498045663,0.8292040665450331,0.4972,0.4968,0.4727,High,High,High
21,83,249500,252000,76.933061,75.797987,66.298343,0.035976,0.037455,-0.029211,-0.001644,-0.002196,-0.003892,-1.0590108012214428,-1.0985096981503468,-1.3456545996375917,0.5122147228998093,0.5140243111426338,0.5717127515056624,0.004758511340242206,-0.005740853062144405,0.8290508835762893,0.55545,0.55665,0.5329,High,High,High
21,84,252500,255000,76.10292,73.202947,69.605568,-0.009559,-0.01069,-0.104836,-0.002129,-0.002059,-0.003577,-1.098401935413754,-1.220853807838186,-1.188994830055704,-0.08777285455575155,-0.10146926433461514,-0.032867582216368665,0.004395470575442057,-0.005650495318426013,0.8292085719264668,0.576283,0.5788,0.5809,High,High,High
21,85,255500,258000,97.460641,97.930083,93.14639,0.033867,0.057185,-0.110158,-0.001202,-0.001221,-0.001564,-0.08495379352828786,-0.05508393953168417,-0.07389085306949128,0.4844256858765573,0.7662558667385653,-0.07541404880901202,0.005089364985688939,-0.005097796126922269,0.8302162755737912,0.507883,0.51235,0.4506,High,High,High
21,86,258500,261000,96.368132,95.768155,94.994246,-0.026169,-0.020481,-0.052902,0.000368,0.000405,-0.000255,-0.13679458759255816,-0.15700882561020707,0.013640142003571326,-0.30663293277112147,-0.2266390139970462,0.38231622011777955,0.006264569110918287,-0.004025375022644122,0.8308715582734173,0.330117,0.3319,0.2356,High,High,High
21,87,261500,264000,122.069859,106.824301,100.671141,0.001102,0.037195,-0.212631,0.000411,0.00078,-0.001713,1.082781577457894,0.3642372202884151,0.28254868697422486,0.05270079347880941,0.5107004285042687,-0.8946293947593944,0.006296756230271702,-0.00377804543217407,0.8301416864811675,0.097167,0.0958,0.0023,High,High,Medium
21,88,264500,267000,92.283691,91.758651,87.901965,-0.035595,-0.036894,-0.13731,-0.001723,-0.001741,-0.002244,-0.3306059564221638,-0.3460383577830549,-0.32231374902894044,-0.4308337212875619,-0.43646549762583614,-0.29247937404829233,0.004699376865151048,-0.005440759825707409,0.8298758689765827,-0.100183,-0.1038,-0.1598,Medium,Medium,Medium
21,89,267500,270000,97.514589,97.682174,95.582423,-0.019757,0.006219,-0.153082,0.002752,-0.001527,-0.003192,-0.08239389959773026,-0.06677169998570473,0.04150146782608601,-0.2221458273215759,0.1146981646350557,-0.41856785039161637,0.008049082890884377,-0.0052996170727458315,0.8294013021322392,-0.209617,-0.2126,-0.2339,Medium,Medium,Medium
21,90,270500,273000,96.028497,97.517733,87.209302,0.044205,0.052606,-0.027423,-0.001522,-0.001619,-0.002048,-0.1529106544551823,-0.07452433105928258,-0.3551244667690097,0.6206433552679176,0.7077171798113594,0.5860068293462573,0.0048498329346867795,-0.005360295265607818,0.8299739861722486,-0.242017,-0.24245,-0.2439,Medium,Medium,Medium
21,91,273500,276000,79.284438,79.22931,75.376884,-0.031408,-0.029996,-0.167737,0.006141,-0.006938,-0.016526,-0.9474352894183707,-0.9367387206369356,-0.9156136616307373,-0.3756641157795695,-0.34828033439721284,-0.5357265253099154,0.010585877018529127,-0.008868418176835039,0.822726329239332,-0.223017,-0.2244,-0.2379,Medium,Medium,Medium
21,92,276500,279000,100.428923,101.54199,85.191148,-0.024252,-0.036936,-0.077878,-0.007837,-0.007216,-0.010664,0.05589456185064406,0.11520073669306483,-0.4507222989760002,-0.2813737654057473,-0.43700243251357196,0.18264681958830584,0.00012281761569102927,-0.009051771846570172,0.8256608343464432,-0.16965,-0.16965,-0.1951,Medium,Medium,Medium
21,93,279500,282000,146.576974,164.348265,102.089207,0.038192,0.04051,-0.004976,-0.002965,-0.002556,-0.005819,2.2456720450187095,3.0762255369599436,0.3497209818171546,0.5414136352011494,0.5530799321434229,0.7654582640709968,0.003769693092198914,-0.005978289468995655,0.8280862313515531,-0.118283,-0.11625,-0.1347,Medium,Medium,Medium
21,94,282500,285000,146.780966,164.319229,83.682008,-0.009605,-0.029069,-0.204154,-0.002781,-0.002836,-0.005215,2.2553516973261583,3.0748566241228024,-0.5222086734037485,-0.0883789691612848,-0.33642941437504215,-0.8268604362276701,0.003907424021525156,-0.0061629622298799615,0.8283885925055442,-0.117333,-0.1147,-0.1349,Medium,Medium,Medium
21,95,285500,288000,105.148771,96.001236,75.299606,-0.027942,-0.040678,-0.105623,-0.000178,-0.000117,-0.001243,0.2798567151900304,-0.14602013663810928,-0.9192742392067262,-0.32999469789308716,-0.48484077417804106,-0.03915921491242468,0.005855867548895851,-0.004369657812578435,0.8303769675115908,-0.178733,-0.17805,-0.2133,Medium,Medium,Medium
21,96,288500,291000,129.051252,123.066835,100.883382,0.017225,-0.006459,-0.091686,-0.000452,-0.000547,-0.000969,1.414056612075221,1.1299974248727176,0.29260231990087127,0.26514396271820784,-0.047379466477221015,0.07225944440769354,0.005650768230225252,-0.004653262409650761,0.8305141313463484,-0.256783,-0.25825,-0.2827,Medium,Medium,Low
21,97,291500,294000,155.520813,156.342985,129.38642,-0.024274,-0.022895,-0.138027,-0.000534,-0.000328,-0.002006,2.670067373334533,2.6988136841939507,1.642761249354955,-0.28166364630404583,-0.2574999858778662,-0.29821139519577944,0.005589388142155948,-0.004508821928816251,0.8299950112856056,-0.297433,-0.2992,-0.3009,Low,Low,Low
21,98,294500,297000,85.412708,87.984385,71.174377,-0.044424,-0.028513,-0.199154,-0.001134,-0.001071,-0.001817,-0.6566419110203456,-0.5239775084300892,-1.1146819978601348,-0.5471681963365385,-0.32932141919453845,-0.786888182758445,0.005140265546526898,-0.004998864290734248,0.8300896242957121,-0.286367,-0.28715,-0.2975,Low,Low,Low
21,99,297500,300000,124.830257,127.442415,174.927114,0.054657,0.066844,-0.053057,0.004417,0.005263,-0.001619,1.2137656007047735,1.3362857439228721,3.7999760226586305,0.7583631347686427,0.8897381067538265,0.38107708026023357,0.00929539809375499,-0.0008213026213014174,0.8301887426872522,-0.255383,-0.2545,-0.2675,Medium,Medium,Medium
21,100,300500,303000,112.554558,97.539061,75.093867,-0.040929,-0.045875,-0.09128,-0.003074,-0.00449,-0.00504,0.6312697275778945,-0.07351881470060531,-0.9290198792324297,-0.5011166627204808,-0.5512800744533607,0.07550519138939465,0.0036881024873263034,-0.007253850610246538,0.8284761971445317,-0.24045,-0.24025,-0.2433,Medium,Medium,Medium
21,101,303500,306000,102.686669,102.906198,69.519087,0.067729,0.071326,-0.143483,-0.003736,-0.003629,-0.005235,0.16302717625970675,0.17951682168174618,-1.1930913440616189,0.930605093975826,0.9470367297736423,-0.3418291181813979,0.0031925705568155854,-0.006685981870527298,0.8283785805468027,-0.22945,-0.23125,-0.2371,Medium,Medium,Medium
21,102,306500,309000,130.450458,125.712633,120.250029,-0.016416,-0.044878,-0.114033,-0.002479,-0.00235,-0.003008,1.4804505274566881,1.2547345390304432,1.2099800176969853,-0.17812345999360774,-0.5385342629516302,-0.10639254524766145,0.004133482394658445,-0.005842423080630774,0.8294934121526604,-0.167583,-0.1677,-0.2081,Medium,Medium,Medium
22,0,500,3000,91.766485,91.736531,87.082729,-0.128404,-0.135763,-0.23862,-2.67678,-2.427394,-4.638746,-0.3551479691056339,-0.3470812132713307,-0.36112009664459643,-1.6537226435687333,-1.700423007520116,-1.102397173841733,-1.9976815286276144,-1.6052694614589176,-1.4911474674498568,0.218333,0.2198,0.1771,High,High,High
22,1,3500,6000,87.563833,87.575129,86.455331,0.038524,0.052863,-0.04199,-1.346826,-1.296505,-1.733497,-0.5545685842729188,-0.5432720321963533,-0.39083927998293505,0.5457882014845632,0.7110027099577434,0.4695516660890166,-1.0021608743822188,-0.859396626160019,-0.036785811371723584,0.253333,0.25785,0.2207,High,High,High
22,2,6500,9000,84.297986,83.794485,82.014734,0.068938,0.07529,-0.013836,-0.524747,-0.655464,-1.111664,-0.7095367371873721,-0.721511875985532,-0.6011856890799939,0.9465353669777756,0.9977131558447153,0.6946274309235297,-0.3868037838953292,-0.43660087148131815,0.27450250563106476,0.164067,0.1644,0.1225,High,High,High
22,3,9500,12000,91.020182,91.866278,84.713407,-0.105863,-0.088344,-0.293039,0.542639,-0.312214,-0.903105,-0.3905608948870666,-0.34096424351376725,-0.4733523876394022,-1.3567133104529807,-1.094210735102302,-1.5374471861500862,0.4121748342015191,-0.2102118530043969,0.37890671078869476,0.062217,0.0625,0.0179,High,High,Medium
22,4,12500,15000,82.958991,83.258119,77.922078,0.025347,-0.020533,-0.0686,0.645601,-0.201934,-1.309916,-0.773073572168217,-0.7467990471801292,-0.7950504989849536,0.37216271980822796,-0.2273037905247192,0.2568193331258002,0.4892457686867828,-0.1374771670389639,0.1752579634108275,-0.04705,-0.0474,-0.0918,Medium,Medium,Medium
22,5,15500,18000,81.892433,81.932906,78.850342,0.06513,0.068438,0.030587,0.114001,-0.921581,-1.235228,-0.8236829617802024,-0.8092766986351159,-0.7510796096891963,0.8963596187631983,0.9101160641598028,1.0497649140962078,0.09132314895944467,-0.6121171611536352,0.21264662213480046,-0.14605,-0.14715,-0.1811,Medium,Medium,Medium
22,6,18500,21000,88.594768,89.455328,83.916084,0.088909,0.091814,0.036448,1.082602,1.935104,-2.579191,-0.5056495465087916,-0.4546293628382843,-0.5111207394940054,1.2096813406104758,1.2089586816768072,1.0966203896128337,0.8163574743742669,1.2719967885848753,-0.4601384831652051,-0.21745,-0.2183,-0.2398,Medium,Medium,Medium
22,7,21500,24000,77.746412,76.938897,69.47709,0.088267,0.112593,-0.025622,-1.643915,-1.487711,-2.29815,-1.020416371616772,-1.0447210790215662,-1.195080697777538,1.2012220889419467,1.474600825302142,0.6004048350458723,-1.2245431790702834,-0.9855056972944638,-0.3194499383327814,-0.267683,-0.26725,-0.2888,Medium,Medium,Low
22,8,24500,27000,77.099928,76.149826,68.886338,-0.013219,-0.032145,-0.074961,-0.400249,-0.9006,-1.13496,-1.051092772369394,-1.0819221198438624,-1.2230639986415675,-0.13599849490904797,-0.37575350281969927,0.20596663226225184,-0.2936123423776202,-0.5982792354532295,0.26284057608905437,-0.322433,-0.32195,-0.3485,Low,Low,Low
22,9,27500,30000,88.595795,90.53724,78.6129,-0.019199,-0.022355,-0.05548,1.002751,-0.638577,-0.779944,-0.5056008141912512,-0.4036222259923824,-0.7623269874784494,-0.2147933936283684,-0.2505965373212619,0.36170652622904703,0.7565859937349747,-0.4254631253632707,0.44056085331631945,-0.38785,-0.3883,-0.4149,Low,Low,Low
22,10,30500,33000,83.256573,83.688791,80.0,0.053714,0.064642,0.008357,0.839583,0.952343,-0.527034,-0.7589529679633693,-0.72649485826301,-0.696621519484274,0.7459377853552114,0.8615873776396734,0.8720482751720328,0.6344486009289734,0.623821120158371,0.5671670775809937,-0.44515,-0.4458,-0.4639,Low,Low,Low
22,11,33500,36000,77.475061,77.318312,75.662043,-0.007973,0.077486,-0.233098,-1.079625,-1.415826,-2.063576,-1.0332922850510178,-1.0268334201117952,-0.9021059797420843,-0.0668750770693231,1.025787179974906,-1.058251817110321,-0.8021508632577559,-0.9380942636652913,-0.20202267784224429,-0.481767,-0.4823,-0.4925,Low,Low,Low
22,12,36500,39000,87.863731,88.771539,82.980339,-0.0152,-0.017026,-0.044268,3.030838,2.91596,0.574998,-0.5403380832351364,-0.48686684527375207,-0.5554459958909553,-0.16210095216038137,-0.18246972739877235,0.45134030740843756,2.2746854897375295,1.9189160226917918,1.1188420233674297,-0.504283,-0.50445,-0.5119,Low,Low,Low
22,13,39500,42000,86.092526,86.828186,79.820659,0.084441,0.065585,0.008718,0.471426,0.182742,-1.948964,-0.6243837740721054,-0.5784869330543607,-0.7051167140164224,1.1508091654469434,0.8736428442857435,0.8749342718725108,0.3588692218639666,0.11623418641079035,-0.14464814707864126,-0.522767,-0.5228,-0.5307,Low,Low,Low
22,14,42500,45000,75.109058,74.636138,72.861953,-0.147077,-0.1265,-0.380116,0.453472,0.316643,-1.321631,-1.1455618171815964,-1.1532854940905661,-1.034743297798324,-1.8997656442018223,-1.582003296446365,-2.233579969218031,0.34542997672742665,0.2045479983935383,0.16939345857803856,-0.541983,-0.54195,-0.5501,Low,Low,Low
22,15,45500,48000,76.912089,76.719435,74.074074,-0.239152,-0.243008,-0.385078,-2.604283,-3.039651,-4.09869,-1.060005946463373,-1.0550676952588156,-0.977326400984419,-3.112983085603398,-3.0714606750257256,-2.2732484335608896,-1.9434147939354158,-2.009080856318712,-1.2207965479469391,-0.5617,-0.562,-0.5693,Low,Low,Low
22,16,48500,51000,88.734193,88.464368,82.304527,0.062544,0.061905,0.016233,0.347418,-0.415776,-2.809786,-0.49903367175406543,-0.5013485343871855,-0.5874584994855628,0.8622854368086561,0.8265971207888845,0.9350125688367562,0.26604456379935454,-0.2785157117997557,-0.5755738644641358,-0.57565,-0.57635,-0.5779,Low,Low,Low
22,17,51500,54000,80.649783,78.967813,69.044879,0.060567,0.058268,-0.027903,-1.409072,-1.549044,-2.2034,-0.8826481169816385,-0.9490670923194684,-1.2155540782311685,0.8362356851751953,0.780101116343755,0.5821694930132116,-1.048754349528095,-1.0259576060205964,-0.27201828379528614,-0.56995,-0.5715,-0.5773,Low,Low,Low
22,18,54500,57000,87.359383,89.539933,74.345403,-0.048108,-0.020689,-0.219673,3.568075,3.730714,0.829847,-0.5642699692010434,-0.4506406291770918,-0.9644738316488325,-0.5957100703970696,-0.22929812010773823,-0.9509263165454513,2.6768276162508027,2.4562834177686903,1.246418907032085,-0.523867,-0.52535,-0.5505,Low,Low,Low
22,19,57500,60000,70.505852,69.291541,62.072775,0.097128,0.099286,0.019835,-1.614937,-1.366278,-3.911887,-1.3639891750170148,-1.4052584739310674,-1.545815311180531,1.317978208933903,1.3044819550378208,0.9638085802359861,-1.2028520547767192,-0.9054150995356642,-1.12728335150823,-0.441667,-0.4417,-0.4792,Low,Low,Low
22,20,60500,63000,73.916292,72.833818,64.585576,-0.097808,-0.087806,-0.257859,0.208855,0.781775,-3.643712,-1.202159919872617,-1.2382565295168355,-1.4267865708725276,-1.2505773724623244,-1.0873328548736851,-1.2562024107406178,0.16232494010244117,0.5113237505922487,-0.9930354997341637,-0.360117,-0.3583,-0.3897,Low,Low,Low
22,21,63500,66000,82.131009,83.04714,75.0,0.071202,0.071595,0.007545,-2.404736,-2.346285,-3.098613,-0.8123622593560778,-0.7567457292805322,-0.9334662602894619,0.9763667466935853,0.9504756698879507,0.8655567812086306,-1.7940463496187657,-1.5517743794497563,-0.7201600648345959,-0.322117,-0.3206,-0.3289,Low,Low,Low
22,22,66500,69000,80.54632,83.161284,70.285267,0.086688,0.092304,0.028182,2.077214,2.635573,-1.796837,-0.887557553953116,-0.7513643686632746,-1.156798203359595,1.180416546286795,1.2152229220337258,1.0305382601775106,1.5608620128472679,1.733988017670121,-0.06849368470581263,-0.336533,-0.3348,-0.3543,Low,Low,Low
22,23,69500,72000,71.667595,72.125897,65.430752,0.02612,0.042502,-0.049398,0.954211,1.587187,-2.48018,-1.3088631489443616,-1.2716317239162762,-1.3867514727415746,0.3823480804620799,0.5785459868188966,0.4103287753490126,0.7202519757485847,1.0425296709113574,-0.4105737808178497,-0.39155,-0.3908,-0.4214,Low,Low,Low
22,24,72500,75000,72.59479,73.075061,69.64336,0.007259,0.022599,-0.068553,-1.743879,-1.874814,-3.968385,-1.264866692116618,-1.2268830400702664,-1.1872046627668023,0.13382791578898595,0.3241027708520531,0.2571950723084108,-1.2993699976527207,-1.2408177678537402,-1.155566133756878,-0.46975,-0.4696,-0.5052,Low,Low,Low
22,25,75500,78000,69.508211,66.7602,63.897764,0.049089,0.021706,-0.054075,1.662629,2.110269,-2.269613,-1.411328374630998,-1.5245994709720851,-1.4593675018450671,0.6849969146901852,0.3126865124056685,0.37293872945389933,1.250529527332485,1.3875260891573733,-0.30516437500258087,-0.546367,-0.5486,-0.5677,Low,Low,Low
22,26,78500,81000,83.65429,83.230872,82.05553,-0.138475,-0.129957,-0.264495,0.933627,0.499773,-2.259482,-0.7400808441704673,-0.7480836169581145,-0.5992532254708162,-1.786422212967107,-1.626198151372626,-1.3092535855449734,0.7048440765678707,0.3253305794676201,-0.30009281730211274,-0.557283,-0.5629,-0.5704,Low,Low,Low
22,27,81500,84000,79.974787,79.941948,77.120823,-0.220323,-0.183354,-0.464423,1.240323,1.379898,-0.835651,-0.9146774445480074,-0.9031411415477032,-0.8330051055437256,-2.8648845658732838,-2.3088341561448487,-2.907568123864024,0.9344175825496158,0.9058131283008329,0.4126740440358947,-0.440767,-0.44535,-0.5107,Low,Low,Low
22,28,84500,87000,65.935708,64.420622,61.47541,0.028188,0.00197,-0.002882,-1.625102,-1.556724,-2.688455,-1.580847703366037,-1.6348997312591154,-1.5741118628987494,0.4095968849021392,0.06037825182577476,0.7821986438239084,-1.2104609400843345,-1.031022916033423,-0.5148358161613514,-0.232383,-0.2307,-0.3232,Medium,Medium,Low
22,29,87500,90000,69.744564,71.991349,63.977032,0.062769,0.087567,-0.075925,0.902316,0.54749,-0.146395,-1.4001131560840823,-1.2779750385743465,-1.455612660062238,0.8652501278139818,1.1546643371955136,0.19825998179338516,0.6814066139149687,0.3568021156501788,0.7577141757498338,-0.064267,-0.0597,-0.1154,Medium,Medium,Medium
22,30,90500,93000,68.584914,68.883314,65.430752,-0.03764,-0.057553,-0.15017,-1.692707,-1.604865,-2.692037,-1.4551398669273168,-1.4245044851160729,-1.3867514727415746,-0.45777946842485456,-0.7005735415719258,-0.3952880099711396,-1.2610658285468377,-1.0627740995396064,-0.5166289579719405,-0.024183,-0.0211,-0.0381,Medium,Medium,Medium
22,31,93500,96000,74.62954,75.494875,65.900645,0.040269,0.029037,-0.090137,0.535649,0.773746,-1.742908,-1.1683154914196217,-1.1128000242245892,-1.3644931355833403,0.5687810272814217,0.4064072186435688,0.08464284853245958,0.4069425559624407,0.5060282591738912,-0.04149693855750045,-0.082667,-0.0819,-0.1186,Medium,Medium,Medium
22,32,96500,99000,69.022525,68.303305,63.357973,0.043265,0.034435,-0.070499,0.616691,0.176385,-1.506694,-1.4343747274810883,-1.451849221503926,-1.4849368337418618,0.6082575350678906,0.47541613588162446,0.24163787125818834,0.46760554495405643,0.11204145519314203,0.07675130254983321,-0.17075,-0.17105,-0.2067,Medium,Medium,Medium
22,33,99500,102000,67.610988,67.643551,66.889632,0.043904,0.052819,-0.052443,-1.897882,-2.15758,-2.956646,-1.5013537628310014,-1.4829535650758898,-1.3176458616483997,0.6166772575230153,0.71044020674202,0.3859856729862544,-1.4146470428104883,-1.427314831797353,-0.6490916775024107,-0.251167,-0.25145,-0.2813,Medium,Medium,Low
22,34,102500,105000,70.268502,70.542664,67.314735,0.036355,0.036187,-0.0128,-1.097221,-1.84391,-2.316284,-1.3752517023473663,-1.3462738226174156,-1.2975091796782985,0.5172085801932244,0.4978139911986073,0.7029096818423533,-0.8153221319122371,-1.2204351714167097,-0.32852778132363025,-0.317717,-0.3184,-0.3419,Low,Low,Low
22,35,105500,108000,81.510902,83.143588,72.90401,-0.009499,-0.020993,-0.056512,3.173099,2.490265,1.269786,-0.8417870414721179,-0.7521986530538952,-1.0327511019455151,-0.08698227028766474,-0.2331845059618266,0.35345625311299894,2.3811732056988366,1.6381507693180613,1.4666514628692466,-0.3682,-0.369,-0.3839,Low,Low,Low
22,36,108500,111000,73.086906,71.969186,68.649886,-0.029917,-0.069097,-0.101786,0.528111,0.144821,-0.293776,-1.2415152284566096,-1.2790199213133455,-1.2342644811721413,-0.35601809671761186,-0.8481539307153334,-0.008484507600141323,0.40130007908602106,0.09122355867688409,0.683935551186345,-0.395283,-0.39625,-0.3998,Low,Low,Low
22,37,111500,114000,73.293383,73.757933,71.032636,-0.0405,-0.028302,-0.156055,0.150019,-0.000191,-0.659435,-1.2317176600740984,-1.1946887899351037,-1.1213961199414288,-0.49546398520366,-0.32662396059186527,-0.4423353523044177,0.11828397837505653,-0.0044184641850978585,0.5008874101148313,-0.394033,-0.3947,-0.3992,Low,Low,Low
22,38,114500,117000,72.964543,72.720938,71.599045,0.001895,-0.018303,-0.079299,0.193596,0.043845,-2.639573,-1.247321491914472,-1.2435782983919057,-1.0945659213824834,0.06314968222202363,-0.19879510481874216,0.17128670515235211,0.15090300395793502,0.02462528473740674,-0.4903655878014377,-0.364,-0.3657,-0.3823,Low,Low,Low
22,39,117500,120000,82.412901,83.275583,76.784547,-0.006676,0.007232,-0.168063,-1.338273,-1.347859,-3.841895,-0.798986163488341,-0.7459757005143403,-0.8489341459555266,-0.049785280474179544,0.1276485227606856,-0.5383327162361088,-0.9957586317815267,-0.8932669295973498,-1.092245500696743,-0.28485,-0.28725,-0.3288,Low,Low,Low
22,40,120500,123000,68.186295,68.605166,64.199526,0.017322,0.021216,-0.042146,0.350608,0.638642,-2.660201,-1.4740547916456535,-1.4376178742821177,-1.445073353310096,0.2664220739516149,0.3064222720487498,0.46830453178077674,0.2684323989327823,0.4169210138649153,-0.500691922047342,-0.1368,-0.13875,-0.2099,Medium,Medium,Medium
22,41,123500,126000,62.355623,62.630564,60.0,-0.072942,-0.072419,-0.200684,-3.169976,-2.729738,-5.138853,-1.7507268066206414,-1.7192926702117297,-1.6440004827050256,-0.9229328989582072,-0.8906229235024434,-0.7991196923200279,-2.366857308084056,-1.804679108661791,-1.7414999999647176,0.05715,0.0584,-0.0257,High,High,Medium
22,42,126500,129000,76.93975,78.282281,65.583133,-0.073461,-0.015996,-0.298878,1.74811,2.118923,-2.180042,-1.0586934005670807,-0.9813867491272728,-1.3795333450518472,-0.9297714528771581,-0.1693020384852493,-1.5841267837514472,1.3145152749940965,1.3932337965598476,-0.2603253171811773,0.225633,0.2288,0.1659,High,High,High
22,43,129500,132000,89.17731,88.746242,85.962107,0.041173,0.04458,-0.071193,1.368006,1.246767,0.370109,-0.478007266348364,-0.48805948158871226,-0.41420278207071454,0.5806924969205965,0.6051114795978295,0.23608972247665988,1.0299931165124558,0.8180071664105167,1.016275012638851,0.316833,0.3194,0.2921,High,High,High
22,44,132500,135000,72.758327,73.096298,61.750865,0.063918,0.048274,-0.010311,-1.446857,-1.338603,-3.991452,-1.2571066755502667,-1.2258818139398637,-1.5610638492830509,0.8803898165478444,0.6523361813906005,0.7228078696193335,-1.0770378449878346,-0.8871621757589744,-1.167113426371299,0.33925,0.33955,0.3369,High,High,High
22,45,135500,138000,61.979147,59.940078,58.651026,0.038952,0.047899,-0.098729,0.227792,0.819662,-3.611592,-1.768591020815802,-1.8461366164698199,-1.707899962181613,0.5514277025969159,0.6475421198929585,0.01595452817094299,0.17649999775815334,0.536311953776619,-0.9769562939954372,0.322117,0.32345,0.3071,High,High,High
22,46,138500,141000,75.193178,75.597152,70.8867,0.00208,0.012398,-0.157449,-0.822534,-1.492413,-2.80652,-1.1415702275501276,-1.1079781376615523,-1.1283089547602576,0.06558731704862468,0.1936915139522002,-0.4534796165716377,-0.6097085678696423,-0.988606880586171,-0.5739389116016613,0.270567,0.27205,0.2387,High,High,High
22,47,141500,144000,70.257418,70.497164,67.619645,0.021249,0.018865,-0.049279,0.961747,1.263711,-1.665438,-1.375777650748165,-1.3484189367546917,-1.2830659136945162,0.3181658142978977,0.27636670249953366,0.41128011498158007,0.7258929555496855,0.8291825066263157,-0.002715616372595521,0.183717,0.18405,0.1427,High,High,High
22,48,144500,147000,68.252662,67.140657,67.039106,0.03454,0.042433,-0.041094,-2.18766,-2.401223,-3.317825,-1.4709056020466083,-1.5066626865913022,-1.3105654354909768,0.4932934060835979,0.5776638795033305,0.47671469391070176,-1.631556788670813,-1.588008494226406,-0.8298971398158455,0.08905,0.08825,0.0535,High,High,High
22,49,147500,150000,67.953106,67.405952,66.666667,-0.052296,-0.044846,-0.199725,-1.156322,-1.149859,-1.587128,-1.4851198747955892,-1.4941552568100138,-1.3282074791751255,-0.6508928523095301,-0.5381251697038314,-0.7914530141046306,-0.859561456119358,-0.7626769058291621,0.03648620807944919,0.01345,0.0126,-0.0117,Medium,Medium,Medium
22,50,150500,153000,78.461387,76.392449,71.976423,0.003967,0.026398,-0.288331,2.443352,2.659714,-0.648244,-0.9864899950504448,-1.070483569792691,-1.0766899224633677,0.09045119227995539,0.37266980986416376,-1.499809312283464,1.834930094377983,1.749910107386221,0.5064896016285949,-0.04245,-0.04235,-0.0645,Medium,Medium,Medium
22,51,153500,156000,80.977027,82.701151,66.006601,0.07881,0.093003,-0.020751,-1.677238,-2.362922,-3.170059,-0.8671200171556704,-0.7730575071979385,-1.359474111311989,1.076612831886995,1.2241590526653303,0.6393458043755913,-1.2494866994938614,-1.562747239174157,-0.7559257850465843,-0.098117,-0.09785,-0.1233,Medium,Medium,Medium
22,52,156500,159000,67.295544,65.468929,64.724919,-0.002722,-0.02585,-0.09955,-0.373799,-0.661446,-1.903772,-1.5163219392421885,-1.58547691442603,-1.420186039528924,0.002314222792742328,-0.29527719047928425,0.009391084151296197,-0.2738135212869729,-0.4405462731084964,-0.12202512510652018,-0.161067,-0.1609,-0.1885,Medium,Medium,Medium
22,53,159500,162000,78.099709,79.31543,72.815534,-0.003599,0.005001,-0.064675,-0.777244,-0.978121,-1.153356,-1.0036520273225609,-0.9326785617467769,-1.036942117003011,-0.009241483925793458,0.09912705289071487,0.28819755209914194,-0.5758072972762429,-0.6494078679407733,0.2536315764386928,-0.22645,-0.2269,-0.2521,Medium,Medium,Medium
22,54,162500,165000,84.362319,87.998566,72.078648,-0.043225,-0.028116,-0.182089,4.775291,5.57795,0.901877,-0.7064840632006709,-0.5233089399997443,-1.0718476317376053,-0.53136968737927,-0.32424610608903487,-0.6504628816679794,3.580474255259001,3.6746197467861244,1.282476976439323,-0.281383,-0.282,-0.3,Low,Low,Low
22,55,165500,168000,74.838454,73.678872,63.291139,-0.128406,-0.053007,-0.399442,-1.190881,-0.427824,-3.976368,-1.1584022846166182,-1.1984161496891075,-1.4881026900232566,-1.6537489963776695,-0.6424567320565124,-2.38808072332728,-0.8854301690899318,-0.28646191688237754,-1.159562407088517,-0.3198,-0.3204,-0.3315,Low,Low,Low
22,56,168500,171000,68.751063,67.367177,62.893082,0.049872,0.057033,-0.050568,1.776323,2.523383,-3.980383,-1.4472559079915235,-1.495983318363264,-1.5069582314213947,0.6953140393887183,0.764312673811521,0.40097526803721384,1.3356337679782337,1.659993599657227,-1.1615723078058577,-0.3429,-0.34305,-0.3501,Low,Low,Low
22,57,171500,174000,78.116973,78.681451,74.147912,0.032212,0.033207,-0.019855,-1.006223,-0.461864,-3.542061,-1.002832830896055,-0.9625677335189992,-0.9738287725901039,0.462618736481829,0.45971718249734655,0.6465088321972765,-0.7472067019838167,-0.30891284824131243,-0.9421492188329403,-0.359817,-0.35975,-0.3667,Low,Low,Low
22,58,174500,177000,71.860915,73.082041,66.15215,-0.004458,-0.011323,-0.048384,-0.101205,-0.861482,-2.69349,-1.2996898951693312,-1.2265539654179987,-1.3525796082760981,-0.02056001536390319,-0.10956164014263461,0.4184351483525714,-0.06976664656546418,-0.5724791316665427,-0.517356326774505,-0.377717,-0.37735,-0.3867,Low,Low,Low
22,59,177500,180000,69.636766,69.647116,67.965552,0.02252,0.030016,-0.029219,-0.130044,-0.027119,-2.903593,-1.405228293733786,-1.3884947605384979,-1.2666806629429763,0.33491302437687026,0.41892291519341257,0.5716487959001116,-0.09135372412437445,-0.022178707417571376,-0.6225334551469728,-0.401733,-0.4016,-0.4132,Low,Low,Low
22,60,180500,183000,72.416902,69.058955,66.815145,-0.029972,-0.029114,-0.09442,0.415726,-0.478575,-3.415466,-1.2733076799478447,-1.4162238259471656,-1.3211742324900713,-0.3567427989633581,-0.33700470175475916,0.05040261621072121,0.3171756742364031,-0.31993451433823256,-0.8787760229894133,-0.430533,-0.43065,-0.4428,Low,Low,Low
22,61,183500,186000,79.79006,82.41862,65.934066,0.024356,0.02657,-0.044256,1.06686,1.082698,-0.641874,-0.9234429507041223,-0.7863775345016463,-1.36291001796685,0.35910490298032716,0.37486868607108215,0.45143624081676376,0.8045739945402793,0.709796183533634,0.5096784104877384,-0.456417,-0.45685,-0.4645,Low,Low,Low
22,62,186500,189000,62.33397,62.023495,60.728745,0.000743,-0.005024,-0.035443,-2.98558,-3.355312,-4.534192,-1.7517542660867638,-1.7479131601941913,-1.60948059857741,0.04797046427475657,-0.029034191146244746,0.52189133478162,-2.228829957844699,-2.2172736719383574,-1.4388079507373157,-0.47115,-0.4716,-0.4742,Low,Low,Low
22,63,189500,192000,67.514389,66.298373,62.349641,0.010913,0.025084,-0.073075,-0.259483,-2.168572,-2.846957,-1.5059374951991695,-1.5463724737561677,-1.5327004599789773,0.1819744977154737,0.35587141837642655,0.22104416627084356,-0.18824369021708878,-1.4345645567532113,-0.5941815903830091,-0.476333,-0.4762,-0.4782,Low,Low,Low
22,64,192500,195000,88.290978,89.718738,81.91424,0.00567,0.015515,-0.027324,3.161254,3.369494,1.172184,-0.5200647273711781,-0.4422108020712539,-0.6059459841564891,0.11289060908915315,0.23353975312059946,0.5867982799649479,2.37230677712346,2.2180423653164443,1.4177921030152245,-0.482483,-0.4822,-0.4863,Low,Low,Low
22,65,195500,198000,87.532247,86.764109,81.884709,-0.066044,-0.069757,-0.196021,0.815771,0.492571,-0.36306,-0.5560673758813305,-0.5815078666493987,-0.607344836564633,-0.8320420609371584,-0.856591478951183,-0.7618415687346285,0.6166244221837752,0.32058053223944594,0.6492521237143047,-0.493283,-0.4933,-0.4983,Low,Low,Low
22,66,198500,201000,81.452392,81.083646,78.498329,0.020405,0.031006,-0.049127,-2.980801,-3.164859,-5.114561,-0.8445634074889657,-0.8493153718707862,-0.7677540952382076,0.3070449289268096,0.4315792375471871,0.41249527148704457,-2.2252526963705135,-2.0916612386215765,-1.7293394748773843,-0.503483,-0.50365,-0.5065,Low,Low,Low
22,67,201500,204000,81.488129,82.225095,77.220077,0.016576,0.02559,-0.046157,0.510673,0.895908,-4.591713,-0.8428676462115074,-0.7955013413899177,-0.8283035479629499,0.256592476218402,0.3623402053572447,0.43623879004776434,0.38824707938172215,0.5865996656565646,-1.4676028446755878,-0.5068,-0.5071,-0.5073,Low,Low,Low
22,68,204500,207000,80.740283,81.441311,77.222493,0.006212,0.023666,-0.054319,2.464077,2.358907,1.23598,-0.878353789097093,-0.8324531246639992,-0.828189104584193,0.12003222031087081,0.3377434738333434,0.3709880834846011,1.8504435373686696,1.5515141817314875,1.449728249008618,-0.499733,-0.50025,-0.5043,Low,Low,Low
22,69,207500,210000,67.091826,65.410057,62.5,0.007584,0.010431,-0.04108,-1.907436,-1.341414,-4.647867,-1.5259885899381422,-1.588252456392837,-1.5255781123024317,0.13811024724112292,0.1685450633765693,0.47682661622041556,-1.4217985716082213,-0.8890161583691379,-1.495713421233883,-0.481033,-0.4814,-0.4905,Low,Low,Low
22,70,210500,213000,69.104972,68.704597,64.366146,-0.01903,-0.004383,-0.100358,0.413497,-0.372982,-2.62627,-1.4304625236015622,-1.432930163429733,-1.437180739167504,-0.21256658127325714,-0.020839542026275557,0.0029315679906693815,0.3155071837936412,-0.2502911184808879,-0.48370613344457963,-0.450133,-0.45085,-0.4656,Low,Low,Low
22,71,213500,216000,78.935072,80.430255,71.856287,-0.044857,-0.034398,-0.120395,-0.635345,0.455752,-5.408259,-0.9640131032936408,-0.8801197294810915,-1.0823806384196422,-0.5528735794712317,-0.4045562242975317,-0.15725324056190365,-0.46959055194763205,0.2962967237287343,-1.8763640877993182,-0.402717,-0.4034,-0.4246,Low,Low,Low
22,72,216500,219000,68.750061,68.26709,67.95017,-0.069979,-0.069276,-0.217884,-1.225379,-1.258529,-2.915281,-1.4473034540306429,-1.4535565909211006,-1.2674092921035895,-0.883891212519186,-0.8504422960702077,-0.9366242442541625,-0.9112532212632833,-0.8343497234195104,-0.6283844438354608,-0.338983,-0.33925,-0.3683,Low,Low,Low
22,73,219500,222000,79.886379,80.428272,68.027211,-0.008171,-0.001077,-0.065023,3.568116,3.775116,1.560479,-0.9188725046542711,-0.880213218741184,-1.2637599409683153,-0.06948400515400963,0.02142490413693526,0.28541548325768384,2.6768583062948372,2.485568560371494,1.6121717789902814,-0.26845,-0.2677,-0.2968,Medium,Medium,Low
22,74,222500,225000,80.495,80.331101,73.565463,-0.023057,0.009471,-0.154698,-1.583889,-1.393558,-3.757287,-0.8899927462960421,-0.8847943810671894,-1.0014187690775527,-0.26562796206635136,0.1562722659426061,-0.43148688271287,-1.1796114575282346,-0.9234075028103923,-1.049890910437024,-0.2106,-0.20965,-0.2315,Medium,Medium,Medium
22,75,225500,228000,71.794343,71.520928,70.505288,-0.015619,0.000462,-0.114269,0.657715,-0.031475,-3.289395,-1.3028488122514303,-1.3001532086308631,-1.146376040016256,-0.16762186563252104,0.04109973252325754,-0.10827923561140888,0.4983135538925334,-0.02505168794047151,-0.8156651404649115,-0.17805,-0.17695,-0.1867,Medium,Medium,Medium
22,76,228500,231000,78.43388,79.056324,75.18797,-0.009866,-0.025318,-0.113582,-2.544282,-3.783569,-5.773539,-0.9877952334716623,-0.9448942088600304,-0.9245623191036314,-0.09181801072746248,-0.2884760152346296,-0.1027870479847374,-1.8985017858348512,-2.4997286810741794,-2.0592225022526818,-0.170367,-0.17015,-0.1723,Medium,Medium,Medium
22,77,231500,234000,80.136153,77.881238,74.514823,0.017922,0.013492,-0.01555,-0.686763,-2.348402,-3.368747,-0.9070204443997483,-1.0002940680054173,-0.9564485844513894,0.2743279166324831,0.20767738936132077,0.6809249424342795,-0.5080788613177228,-1.5531706374311567,-0.8553885879673845,-0.1837,-0.1831,-0.1944,Medium,Medium,Medium
22,78,234500,237000,92.894216,94.72323,84.536549,-0.056811,-0.027489,-0.165471,1.184265,1.794147,-1.516705,-0.3016358510993805,-0.20627219681664855,-0.48172996507326743,-0.7103843184830638,-0.3162304352649777,-0.5176111000376626,0.8924560584399936,1.1790292230278427,0.07173981660181356,-0.215067,-0.21465,-0.2313,Medium,Medium,Medium
22,79,237500,240000,79.072832,79.006856,74.799091,0.024696,0.030956,-0.026153,-0.074745,0.098366,-2.578185,-0.957476234681763,-0.9472263958082233,-0.9429831082955477,0.36358488049948584,0.4309400293475016,0.5961597817274404,-0.04996034009822309,0.060584369009454,-0.4596348816405116,-0.252917,-0.2533,-0.2669,Medium,Medium,Medium
22,80,240500,243000,77.75818,78.430969,74.59785,0.00845,0.012818,-0.023084,0.918554,0.661162,-3.1778,-1.0198579666383711,-0.9743767989988484,-0.9525156827924235,0.14952101351050945,0.1990608628295591,0.6206947509068508,0.6935613684280095,0.43177398020461016,-0.7598009136774523,-0.281633,-0.28215,-0.2903,Low,Low,Low
22,81,243500,246000,77.139268,77.25759,75.85335,-0.007363,0.014519,-0.108987,-1.900714,-2.186885,-2.915278,-1.04922604464588,-1.0296961810050633,-0.8930439683762402,-0.0588374703437737,0.22080672578286267,-0.06605254704651943,-1.4167669014618574,-1.4466428148606194,-0.6283829420416496,-0.299517,-0.2994,-0.3064,Low,Low,Low
22,82,246500,249000,82.117581,80.655881,79.155673,0.000408,0.00192,-0.057233,2.41129,2.778375,-0.984097,-0.8129994332216435,-0.8694825092099484,-0.7366164013782387,0.04355636877793845,0.059739043626089165,0.3476922541627367,1.8109304799428854,1.828172444812266,0.3383622826694251,-0.319333,-0.31905,-0.3297,Low,Low,Low
22,83,249500,252000,75.334,75.299526,64.072045,0.006814,0.014347,-0.039836,-0.783503,-1.137575,-1.632153,-1.134888063557228,-1.1220098242598135,-1.4511119941906132,0.1279644158006753,0.21860784957594423,0.48677171288355875,-0.5804923944863133,-0.7545750479909379,0.013946785962818991,-0.346517,-0.34645,-0.3588,Low,Low,Low
22,84,252500,255000,69.65178,68.369432,66.740823,-0.044407,-0.034131,-0.103672,0.585373,0.986973,-3.718113,-1.4045158623651828,-1.448731639909296,-1.3246947874552957,-0.5469441974605805,-0.40114285251121073,-0.023562041608733056,0.44416284253753885,0.6466611834063121,-1.0302804868501971,-0.37315,-0.3738,-0.3812,Low,Low,Low
22,85,255500,258000,82.136324,82.255959,79.839361,-0.001819,-0.002575,-0.040969,0.1981,-0.459891,-1.667715,-0.8121100565637426,-0.7940462468243594,-0.7042308199479151,0.014212516027449067,0.002274226474355159,0.4777140002474324,0.1542744175757904,-0.30761156482265267,-0.0038554778753066596,-0.384967,-0.3853,-0.3859,Low,Low,Low
22,86,258500,261000,76.245935,77.167257,70.555024,-0.034559,-0.025434,-0.097159,-2.328428,-2.223801,-4.277863,-1.0916157110777511,-1.0339549633207232,-1.144020098010518,-0.417182966258596,-0.2899589782579001,0.028505815760279718,-1.7369269379066632,-1.4709905992920658,-1.310490182125795,-0.378333,-0.379,-0.3839,Low,Low,Low
22,87,261500,264000,72.73715,70.972887,66.665111,-0.040366,-0.023735,-0.201423,1.907935,2.468345,-1.542924,-1.2581115482752498,-1.3259908019694755,-1.3282811852584646,-0.4936983470049327,-0.268238683632584,-0.8050275913827792,1.4341503064047845,1.6236935303231184,0.058614639289744065,-0.351583,-0.3528,-0.3668,Low,Low,Low
22,88,264500,267000,87.437279,89.129671,81.574419,-0.05779,-0.040888,-0.186871,1.889859,2.583979,-1.737554,-0.5605737154453023,-0.46998258118120445,-0.622042947489521,-0.7232840184573472,-0.48752544861672054,-0.6886923448859464,1.4206197396738,1.6999594232948891,-0.03881673720242138,-0.2923,-0.29385,-0.3235,Low,Low,Low
22,89,267500,270000,69.175927,67.28682,62.370062,0.029215,0.055791,-0.180067,-0.175598,-0.286055,-1.416802,-1.4270956281866685,-1.4997717785111557,-1.5317331386885809,0.4231290522908921,0.7484347421313312,-0.6342981023650248,-0.1254526086598507,-0.19295880031878065,0.12175105230903653,-0.196017,-0.19645,-0.2407,Medium,Medium,Medium
22,90,270500,273000,63.39027,61.271289,60.544904,-0.038512,-0.042465,-0.091349,-2.403725,-2.360742,-3.524402,-1.7016316302365426,-1.7833761871116374,-1.6181889533762837,-0.46926929312104976,-0.5076860752348039,0.07495357429151936,-1.7932895780451308,-1.5613094298215577,-0.9333091598622002,-0.088633,-0.0876,-0.1317,Medium,Medium,Medium
22,91,273500,276000,79.538095,78.829957,76.726343,-0.064952,-0.054007,-0.164175,-1.253087,-2.482844,-3.281955,-0.9353989763994748,-0.9555663638471243,-0.8516912082142918,-0.817653427257978,-0.6552408960502241,-0.5072502919384393,-0.9319937027294329,-1.641841263569756,-0.8119406918131019,-0.006917,-0.00555,-0.0345,Medium,Medium,Medium
22,92,276500,279000,94.828006,94.326017,91.463415,-0.083338,-0.094984,-0.209471,0.201873,0.576917,-1.791154,-0.20987531717833635,-0.22499894894433692,-0.15361160860081347,-1.059914799808718,-1.1790975840205475,-0.8693669305668441,0.15709865016463775,0.3762105632735447,-0.06564878662943702,0.0401,0.04085,0.0249,High,High,Medium
22,93,279500,282000,76.809472,75.166404,67.554832,0.051066,0.053493,0.004573,-0.590158,-0.728753,-1.616114,-1.0648752397730785,-1.128285909626461,-1.2861360373316777,0.7110466663236462,0.7190567332737817,0.841797273746523,-0.4357663807331489,-0.4849383070972106,0.02197587627550374,0.0685,0.06945,0.0579,High,High,High
22,94,282500,285000,68.082751,67.426723,66.740823,0.037598,0.040608,-0.071926,-1.319857,-1.579375,-2.108054,-1.4789680721592153,-1.493176000420006,-1.3246947874552957,0.5335868509470898,0.5543327802148067,0.2302297901180715,-0.9819735622463523,-1.0459622828433888,-0.22428827288729672,0.061433,0.06185,0.0507,High,High,High
26,0,500,3000,109.671747,110.781576,103.452347,-0.012885,-0.015808,-0.029066,0.6666,0.173824,-1.461492,0.49447706831631005,0.5508043971584985,0.4142914898133914,-0.13159757581669798,-0.1668986156544315,0.5728719468562699,0.5049643109961401,0.11035235897662524,0.09937933050132507,0.0227,0.0201,-0.0109,Medium,Medium,Medium
26,1,3500,6000,115.671066,114.94674,114.56906,-0.023314,-0.016428,-0.093051,1.543372,1.414819,-1.801996,0.779151575166932,0.7471725769491134,0.9408784916315236,-0.2690142980146566,-0.17482479733053277,0.06134701921059514,1.1612611716875958,0.9288451193109788,-0.07107626946316285,0.1442,0.144,0.0833,High,High,High
26,2,6500,9000,121.627683,121.676119,118.992475,0.009852,0.011975,-0.006561,-1.739762,-1.947793,-3.336472,1.061799823571965,1.0644316105312692,1.1504110074612799,0.16799433257480498,0.18828381258286014,0.7527870597212525,-1.296288268109046,-1.288950744341511,-0.8392317895484119,0.249983,0.2558,0.226,High,High,High
26,3,9500,12000,125.353283,126.613701,116.621788,-0.000556,-0.002216,-0.035992,0.400583,-0.060939,-2.735141,1.238583779004686,1.2972157193699378,1.038114057852234,0.030854314870676768,0.006863741348097653,0.517502381350699,0.30584056846038526,-0.04448453875009716,-0.538206731451457,0.217933,0.221,0.1741,High,High,High
26,4,12500,15000,93.581083,92.298797,88.354287,0.004883,0.005999,-0.057984,0.329501,-1.227171,-2.242838,-0.2690432310875145,-0.32057297710628446,-0.30088773165884386,0.10252077877274761,0.11188564855643912,0.34168842169165903,0.25263301455621173,-0.8136676932916174,-0.29176086523749967,0.100167,0.09975,0.0484,High,High,High
26,5,15500,18000,105.630726,105.994175,98.682092,-0.003239,0.00095,-0.05121,0.303113,0.319736,-2.713979,0.3027260278485491,0.3251006264791761,0.1883295280034608,-0.004497978317272496,0.04733840455218884,0.39584283069176535,0.23288060280044615,0.2065879728557353,-0.5276130779071566,-0.014583,-0.0164,-0.0539,Medium,Medium,Medium
26,6,18500,21000,114.3848,114.289675,114.134927,-0.00188,-0.001235,-0.011284,-0.771027,-1.986365,-3.276044,0.7181167911808294,0.7161950072653938,0.9203140680595284,0.01340875535489413,0.019405006225928813,0.7150292690942223,-0.5711536386478666,-1.3143907362444731,-0.8089816574070742,-0.098067,-0.09865,-0.1273,Medium,Medium,Medium
26,7,21500,24000,118.832494,118.684953,116.195876,-0.019329,-0.016705,-0.075175,-0.133513,-0.449822,-2.152983,0.9291649278230832,0.9234119957282086,1.0179390544030704,-0.21650632620922317,-0.1783660107567909,0.20425581981376895,-0.09395040126476975,-0.30097060043213814,-0.24677963760196805,-0.16365,-0.16405,-0.1883,Medium,Medium,Medium
26,8,24500,27000,98.02658,98.591549,86.99402,0.005516,0.013126,-0.035637,-1.318831,-1.267618,-2.027831,-0.05809934459291133,-0.023898883093719264,-0.3653221486670136,0.11086144280106364,0.20299838533962228,0.5203404113470141,-0.9812055626078268,-0.8403443331469298,-0.1841288045816347,-0.218983,-0.21955,-0.2389,Medium,Medium,Medium
26,9,27500,30000,96.62568,97.18076,89.007829,-0.010591,-0.009086,-0.042189,2.710266,2.936964,-0.616732,-0.12457364220019547,-0.09041104635994851,-0.26993013453978293,-0.10137090396684498,-0.0809634652887016,0.4679607704009414,2.0347252751942033,1.9327691179404132,0.5222644438215823,-0.259967,-0.26055,-0.2728,Medium,Medium,Medium
26,10,30500,33000,91.795484,91.907651,81.967213,-0.011576,-0.014905,-0.048841,-0.240658,-1.121894,-3.022747,-0.35377193358824255,-0.33901369830054673,-0.6034367088655548,-0.11434966236793705,-0.1553545155681099,0.4147816843854842,-0.17415246877922735,-0.7442327138358421,-0.6821817017407532,-0.286833,-0.28685,-0.2967,Low,Low,Low
26,11,33500,36000,109.226587,109.584016,106.030995,-0.001992,0.000102,-0.033203,-0.638228,-1.701743,-3.34463,0.4733537202380326,0.4943449930653949,0.5364393332509547,0.011932998054465387,0.036497433485521334,0.539798904335833,-0.4717485860196296,-1.126669555714427,-0.8433156675190386,-0.313083,-0.3124,-0.3271,Low,Low,Low
26,12,36500,39000,109.384455,110.089594,107.027637,0.005488,0.005047,-0.013713,-1.28912,-1.550666,-1.865467,0.4808447363096061,0.5181806527422238,0.5836492164840673,0.11049250347595645,0.09971512443442561,0.6956107483588727,-0.9589657602099355,-1.0270273889425763,-0.10284972112700828,-0.35485,-0.3544,-0.3766,Low,Low,Low
26,13,39500,42000,104.818462,104.392618,102.66772,-0.010246,-0.010832,-0.086095,-0.541842,-0.801713,-1.25947,0.26418317762963034,0.2495946360977847,0.377124534124641,-0.09682504442534573,-0.1032846156217222,0.11695641823698114,-0.3996000351824603,-0.533058752219064,0.20051112694432066,-0.407867,-0.4081,-0.4295,Low,Low,Low
26,14,42500,45000,104.61598,105.487209,101.522843,-0.010162,-0.00684,-0.048033,1.694967,1.777837,-0.651896,0.2545751765388184,0.30119952903481856,0.3228929148608764,-0.09571822645002416,-0.05225023295882516,0.421241200546111,1.274735738161572,1.168272034706332,0.5046614179624109,-0.452767,-0.45365,-0.4661,Low,Low,Low
26,15,45500,48000,109.490161,108.925942,106.799138,-0.016718,-0.01969,-0.075809,0.889812,0.740091,-2.628812,0.4858606061810284,0.46331985370773004,0.5728254591982184,-0.1821027341429781,-0.21652674027802027,0.19918733807387123,0.6720468990220594,0.48383125286117223,-0.4849786534006146,-0.47765,-0.4782,-0.4838,Low,Low,Low
26,16,48500,51000,111.154287,111.942411,106.528125,-0.007337,-0.00661,-0.045645,0.968234,1.829534,-2.905386,0.5648252767356858,0.6055323876979442,0.5599878584502513,-0.05849488382760275,-0.04930987524027148,0.44033194880301296,0.730748719346095,1.202368562275746,-0.6234310272481415,-0.487367,-0.48755,-0.4889,Low,Low,Low
26,17,51500,54000,107.962117,107.791348,104.695367,0.01112,0.014482,-0.020925,-2.755577,-2.875416,-3.729164,0.4133531812306215,0.40982900470842193,0.47317203975652444,0.18470201344037324,0.2203337117150953,0.6379547699548623,-2.0566640505739184,-1.9007603888764475,-1.035812594652771,-0.489283,-0.4893,-0.4895,Low,Low,Low
26,18,54500,57000,107.626393,110.415872,96.553928,-0.001006,0.005966,-0.044687,-0.572804,-1.107558,-1.641237,0.3974226957642007,0.5335631483572152,0.08752063780927452,0.024924932860025572,0.11146377114464663,0.44799063256771654,-0.42277625819223796,-0.7347774684785657,0.00939935430246427,-0.487233,-0.487,-0.4869,Low,Low,Low
26,19,57500,60000,86.246845,85.339079,82.135871,-0.013501,-0.008275,-0.100977,-0.47396,-0.588307,-0.939973,-0.6170611620851987,-0.648691427067913,-0.5954475568066108,-0.13971424096905607,-0.07059550828980142,-0.0020169969888206535,-0.3487878017883083,-0.392307769328792,0.36045066604475423,-0.48855,-0.4886,-0.4897,Low,Low,Low
26,20,60500,63000,97.533182,99.32881,90.106814,0.005299,0.002617,-0.02136,-0.154091,-0.480838,-0.691188,-0.08151164061035647,0.010859556334022155,-0.2178723710450251,0.10800216303148294,0.06864960592970622,0.6344771839030396,-0.10935380921952742,-0.3214270659735225,0.4849919238190098,-0.49025,-0.4903,-0.4903,Low,Low,Low
26,21,63500,66000,110.509959,111.146225,102.890932,-0.012981,-0.027622,-0.042668,-0.20371,-0.196207,-0.328354,0.5342511806341036,0.5679959075990161,0.3876978517815627,-0.1328625106456369,-0.31793072907614134,0.4641314285185897,-0.14649549934039044,-0.13369994953330525,0.6666258757182973,-0.488033,-0.4882,-0.4901,Low,Low,Low
26,22,66500,69000,99.985917,100.611984,81.521739,-0.010987,-0.007997,-0.060173,-0.003505,-0.118214,-0.232747,0.0348734235211327,0.07135526376226335,-0.624538343678645,-0.10658876013621804,-0.06704151069954958,0.3241885691228323,0.00336548275613277,-0.08226001153455649,0.7144865426878625,-0.4867,-0.4859,-0.4905,Low,Low,Low
26,23,69500,72000,89.02069,86.079747,83.398105,-0.01036,0.010016,-0.139584,0.767125,0.07744,-0.117593,-0.4854390634011537,-0.6137723633793872,-0.5356568598935113,-0.09832715453471069,0.16323963531917896,-0.3106587549260962,0.5802110592054905,0.04678271831565049,0.7721323975333582,-0.507767,-0.50615,-0.5257,Low,Low,Low
26,24,72500,75000,103.712109,103.666705,101.632061,-0.005767,-0.003022,-0.052022,-0.407672,-0.360252,-0.790109,0.21168547002686644,0.21537120227948953,0.3280664566411285,-0.03780792881266413,-0.0034402948308339615,0.3893513367283632,-0.2991687374232109,-0.2418951033163979,0.4354722752859908,-0.563467,-0.5632,-0.5922,Low,Low,Low
26,25,75500,78000,104.179072,103.936903,103.092784,-0.001655,-0.001782,-0.029592,-0.326956,-0.307724,-0.472476,0.23384339524179315,0.2281097857885821,0.3972593687057639,0.01637344636021973,0.012412068521368525,0.5686668657913074,-0.2387497717085536,-0.20725049337450213,0.5944786998317236,-0.630317,-0.6312,-0.6547,Low,Low,Low
26,26,78500,81000,103.442573,103.745652,101.175942,-0.001583,0.003917,-0.046217,-0.104026,-0.09325,-0.178323,0.19889568040599617,0.21909318746180945,0.3064605793748648,0.01732214748192392,0.0852690191215314,0.4357591230061336,-0.0718782713025801,-0.06579511581057146,0.7417310848150249,-0.672367,-0.6743,-0.6779,Low,Low,Low
26,27,81500,84000,100.236147,99.481512,97.339901,-0.009491,0.001665,-0.057014,-0.025782,-0.031262,-0.054584,0.04674712149405791,0.018058747960182527,0.12475135210224964,-0.08687685905191982,0.05647908180769269,0.3494430388646887,-0.013309690681914472,-0.024911204733084516,0.8036745729502767,-0.668783,-0.6698,-0.6771,Low,Low,Low
26,28,84500,87000,107.034999,106.39746,104.531076,0.005532,0.016599,-0.046479,0.025116,0.023162,-0.018571,0.3693603781404146,0.3441136452671175,0.4653897478941991,0.11107226527255343,0.24739778688978295,0.43366457692434623,0.02478937910529783,0.010983903618227826,0.8217026064580214,-0.633367,-0.63375,-0.6516,Low,Low,Low
26,29,87500,90000,104.832359,106.17564,95.010099,-0.028581,-0.02263,-0.130645,0.01977,0.014364,0.005845,0.26484260607837645,0.33365586025765503,0.014391081938767914,-0.33841442034821184,-0.2541121824195326,-0.23919636017381535,0.020787696778242996,0.005181221653013105,0.8339252056895515,-0.59055,-0.58955,-0.6065,Low,Low,Low
26,30,90500,93000,97.995869,99.585241,93.181709,-0.006933,0.00938,-0.073419,0.358451,0.308957,-0.556047,-0.059556616456582605,0.022949089594149624,-0.07221782918939154,-0.05317161642248478,0.15510890701917832,0.2182940752321609,0.2743031797953134,0.19947873110726408,0.5526432296327474,-0.570333,-0.5697,-0.574,Low,Low,Low
26,31,93500,96000,105.828956,106.414069,100.226142,-0.049198,-0.035577,-0.144337,-0.190975,-0.296667,-0.446199,0.3121322667054929,0.34489668264527185,0.2614695524115108,-0.6100723512673136,-0.4196287536461178,-0.3486563790739415,-0.13696287224816386,-0.19995789795629584,0.6076329118241433,-0.582383,-0.5818,-0.5941,Low,Low,Low
26,32,96500,99000,107.433329,106.776328,104.675117,0.047435,0.041376,0.021,-0.127869,-0.120957,-0.196418,0.3882615894802031,0.3619755156618758,0.47221281855626324,0.663203141699925,0.5641510181619773,0.9731221152943156,-0.08972565471521916,-0.0840691450456481,0.7326727651437217,-0.6102,-0.61085,-0.6197,Low,Low,Low
26,33,99500,102000,103.84636,104.065944,100.658734,-0.001013,0.008408,-0.058403,1.752348,1.79103,-0.062531,0.21805583259955255,0.23419347091799378,0.2819609804343904,0.024832698028748774,0.14268269961729055,0.338338746850938,1.3176875775945562,1.1769734194718557,0.799696321144372,-0.624983,-0.62555,-0.6261,Low,Low,Low
26,34,102500,105000,99.055233,98.625107,96.618357,0.005568,0.015526,-0.046892,-1.178048,-1.123606,-1.536407,-0.009288590323065964,-0.022316778913088368,0.0905725717703422,0.11154661583340555,0.2336803789245303,0.4303628687877882,-0.8758241853070857,-0.7453618558595348,0.06187703604563694,-0.621917,-0.6219,-0.6247,Low,Low,Low
26,35,105500,108000,108.113537,108.904115,103.169014,0.009974,0.02176,-0.031443,-0.44788,-0.425158,-0.695107,0.42053823237181226,0.462290811811591,0.4008703036240802,0.16960185391991486,0.31337685726132897,0.5538691375570002,-0.3292659396316323,-0.2847035683805291,0.48303008050362783,-0.615033,-0.6158,-0.6181,Low,Low,Low
26,36,108500,111000,97.220474,101.344447,85.80221,-0.025653,-0.022625,-0.098575,-0.115016,-0.209815,-0.329678,-0.09634999071113365,0.1058874997255945,-0.42177693477482003,-0.2998339080655747,-0.25404826159956406,0.01718567357779514,-0.08010470017918551,-0.1426750457122825,0.6659630840496152,-0.585883,-0.5877,-0.6055,Low,Low,Low
26,37,111500,114000,89.909128,89.004056,85.714286,-0.008804,-0.002111,-0.069397,1.066867,0.064199,-0.126078,-0.4432816702841431,-0.4759047462878839,-0.42594180217293115,-0.07782466918232565,0.00820607856743738,0.2504477559228056,0.804579234303895,0.038049675362546595,0.7678848240373092,-0.494933,-0.4981,-0.5467,Low,Low,Low
26,38,114500,117000,96.863564,96.633962,94.637224,0.010044,0.02249,-0.044438,3.15286,4.030379,-2.172585,-0.11328577596276893,-0.11619003800905295,-0.003271614606778663,0.17052420223268283,0.32270929697673845,0.44998125079048396,2.3660235520106094,2.653926142377246,-0.25659235836443767,-0.33355,-0.33305,-0.407,Low,Low,Low
26,39,117500,120000,108.602713,108.818251,104.105351,0.007816,0.005469,-0.015424,-0.389369,-0.00472,-3.30464,0.4437501896894945,0.4582427221350401,0.4452236024383414,0.1411671730777253,0.10511004163977192,0.6819322432217038,-0.28546825264354675,-0.007405546092401505,-0.8232967560155618,-0.175933,-0.1722,-0.2331,Medium,Medium,Medium
26,40,120500,123000,111.897898,112.054391,109.64215,-0.011049,-0.00427,-0.067607,0.725794,1.520375,-2.842505,0.6001104640567299,0.6108117257439252,0.7074959472474263,-0.10740569721324109,-0.019394931494986146,0.26475782266478826,0.5492732492055835,0.9984641119820638,-0.5919529283671682,-0.1001,-0.09655,-0.1153,Medium,Medium,Medium
26,41,123500,126000,101.524971,101.419085,99.520661,0.004922,0.008876,-0.041026,-3.051492,-2.894207,-4.698003,0.10790328548821182,0.10940633552730855,0.22805165949391426,0.10303465854700404,0.1486656883663476,0.4772583165578832,-2.2781675720498686,-1.9131539097685084,-1.5208113994068841,-0.109033,-0.10825,-0.1233,Medium,Medium,Medium
26,42,126500,129000,107.643924,108.231163,104.712042,-0.017614,-0.003489,-0.12526,-0.976569,-1.061534,-1.644324,0.3982545616442447,0.4305642437037192,0.4739619169671094,-0.19390879254640805,-0.009410499415897316,-0.19614624318745982,-0.7250095662325102,-0.7044225429537825,0.007854008470725591,-0.143583,-0.1438,-0.1571,Medium,Medium,Medium
26,43,129500,132000,109.601076,109.820277,107.353502,-0.00847,-0.009922,-0.030818,1.159977,1.792594,-1.659785,0.4911236490242808,0.5054836043002732,0.5990850987765641,-0.07342375008997566,-0.09165102638744457,0.5588656692406534,0.8742755757689298,1.1780049487505095,0.00011426376566786136,-0.1731,-0.1727,-0.1851,Medium,Medium,Medium
26,44,132500,135000,114.267841,114.010141,110.497238,-0.016262,-0.023878,-0.054451,-0.260454,-0.455977,-1.73967,0.7125669536664814,0.703016274622552,0.7480005663925513,-0.17609429370551818,-0.2700668190836848,0.3699328159930136,-0.18897052028434846,-0.30503010344371995,-0.03987600243726402,-0.207833,-0.207,-0.227,Medium,Medium,Medium
26,45,135500,138000,113.969085,113.213418,111.535328,0.006108,-0.002416,-0.011088,-0.82013,-0.888386,-1.124968,0.6983906418269771,0.6654544774622678,0.7971737977890434,0.11866187424618697,0.004306908549355315,0.716596181430216,-0.6079090833364886,-0.5902235458052262,0.2678425506762697,-0.261383,-0.261,-0.2876,Medium,Medium,Low
26,46,138500,141000,115.288408,115.467199,113.510053,-0.027669,-0.023103,-0.064559,-0.223496,-0.128098,-0.780651,0.7609940180437913,0.7717098068122452,0.8907144439463479,-0.3263975394732921,-0.26015909198855824,0.2891249083796279,-0.16130606546891776,-0.08877895999377247,0.4402069305748101,-0.322333,-0.32315,-0.3445,Low,Low,Low
26,47,141500,144000,107.311261,106.942268,105.58701,-0.006355,0.03376,-0.173882,-0.287934,-0.373954,-0.516429,0.38246932410770973,0.36979881763856937,0.5154082308016765,-0.04555565463991503,0.46678682518586906,-0.5848524248235932,-0.20954033516415896,-0.25093219677938633,0.5724759187036337,-0.363983,-0.3651,-0.3736,Low,Low,Low
26,48,144500,147000,111.755977,112.09588,109.749957,-0.005608,0.003628,-0.054092,2.504562,2.732965,1.555963,0.5933761512644369,0.6127677398195612,0.712602651441823,-0.035712880502234035,0.08157439572734873,0.37280282379210394,1.8807480845087396,1.7982224802702793,1.6099110787064679,-0.379233,-0.37935,-0.3823,Low,Low,Low
26,49,147500,150000,112.520883,112.313516,110.90573,-0.003977,0.005227,-0.032059,-1.46691,-1.73261,-2.085182,0.629671810544612,0.6230282686191266,0.7673504027647503,-0.014222164814740458,0.1020162739532937,0.5489445559295917,-1.0920482706714167,-1.147027748965198,-0.2128385968706045,-0.38975,-0.3892,-0.397,Low,Low,Low
26,50,150500,153000,113.204237,114.494182,108.102167,0.000641,0.010752,-0.043722,-0.280324,-0.46336,-1.302809,0.6620977347127388,0.7258365645592812,0.6345485723515468,0.046626471019008964,0.17264878001855072,0.455705277487277,-0.20384396357626383,-0.3098995284208943,0.17881571294959242,-0.41065,-0.4107,-0.4204,Low,Low,Low
26,51,153500,156000,103.020173,102.903521,101.522843,0.000585,0.014646,-0.075721,-0.676207,-0.66562,-0.939678,0.17885232020232944,0.17939061353788904,0.3228929148608764,0.04588859236879459,0.22243031461006404,0.19989084973492963,-0.5001772977852891,-0.44329921633682173,0.3605983424361902,-0.429733,-0.4303,-0.4342,Low,Low,Low
26,52,156500,159000,112.147956,113.472824,107.021947,0.00248,0.000482,-0.046169,1.613974,1.062275,-0.066338,0.6119760004341173,0.6776842681852174,0.5833796871690309,0.07085787883587019,0.04135541580313177,0.43614285663943814,1.214109427515266,0.6963262842638478,0.7977905447979419,-0.43395,-0.43445,-0.4351,Low,Low,Low
26,53,159500,162000,113.511891,113.671902,112.359551,-0.01339,-0.014443,-0.040292,-0.783787,-1.343155,-1.866697,0.6766962667678972,0.6870698732889675,0.8362163743491777,-0.13825166007309544,-0.14944823180301509,0.4831262433671654,-0.5807049791815777,-0.8901644272144935,-0.10346545658960588,-0.423767,-0.42425,-0.4301,Low,Low,Low
26,54,162500,165000,112.526007,112.842311,111.559374,-0.011832,-0.000751,-0.046837,-0.593414,-0.735473,-1.179324,0.6299149501698103,0.6479585022503536,0.7983128315165235,-0.11772282191177419,0.025592541598885268,0.4308025635759497,-0.43820361935209584,-0.48937045335843393,0.24063204920882816,-0.400633,-0.40085,-0.4123,Low,Low,Low
26,55,165500,168000,108.126765,108.940974,102.07326,-0.00601,-0.010345,-0.042274,0.692251,1.131233,-1.576508,0.42116591601000913,0.4640285428442468,0.3489655892008307,-0.04100979509841577,-0.0970587277567846,0.4672812420919646,0.5241650504969414,0.7418072279962047,0.04180255817114525,-0.372833,-0.37215,-0.3833,Low,Low,Low
26,56,168500,171000,102.558523,102.245477,100.774691,-0.024195,-0.014796,-0.056971,-0.034855,-0.421813,-1.294724,0.15694650287746453,0.1483668885411936,0.2874537415563002,-0.28062271035106484,-0.1539610416927953,0.3497868002445241,-0.020101172865485087,-0.2824973884335363,0.18286304727081304,-0.364417,-0.36295,-0.3705,Low,Low,Low
26,57,171500,174000,112.281854,112.20987,108.665641,-0.014349,-0.005607,-0.068802,0.23213,-0.796764,-1.280317,0.6183296127554966,0.6181418400505083,0.6612397430476392,-0.15088783195801656,-0.03648735875457866,0.2552044540856434,0.17974715412455136,-0.5297946611704338,0.19007516175019767,-0.389017,-0.38905,-0.4027,Low,Low,Low
26,58,174500,177000,103.013601,103.890448,89.418778,0.007276,0.001494,-0.03574,-0.493715,-1.325116,-1.751955,0.17854047133097856,0.2259196478271064,-0.2504639126619526,0.13405191466494387,0.05429298976476799,0.519516982925548,-0.3635751632493948,-0.8782668845945221,-0.04602584809418351,-0.4102,-0.4108,-0.4126,Low,Low,Low
26,59,177500,180000,93.941731,93.703655,91.656566,-0.014451,-0.003133,-0.076097,-0.180477,-0.59831,-0.968989,-0.2519300734863497,-0.2543404330037511,-0.14446224889456089,-0.15223182521376416,-0.004859337034135958,0.19688493627404388,-0.12910472389997427,-0.3989052037113838,0.34592531630269663,-0.377367,-0.37965,-0.4023,Low,Low,Low
26,60,180500,183000,104.280117,104.272072,99.158558,0.01184,0.007094,-0.041274,1.235342,0.938843,-2.386249,0.23863809536437722,0.24391145084960714,0.21089922125795785,0.19418902465741517,0.12588430812955342,0.47527569278580967,0.9306891164682353,0.6149172549014491,-0.3635521159908159,-0.290433,-0.29015,-0.3313,Low,Low,Low
26,61,183500,186000,114.070164,114.190728,110.317465,-0.029685,-0.025054,-0.079012,-1.336234,-1.284083,-2.070466,0.7031869552882138,0.7115301147699856,0.7394849084747972,-0.3529611708810095,-0.2851009959402897,0.17358111250148558,-0.9942323634940472,-0.8512037510325017,-0.2054717976286649,-0.2074,-0.2053,-0.2358,Medium,Medium,Medium
26,62,186500,189000,111.571241,115.752604,91.589277,0.017295,0.012909,-0.000114,2.363043,2.69078,0.420689,0.5846102180480907,0.7851653298968447,-0.14764965804736904,0.26606631103097583,0.20022422175298685,0.8043272833444713,1.7748157834906937,1.7703995502063348,1.0415952562959117,-0.176517,-0.17605,-0.1791,Medium,Medium,Medium
26,63,189500,192000,94.419012,92.188003,88.385614,-0.019115,-0.001499,-0.092308,-1.861015,-1.908617,-2.367816,-0.22928254744144877,-0.3257964007485999,-0.2994038046198028,-0.21368657565304683,0.01602998693158893,0.06728689607612195,-1.3870507049220613,-1.2631123869114982,-0.3543245942167827,-0.195217,-0.1951,-0.2078,Medium,Medium,Medium
26,64,192500,195000,99.003627,99.345203,95.389507,-0.021839,-0.01887,-0.092076,1.608971,2.071353,-1.172917,-0.011737353691130758,0.011632410313194716,0.03236323982265077,-0.2495791014241888,-0.2060437258031767,0.06914160863709397,1.210364493605379,1.3618592135767533,0.24383938019164328,-0.224233,-0.22445,-0.2352,Medium,Medium,Medium
26,65,195500,198000,102.980074,101.948997,101.322194,0.006272,0.017126,-0.039721,0.268976,0.702228,-2.728798,0.17694957706594971,0.13438923053197255,0.3133883827813124,0.12082280457895764,0.254135041314469,0.487691074713351,0.20732777272213132,0.45885887877059195,-0.5350314387366144,-0.25065,-0.2499,-0.2639,Medium,Medium,Medium
26,66,198500,201000,108.406121,108.666235,106.24675,-0.006655,-0.009073,-0.019003,-0.477618,0.17309,-2.925605,0.43442167579470475,0.45107587222971807,0.5466594206614395,-0.04950857598034916,-0.08079727115678334,0.6533201041884324,-0.35152595254632674,0.1098682525248785,-0.6335526169377839,-0.296233,-0.2949,-0.3247,Low,Low,Low
26,67,201500,204000,107.956259,108.275919,106.382979,-0.007198,-0.008391,-0.033315,0.208693,1.220318,-2.339389,0.4130752124709786,0.4326742816889486,0.5531124451004695,-0.05666336360653495,-0.07207847131307198,0.5389035258581223,0.1622036770016213,0.8005628455082704,-0.34009409665966017,-0.374333,-0.37405,-0.4113,Low,Low,Low
26,68,204500,207000,104.387351,104.648429,100.090318,0.000615,0.001522,-0.045517,-1.855867,-1.796829,-2.702279,0.24372647057289956,0.26165493923120653,0.2550357123964861,0.046283884502838005,0.05465094635659192,0.4413552384918251,-1.383197233051564,-1.1893831062195883,-0.5217560820434236,-0.457833,-0.45925,-0.4866,Low,Low,Low
26,69,207500,210000,101.24366,100.256593,99.085483,-0.017491,-0.004795,-0.088721,0.637933,0.295964,-0.91463,0.09455475873098289,0.054600225116973836,0.2074377353710899,-0.19228809479683004,-0.026106617591684773,0.09596299071494416,0.48350598191464356,0.1909092554566577,0.3731373195639493,-0.510017,-0.51185,-0.5199,Low,Low,Low
26,70,210500,213000,108.822951,109.32886,105.978575,0.005625,-0.005654,-0.020919,-1.046634,-1.001293,-1.612966,0.45420073316614074,0.48231557014647647,0.5339562529883533,0.11229767088808804,-0.03708821446228311,0.6380027366590253,-0.7774558573370925,-0.6646908579950987,0.023551758581403917,-0.511617,-0.514,-0.5203,Low,Low,Low
26,71,213500,216000,107.375905,108.597571,100.553058,-0.047356,-0.059335,-0.143278,0.009686,-0.137171,-0.685145,0.3855367553979699,0.44783868284242323,0.27695521946852447,-0.585801414237048,-0.72335492180872,-0.3401902557891595,0.013239443021037429,-0.09476301699199856,0.48801703715273104,-0.452017,-0.454,-0.4868,Low,Low,Low
26,72,216500,219000,97.605431,97.469361,93.81191,-0.023249,-0.029022,-0.169485,-0.355934,-0.335436,-0.553619,-0.07808334342438412,-0.07680484668671807,-0.042365870689357515,-0.2681578317242292,-0.3358285586673377,-0.5497008251227565,-0.2604408960021179,-0.22552782033745172,0.5538586814239562,-0.344267,-0.34405,-0.3934,Low,Low,Low
26,73,219500,222000,107.010671,107.414075,101.673337,0.016227,0.016717,-0.030687,0.931464,1.445385,-1.419647,0.36820598688323003,0.3920423311718829,0.330021657345424,0.25199391105903024,0.24890631824104092,0.559912942281547,0.703224989610628,0.9490047893437991,0.12032685117806889,-0.242217,-0.2399,-0.2779,Medium,Medium,Medium
26,74,222500,225000,108.956589,108.626011,107.427626,0.007477,0.015804,-0.038073,-0.749742,-0.715288,-1.15623,0.46054200819193963,0.449179497041635,0.6025962746900528,0.13670037196303475,0.23723437651478216,0.5008659294568075,-0.555221014567926,-0.47605752593539924,0.25219285796755014,-0.195883,-0.19385,-0.2047,Medium,Medium,Medium
26,75,225500,228000,113.551859,113.888925,111.731844,-0.024655,-0.026514,-0.094935,2.358085,2.327112,-0.350219,0.6785927938053496,0.697301501979386,0.8064825540058572,-0.28668385640639715,-0.3037658753711088,0.046285474103391004,1.7711045337754792,1.5305439301875001,0.6556803018242359,-0.200617,-0.2002,-0.2087,Medium,Medium,Medium
26,76,228500,231000,106.286753,106.118914,104.642563,0.006568,0.01429,-0.041978,-1.708512,-1.663283,-2.201352,0.33385525480009065,0.33098149224554263,0.47067076981782857,0.12472302030151931,0.2178791522283027,0.4696475994973427,-1.2728964662533664,-1.1013034329158187,-0.2709930592201644,-0.22015,-0.2206,-0.2269,Medium,Medium,Medium
26,77,231500,234000,112.839501,113.419157,108.919131,-0.009687,0.008063,-0.107181,-0.647863,-0.630586,-1.003442,0.6447905968641479,0.6751541178466416,0.6732472977169807,-0.08945943432767012,0.13827216303946005,-0.05161456909343528,-0.47896074636777275,-0.4201926966767476,0.32867821557678295,-0.22955,-0.22975,-0.2303,Medium,Medium,Medium
26,78,234500,237000,100.827529,98.392557,89.686099,0.002976,0.018394,-0.057119,-0.214033,-0.243217,-0.31161,0.07480886970420199,-0.03328043369602324,-0.2378011980705961,0.07739337545205463,0.27034536125849545,0.348603621541835,-0.15422265359818826,-0.16470518699463102,0.6750078875766174,-0.21935,-0.22005,-0.2271,Medium,Medium,Medium
26,79,237500,240000,95.198457,96.806629,89.056439,0.004707,0.010516,-0.07889,1.294585,1.434045,-0.985522,-0.19229699608267192,-0.10804958915760152,-0.2676275299696751,0.10020173158635957,0.16963171731603477,0.17455643548613467,0.9750347330229884,0.9415255425279847,0.3376489306090986,-0.19565,-0.1948,-0.2054,Medium,Medium,Medium
26,80,240500,243000,103.456022,103.672942,99.154542,-0.01013,-0.007207,-0.05804,1.443393,2.259159,-0.906365,0.19953385074543575,0.21566524792507674,0.21070898756214346,-0.09529658150704454,-0.05694202114451735,0.34124073245280373,1.0864231250402676,1.4857258297576028,0.3772747615138427,-0.193017,-0.191,-0.2039,Medium,Medium,Medium
26,81,243500,246000,109.108823,109.031462,108.426503,-0.000364,0.005817,-0.028331,-1.142531,-1.851894,-2.60648,0.46776568455852385,0.46829463269158406,0.6499120275223053,0.033384184528554614,0.1095589307095836,0.578747868116246,-0.8492383732588241,-1.2257009832842107,-0.4737993002699408,-0.23635,-0.23555,-0.2632,Medium,Medium,Medium
26,82,246500,249000,111.13819,110.944295,110.615383,-0.024247,-0.012101,-0.06584,-0.746718,-0.831206,-1.790522,0.5640614557858789,0.5584758439124194,0.753596970773037,-0.2813078833834068,-0.11950771972974232,0.27888401704081245,-0.5529574366859557,-0.5525107298503527,-0.06533240873320804,-0.299867,-0.301,-0.3224,Low,Low,Low
26,83,249500,252000,105.19074,105.084055,103.702128,-0.013106,-0.006796,-0.043263,0.441372,0.015104,-0.793978,0.2818481919523123,0.2821926862897783,0.4261233530540035,-0.1345095612041511,-0.05168772974310185,0.4593747303557518,0.33637267104890745,0.005669285378207343,0.4335354618674624,-0.339617,-0.34085,-0.3471,Low,Low,Low
26,84,252500,255000,111.071694,110.891069,106.686617,0.001961,-0.002178,-0.030029,-0.846109,-0.882253,-1.087741,0.5609061449901803,0.5559664846800977,0.5674954577821902,0.06401932491691914,0.0073495395798587,0.5651732908380971,-0.6273553431895671,-0.5861785527962853,0.28647831007961877,-0.348583,-0.34865,-0.3488,Low,Low,Low
26,85,255500,258000,102.61537,104.476144,88.235294,-0.011278,-0.01705,-0.059755,-0.397218,-0.375777,-0.615096,0.15964395765373807,0.2535324999094358,-0.30652430490737037,-0.11042309383643914,-0.18277654733462143,0.3275302495128595,-0.2913435247320341,-0.2521345483618581,0.5230834220466307,-0.347917,-0.3482,-0.3483,Low,Low,Low
26,86,258500,261000,82.658878,82.699997,78.335318,-0.003962,0.007687,-0.058505,0.634573,0.619892,-0.0048,-0.7873142752004212,-0.7731119129499037,-0.7754757548468864,-0.014024518747718758,0.13346531737782444,0.3375233128801658,0.48099089537912093,0.4045545343414127,0.8285963406494288,-0.337217,-0.3389,-0.3457,Low,Low,Low
26,87,261500,264000,82.160819,81.397609,76.142132,-0.008439,-0.005366,-0.043313,0.853864,0.261084,-1.194963,-0.8109477409667045,-0.8345134714338284,-0.8793646687883996,-0.07301528155146414,-0.033406375232094145,0.4589750078210596,0.6451384672426042,0.1679043058150699,0.23280319807097186,-0.274883,-0.2779,-0.3141,Medium,Medium,Low
26,88,264500,267000,96.19973,96.154479,91.578252,0.003135,0.025375,-0.144499,-1.087415,-0.999147,-1.769226,-0.144785453939665,-0.13879543936912994,-0.148171900700844,0.07948842376248473,0.3595916100985967,-0.3499514800863443,-0.8079819716243396,-0.6632754731920355,-0.05467167506534002,-0.137417,-0.1385,-0.2045,Medium,Medium,Medium
26,89,267500,270000,105.479111,106.107322,103.259063,0.019094,0.017477,-0.008605,0.390408,0.302161,-1.472938,0.2955317237356731,0.3304349831668763,0.4051358300370332,0.2897706626691125,0.2586222828762618,0.7364464025030332,0.2982241977761759,0.19499645938237217,0.0936494865136082,0.02055,0.02415,-0.0397,Medium,Medium,Medium
26,90,270500,273000,109.784111,108.994066,106.389805,-0.005049,0.003685,-0.083976,-0.656764,-0.624,-1.03147,0.49980886785685175,0.46653158459757144,0.5534357855406162,-0.028347270404558426,0.08230309307499029,0.13389665925723884,-0.48562348007392975,-0.41584892952251884,0.31464745659655163,0.1038,0.10785,0.0867,High,High,High
26,91,273500,276000,114.362222,114.658592,112.657112,-0.006427,-0.003924,-0.021532,-0.189117,-0.172719,-0.310413,0.717045439413125,0.7335877341265242,0.8503115259329244,-0.04650435576161922,-0.014971610753161904,0.6331021383836984,-0.13557208927703257,-0.11820854307741037,0.6756071033072916,0.077967,0.08035,0.0453,High,High,High
26,92,276500,279000,110.672054,112.397094,103.802341,0.008184,0.02576,-0.044627,-0.048794,-0.045766,-0.092073,0.5419427726611243,0.6269685839897909,0.4308703374560654,0.1460160899219912,0.3645135132361757,0.4484702996093472,-0.030535039299607294,-0.034477253746891555,0.7849076568874148,-0.006517,-0.0079,-0.0395,Medium,Medium,Medium
26,93,279500,282000,106.285523,106.253306,103.771447,-0.031968,-0.012618,-0.192264,-0.017344,-0.023601,-0.038099,0.33379688990177,0.33731745222657067,0.42940692117157814,-0.3830429022817133,-0.12611713251449125,-0.7318064174778526,-0.0069935299120512644,-0.019858426086174993,0.8119269299428952,-0.060917,-0.06375,-0.0665,Medium,Medium,Medium
26,94,282500,285000,114.116356,114.238138,110.022374,-0.032578,-0.00519,-0.201935,0.005192,0.019648,-0.038345,0.7053788182013947,0.7137652765556622,0.7255067581930086,-0.39108050900726266,-0.031156362369200892,-0.8091207501380281,0.009875514779775848,0.008666260469129789,0.8118037828503757,-0.044067,-0.04515,-0.0617,Medium,Medium,Medium
26,95,285500,288000,114.661735,114.294677,111.793129,0.039129,0.03303,0.016583,-0.008175,-0.005321,-0.025073,0.7312576717632213,0.7164308283843966,0.8093855599939064,0.5537599261877719,0.4574543854704595,0.937810626579602,-0.00013018811318000196,-0.007801932982728175,0.8184477186711846,-0.000183,0.00195,-0.0152,Medium,Medium,Medium
26,96,288500,291000,110.693596,110.797036,109.113712,-0.006172,-0.001783,-0.038818,-0.008515,-0.008123,-0.020651,0.5429649650510564,0.5515332645115161,0.6824643950191042,-0.04314437262225021,0.01239928435737481,0.49491006368989304,-0.0003846909173697969,-0.009649979682720406,0.8206613627489133,-0.007333,-0.00385,-0.0316,Medium,Medium,Medium
26,97,291500,294000,110.870774,111.150965,109.265135,0.009863,0.004743,-0.038557,-0.002168,-0.005269,-0.010877,0.551372262575122,0.5682193766322179,0.6896371432564927,0.16813927302395423,0.09582873858033725,0.4969966153209866,0.004366277606726169,-0.00776763661284966,0.8255542069858471,-0.082983,-0.08325,-0.1197,Medium,Medium,Medium
26,98,294500,297000,106.102093,106.468259,102.564103,-0.024168,-0.016088,-0.063713,-1e-05,0.000818,-0.008811,0.3250929278701444,0.347451490010085,0.3722163058230388,-0.28026694743042574,-0.1704781815726708,0.29588821366662077,0.005981621875671985,-0.003752982700339771,0.8265884423238362,-0.146433,-0.1486,-0.1538,Medium,Medium,Medium
26,99,297500,300000,102.479876,102.707201,99.77191,-0.026648,-0.017403,-0.095371,0.412218,-0.179088,-0.834165,0.15321461331795322,0.17013503535261387,0.23995306035042688,-0.31294443051134796,-0.18728935722440163,0.042799893600874626,0.3145498041272919,-0.12240918884195372,0.4134179325703825,-0.112117,-0.1131,-0.1394,Medium,Medium,Medium
27,0,500,3000,132.777471,133.232833,130.350933,0.004769,0.017885,-0.059768,3.461356,2.902065,0.33056,1.590869939761649,1.609277117824791,1.6884492156526025,0.10101866866338262,0.2638382217856962,0.3274263216538395,2.596944425779242,1.909751636932908,0.9964768648256225,-0.033483,-0.0312,-0.0791,Medium,Medium,Medium
27,1,3500,6000,127.565242,126.74185,124.370056,0.042003,0.038325,0.031993,-1.407591,-0.744191,-4.344516,1.3435437482109898,1.3032573508331855,1.4051413630820608,0.591628912629131,0.5251465338171629,1.061005111771754,-1.0476457652545508,-0.49512037167768175,-1.3438565364254007,-0.169533,-0.16855,-0.2407,Medium,Medium,Medium
27,2,6500,9000,122.835273,122.268939,121.016916,0.018628,0.013862,0.007441,-0.731494,-2.125408,-3.333017,1.119101341915587,1.092380326198521,1.2463066482453589,0.2836304581869714,0.21240753003899407,0.8647253583364707,-0.5415616993595279,-1.4060959315717463,-0.8375022236758308,-0.2876,-0.29255,-0.3025,Low,Low,Low
27,3,9500,12000,128.521695,128.759305,126.53463,0.017597,0.020561,0.0006,-0.198184,-0.70328,-3.487253,1.3889285304005679,1.3983710044995183,1.5076749566787908,0.27004558518034616,0.2980486446328686,0.8100353211398768,-0.1423590802346469,-0.4681377026757609,-0.9147124470979427,-0.280633,-0.2836,-0.3007,Low,Low,Low
27,4,12500,15000,129.204131,129.784642,125.322581,0.01801,0.011371,-0.020332,1.503224,-0.218538,-2.417745,1.4213108944250696,1.4467108922835203,1.450261470429153,0.27548744022567717,0.18056217753065829,0.6426954792163124,1.1312088817387371,-0.14842826175940324,-0.37931894861681015,-0.19365,-0.1945,-0.2375,Medium,Medium,Medium
27,5,15500,18000,116.811731,115.925397,113.603719,0.016122,0.023513,-0.037388,4.115928,4.038367,1.516927,0.8332774261771491,0.7933117190643684,0.8951513038447997,0.25061038858987833,0.3357874967423055,0.5063421281820916,3.086916218556073,2.659194592427045,1.590369737634957,-0.0854,-0.0845,-0.1296,Medium,Medium,Medium
27,6,18500,21000,122.128972,121.854312,117.769231,0.033818,0.033527,0.013748,-1.778558,-1.207957,-4.482343,1.0855865565102603,1.0728325846733264,1.0924672258369799,0.48378004205761976,0.4638081149753343,0.9151463588625512,-1.3253285351424204,-0.8009951846215064,-1.4128524482981117,-0.002,0.0002,-0.029,Medium,Medium,Medium
27,7,21500,24000,128.450802,128.748277,126.407288,0.009562,0.001808,-0.00066,-3.388596,-3.36476,-4.063757,1.385564576956159,1.397851085407081,1.5016429000820672,0.16417317527905195,0.05830721725879346,0.799962313265632,-2.530502611178094,-2.2235050585270537,-1.2033091602112311,0.027467,0.0278,0.024,Medium,Medium,Medium
27,8,24500,27000,127.720828,127.966095,125.655919,-2.1e-05,0.005441,-0.024272,-1.892368,-1.812564,-2.828492,1.3509264807882808,1.3609748290087773,1.4660513408712568,0.03790369126111764,0.10475208504794799,0.6111973434825629,-1.4105196061566574,-1.1997610558357117,-0.5849380494749894,0.009467,0.01005,-0.0053,Medium,Medium,Medium
27,9,27500,30000,127.855035,128.773167,125.315991,0.003519,0.008115,-0.028364,3.667184,3.856492,-0.865856,1.3572947555109456,1.3990245335582192,1.4499493090607716,0.08454816307824041,0.13893693956713307,0.5784840512433491,2.7510144351344685,2.5392397410490695,0.3975534833466595,-0.021917,-0.0236,-0.0283,Medium,Medium,Medium
27,10,30500,33000,129.57101,129.497776,128.887166,-0.007094,0.015837,-0.069094,-0.316203,-1.182838,-4.597862,1.4387197200599213,1.4331864898197002,1.6191121125097654,-0.0552930175418511,0.23765625392657466,0.25287007448304066,-0.23070074625722164,-0.7844280593334605,-1.4706810213906383,-0.010267,-0.01345,-0.027,Medium,Medium,Medium
27,11,33500,36000,122.199227,122.68348,114.489879,-0.00966,-0.007192,-0.03139,-1.558605,-2.987355,-4.708826,1.0889202361293617,1.1119240132222687,0.9371277709471849,-0.08910367140703106,-0.05675025868461167,0.5542928434437739,-1.1606854313484263,-1.97458926095012,-1.5262293708798058,0.084533,0.08175,0.0307,High,High,Medium
27,12,36500,39000,116.319012,116.441505,114.868276,-0.053182,-0.004342,-0.20364,0.48709,0.422519,-4.174588,0.8098973494816225,0.8176438194415384,0.9550520388244766,-0.6625671466682789,-0.020315391302533386,-0.8227512885710337,0.3705943157605223,0.27437804564849094,-1.258790930174768,0.244817,0.24535,0.1735,High,High,High
27,13,39500,42000,122.822039,123.555618,119.235005,-0.024152,-0.014253,-0.097732,-0.831192,-1.685421,-4.195766,1.1184733735705699,1.1530412781333805,1.1618993984587764,-0.28005612495893595,-0.14701924064420988,0.02392499551270648,-0.6161894069245696,-1.1159044528460214,-1.2693925932860617,0.391867,0.3953,0.3403,High,High,High
27,14,42500,45000,125.465697,125.60524,122.846215,-0.029659,-0.03932,-0.118394,-0.423992,-0.81061,-2.423188,1.2439179511020702,1.2496714567767182,1.332958617747397,-0.3526185843648385,-0.46747987947458064,-0.1412563447235197,-0.311384872024321,-0.5389267291961628,-0.3820437031882887,0.456317,0.45865,0.4455,High,High,High
27,15,45500,48000,112.460093,111.197736,109.130181,0.017235,0.012012,0.005107,-1.344772,-1.286984,-2.013325,0.6267872559357558,0.570424412529241,0.6832445142263677,0.26527572676288896,0.18875682665062746,0.8460663104170364,-1.0006233780298486,-0.853117092744378,-0.1768671309064801,0.435467,0.437,0.4126,High,High,High
27,16,48500,51000,119.199073,120.633465,112.391426,-0.003476,-0.004935,-0.019034,3.696725,3.921932,0.387203,0.9465595181168807,1.0152753064502287,0.8377262595718108,-0.007620786176215459,-0.02789640055080441,0.6530722762169233,2.7731269861302645,2.5824004034500305,1.0248322337751459,0.372833,0.3729,0.3439,High,High,High
27,17,51500,54000,126.758726,126.487577,125.57083,-0.026422,-0.021287,-0.108077,-1.969172,-2.574983,-4.074628,1.3052736471266606,1.29126955727214,1.4620207644411825,-0.30996656310155424,-0.23694305017597783,-0.058777596915120495,-1.4680102925478131,-1.7026111332666096,-1.208751160385132,0.30675,0.3061,0.2823,High,High,High
27,18,54500,57000,128.824674,129.225559,126.773891,0.02315,0.024907,-0.016808,2.04015,0.945685,0.121104,1.403305228390972,1.4203527198173524,1.5190084985847487,0.34321415919178194,0.3536086213495396,0.6708679234614223,1.5331182130399428,0.619429865722772,0.8916236233184397,0.258833,0.2577,0.2465,High,High,High
27,19,57500,60000,119.808768,118.510304,117.55247,0.01016,0.01196,-0.004695,1.277538,1.562089,-0.602515,0.9754902389960822,0.9151781047620309,1.082199485264645,0.17205266515098402,0.18809205012295444,0.7677047047159672,0.9622744115435077,1.0259763960803778,0.5293814446929234,0.24335,0.24295,0.2418,High,High,High
27,20,60500,63000,124.63744,125.627863,119.707669,0.003469,0.004795,-0.009601,-3.04522,-3.508189,-5.29074,1.204616214851576,1.2507380263839185,1.184288994972365,0.08388934285483472,0.09649351510801026,0.7284839296119635,-2.2734727438502262,-2.3181030207444646,-1.8175343188326494,0.263217,0.26245,0.2499,High,High,High
27,21,63500,66000,126.404555,126.603089,124.381281,0.000257,-0.001957,-0.009565,-0.771429,-1.70132,-2.65923,1.2884678305388462,1.2967154127496128,1.4056730795251684,0.04156673170325327,0.01017483982246898,0.7287717298369419,-0.5714545507869381,-1.1263905679363768,-0.500205841450446,0.304083,0.30445,0.2855,High,High,High
27,22,66500,69000,123.523831,123.087615,121.720247,0.029175,0.018696,-0.064034,-0.324249,-1.121256,-2.733094,1.1517742017998591,1.1309771055710165,1.2796226979244099,0.4226019961121675,0.27420617878459635,0.2933219949938966,-0.23672348026460718,-0.7438119237592558,-0.5371820074742722,0.340183,0.3416,0.3285,High,High,High
27,23,69500,72000,126.903848,127.308382,122.770223,-0.014984,-0.008511,-0.061297,1.434885,0.14148,-1.596238,1.3121598510079973,1.3299667091281135,1.3293589566387434,-0.1592548487952688,-0.07361257099231738,0.31520280654295046,1.0800545666342478,0.08902001691218957,0.031925760872730684,0.343033,0.34465,0.3329,High,High,High
27,24,72500,75000,128.233228,129.687337,121.316132,-0.003107,0.000706,-0.021131,1.540184,1.648854,-0.96838,1.3752404433080698,1.4421234124785183,1.2604801954383118,-0.0027586929274814754,0.044219068537723186,0.6363079131119302,1.1588748336294867,1.083201867859402,0.34623018044637294,0.301717,0.30345,0.2735,High,High,High
27,25,75500,78000,116.310843,115.9948,114.942529,0.00071,-0.000314,-0.002531,-2.931301,-3.067862,-3.723268,0.8095097211447293,0.7965837488768815,0.9585693253322781,0.047535642927308816,0.03117922126413727,0.7850046960174479,-2.1882000822311167,-2.02768729652338,-1.0328610692157993,0.2355,0.23365,0.2146,High,High,High
27,26,78500,81000,121.914747,122.062012,118.041072,-0.006459,-0.004377,-0.020452,-1.099967,-1.0534,-1.64302,1.0754213367194683,1.082624677119749,1.1053440480740244,-0.04692600070459886,-0.020762837042313288,0.641736145133051,-0.8173776163248992,-0.6990577992500934,0.008506788180666407,0.222967,0.21795,0.2115,High,High,High
27,27,81500,84000,131.206093,131.496505,127.751687,-0.00702,-0.017852,-0.025406,1.079699,0.36786,-0.565238,1.5163062672471666,1.527417299368789,1.5653256666208184,-0.05431796361121068,-0.1930294468575782,0.6021316363957427,0.8141844695490816,0.23832794408715074,0.548042233993126,0.337283,0.33365,0.2663,High,High,High
27,28,84500,87000,109.290734,116.524737,80.52715,-0.012557,-0.001726,-0.067409,4.628997,5.834642,0.641631,0.47639756831328056,0.8215678225156866,-0.6716509784611828,-0.12727571515115668,0.013127981705016376,0.26634072390216956,3.4709676869174073,3.8439198194179602,1.1521983657082941,0.542317,0.54435,0.4541,High,High,High
27,29,87500,90000,94.479537,93.663426,86.83068,0.000116,0.008913,-0.064279,0.875482,0.438556,-0.563882,-0.22641056738385665,-0.2562370439186625,-0.3730593926596378,0.039708858673249234,0.14913870243411498,0.2913633545739045,0.6613203543631189,0.2849551780281396,0.5487210447957945,0.6979,0.70395,0.6529,High,High,High
27,30,90500,93000,112.140734,111.847369,105.00427,-0.008149,-0.006337,-0.047952,-2.371898,-2.710116,-6.236068,0.6116333083238169,0.6010515978554167,0.48780444995031347,-0.06919412425571113,-0.04581979846998818,0.42188875105231244,-1.7694658699599877,-1.7917375053972486,-2.2907635654882816,0.711117,0.7146,0.6848,High,High,High
27,31,93500,96000,124.07741,124.233483,120.395698,-0.024484,-0.02531,-0.065971,1.899603,1.803216,-2.73746,1.1780421546838216,1.1849994714227126,1.2168802050066554,-0.2844306912423497,-0.2883737419226799,0.2778367439999187,1.4279134906268158,1.1850106418437705,-0.5393676180675251,0.624767,0.6244,0.5821,High,High,High
27,32,96500,99000,130.068797,130.214767,129.1444,-0.01583,-0.045166,-0.094896,1.663944,1.399778,-0.16006,1.4623402791169822,1.4669892926856267,1.631297016521021,-0.17040208697529308,-0.542216102181819,0.046597257680451046,1.251513854354572,0.9189248943236186,0.7508735049397559,0.537617,0.5356,0.5139,High,High,High
27,33,99500,102000,123.714566,123.413445,120.22303,-0.010923,-0.005628,-0.042514,-1.90973,-1.797174,-3.457217,1.1608247943861434,1.146338480062195,1.2087011034655852,-0.10574547025025875,-0.036755826198446605,0.4653625739254418,-1.423515716998843,-1.1896106494428207,-0.8996764874600726,0.49665,0.4958,0.4873,High,High,High
27,34,102500,105000,122.134187,122.352217,119.610837,-0.011447,-0.013686,-0.024965,-3.378233,-3.382579,-4.516024,1.085834014188911,1.0963064979594892,1.1797021649840356,-0.11264990619155038,-0.13977061965977533,0.6056571891517284,-2.522745515413921,-2.235257501120616,-1.4297130874166062,0.476883,0.4767,0.47,High,High,High
27,35,105500,108000,129.310626,129.683677,125.786938,-0.009743,-0.016061,-0.030482,0.0051,-0.754587,-3.590005,1.4263642032434645,1.441950860440222,1.4722575730903682,-0.0901973129778845,-0.17013300914484056,0.5615518046737853,0.009806649315112726,-0.5019770074710861,-0.9661498863278816,0.46315,0.46215,0.4607,High,High,High
27,36,108500,111000,131.707191,132.212212,129.03948,0.001232,0.013069,-0.055943,-1.927735,-1.842128,-3.003846,1.5400839370183237,1.561159567585214,1.6263270664799652,0.05441372605966421,0.20226968799198072,0.35800509555779675,-1.4369931375560117,-1.2192598612027958,-0.6727199001321706,0.471667,0.47075,0.4627,High,High,High
27,37,111500,114000,120.734831,119.738579,118.581302,-0.016267,-0.016111,-0.04213,-0.741204,-0.710732,-1.099792,1.0194329811369165,0.9730855787612099,1.1309341749390613,-0.17616017572785878,-0.17077221734452616,0.46843244299187825,-0.5488300000321247,-0.47305263629758176,0.2804456043399739,0.501467,0.5013,0.4879,High,High,High
27,38,114500,117000,123.229691,124.44017,119.296271,-0.022421,-0.00808,-0.119929,0.276612,0.000488,-0.386863,1.137816924408035,1.1947438056137265,1.1648015044368107,-0.25724776882463096,-0.06810259631102765,-0.15352782653857178,0.21304360628917038,-0.003970632739953417,0.6373363910181993,0.530933,0.5314,0.5203,High,High,High
27,39,117500,120000,129.387658,129.575891,127.469686,0.013866,-0.054442,-0.143351,3.823765,3.516169,1.241057,1.430019459216969,1.4368692500577962,1.5519675758704574,0.22088442010981366,-0.6608020073874886,-0.34077385068981036,2.868221210378122,2.314781212468964,1.4522697847351285,0.55375,0.55325,0.5438,High,High,High
27,40,120500,123000,126.28173,126.640962,124.16919,0.005874,0.005527,-0.026975,-0.712111,-1.4064,-4.027457,1.2826396446557602,1.2985009491830428,1.3956265519407456,0.11557859560064836,0.10585152315140721,0.5895883432570999,-0.5270527939077314,-0.9318773870792361,-1.1851374550955471,0.5875,0.5866,0.5703,High,High,High
27,41,123500,126000,123.793007,123.627093,122.258188,-0.023442,-0.02287,-0.04436,2.328327,2.519181,0.186005,1.1645469090114648,1.1564109931435302,1.3051043972671068,-0.27070087778657514,-0.25718038177802344,0.4506048179446039,1.748829550107597,1.6572221891528134,0.9241129300322968,0.6384,0.63855,0.6157,High,High,High
27,42,126500,129000,126.799346,126.949794,124.910794,-0.019862,-0.020817,-0.02823,1.573118,1.585725,-0.05251,1.3072011123053373,1.3130609467488275,1.4307555533727636,-0.22352934979072786,-0.23093449309893332,0.5795553076363242,1.1835271729035652,1.0415654152813114,0.8047128130717623,0.687267,0.688,0.6692,High,High,High
27,43,129500,132000,128.953609,129.100693,127.696672,-0.038233,-0.005457,-0.137286,-1.310384,-3.101004,-6.569013,1.409423340720186,1.4144658665895482,1.5627196639377392,-0.46559307627444607,-0.034569734155521906,-0.2922875072316401,-0.974882664999029,-2.049545955956336,-2.4574351456464485,0.7168,0.7174,0.7081,High,High,High
27,44,132500,135000,114.15235,112.288734,108.791892,-3e-05,0.004188,-0.038086,1.829256,3.308421,-7.116707,0.7070867744210226,0.6218599121674787,0.6672201201219189,0.03778510362090461,0.08873352756382727,0.5007620015977876,1.375256111902288,2.1777619384397044,-2.731609632192716,0.72965,0.73025,0.7317,High,High,High
27,45,135500,138000,117.977847,118.237993,113.682944,-0.002267,-0.009093,-0.032227,-3.514638,-3.096306,-8.118303,0.8886109560712288,0.9023399030953108,0.8989041087628582,0.008309486825734097,-0.08105295443665758,0.5476014882130258,-2.6248497948418885,-2.0464474108469273,-3.23300652357147,0.724933,0.726,0.7161,High,High,High
27,46,138500,141000,126.124247,126.230697,122.559655,-0.012553,-0.017516,-0.025619,0.625966,0.812715,-0.558037,1.2751668972718728,1.2791588557428335,1.3193845719623702,-0.12722300953328422,-0.18873396775569107,0.6004288183979537,0.4745482317448222,0.5317300906699644,0.5516470397379756,0.691817,0.69265,0.6711,High,High,High
27,47,141500,144000,130.273519,130.9604,126.374454,-0.025527,-0.033926,-0.059229,0.167752,0.148321,-0.342581,1.4720545707543287,1.5021424331146267,1.5000875880381481,-0.2981736811025924,-0.39852209889249973,0.331735330577822,0.1315577966888731,0.09353196818793791,0.6595038688675856,0.644883,0.6435,0.631,High,High,High
27,48,144500,147000,99.683307,91.450657,88.707658,-0.009911,-0.008014,-0.033224,0.208118,0.32371,-0.321602,0.020514235000224392,-0.3605588475324212,-0.28414891907823003,-0.09241094892852761,-0.06725884148744268,0.5396310208712622,0.16177326784747678,0.20920900696914324,0.6700059129894022,0.63095,0.62915,0.6273,High,High,High
27,49,147500,150000,110.122769,111.009689,99.730647,-0.026656,-0.024519,-0.08062,0.356644,0.335298,0.178886,0.515878574958778,0.5615588679540243,0.23799847544245795,-0.3130498417470928,-0.278261468203654,0.1607260357857828,0.27295057224481056,0.21685182108745515,0.920549173318287,0.6684,0.66765,0.6459,High,High,High
27,50,150500,153000,122.410785,122.674944,118.133837,-0.014922,-0.010826,-0.046664,-0.672984,-0.300244,-5.687065,1.0989589037381864,1.1115215803810423,1.109738228550183,-0.15843791171824576,-0.10320791063775994,0.4321856035459849,-0.4977647609091017,-0.20231709247659285,-2.0159337962423876,0.725433,0.72635,0.7028,High,High,High
27,51,153500,156000,123.280962,124.21566,118.473123,-0.00995,-0.010803,-0.051232,2.018853,2.794855,-3.37306,1.140249791645256,1.1841591995706535,1.1258098494959488,-0.09292482870278405,-0.10291387486590454,0.39566695277650077,1.5171766065080894,1.8390417558814567,-0.8575476668699726,0.762133,0.76295,0.7518,High,High,High
27,52,156500,159000,112.152311,111.606965,110.324586,0.033273,-0.023093,-0.15617,-2.806647,-3.40898,-6.718796,0.6121826501350809,0.5897176633706323,0.7398222227546519,0.4765989016224977,-0.2600312503486211,-0.44325471413420986,-2.094891868838544,-2.2526701638352824,-2.532416206454782,0.775917,0.77615,0.7723,High,High,High
27,53,159500,162000,118.029497,118.186554,116.858306,-0.095739,-0.110433,-0.143613,0.238468,0.497207,-2.008732,0.8910618072893149,0.8999147926314132,1.0493176667333866,-1.223315391617797,-1.3766001335593994,-0.34286839677159764,0.18449138580971292,0.32363818552323037,-0.1745678845815122,0.7834,0.7832,0.7798,High,High,High
27,54,162500,165000,122.042509,122.311791,119.320812,-0.036523,-0.033098,-0.072742,-1.873215,-1.631207,-2.890891,1.0814837888651614,1.0944005994075439,1.1659639857936308,-0.44306142463397147,-0.38793681110570655,0.22370631835189397,-1.3961828643665186,-1.0801478490653722,-0.6161748601502945,0.793583,0.7936,0.7893,High,High,High
27,55,165500,168000,123.677249,124.273356,121.160303,-0.014571,-0.013799,-0.029703,0.423341,0.38575,-0.557155,1.1590540603124686,1.186879298587451,1.2530987396153257,-0.15381299374993782,-0.14121523019106477,0.5677794817642906,0.32287578851259513,0.2501272144165087,0.5520885671184725,0.802917,0.80315,0.7995,High,High,High
27,56,168500,171000,118.390807,118.610125,116.731518,-0.028721,-0.032864,-0.03701,1.515662,1.927286,-2.219223,0.9082063775430712,0.9198842023070201,1.0433118525339447,-0.3402591169737478,-0.38494531673117793,0.5093640305443649,1.1405191931461274,1.2668404612827555,-0.2799392449535636,0.805483,0.80605,0.8063,High,High,High
27,57,171500,174000,120.404826,120.811097,117.607577,-0.044413,-0.037907,-0.085741,1.358363,1.305295,-2.056944,1.0037738687221174,1.0236498320421543,1.0848098458909556,-0.5470232558873892,-0.4494158557514661,0.11978645378260235,1.0227749678630376,0.8566090497999335,-0.1987027123235883,0.793217,0.7938,0.7837,High,High,High
27,58,174500,177000,124.696005,125.047288,122.868518,0.001543,-0.000228,-0.012439,-2.166877,-2.484501,-3.401118,1.2073951906809506,1.2233666057191048,1.3340150873982324,0.058511587849247586,0.032278659367596475,0.7057956785428312,-1.6159999304958819,-1.6429341305868461,-0.8715934437883158,0.7664,0.76645,0.7536,High,High,High
27,59,177500,180000,121.423329,121.722563,116.772556,-0.002141,-0.006573,-0.010363,-2.672526,-2.556924,-4.010421,1.0521029939529774,1.0666212298937228,1.0452557794285773,0.00996971378871643,-0.048836861172504145,0.7223921581832536,-1.9944972494246045,-1.6907003997351464,-1.1766092686396024,0.738417,0.73795,0.7295,High,High,High
27,60,180500,183000,120.721791,121.265427,117.098578,-0.036204,-0.037397,-0.054069,3.778593,4.571431,-1.359895,1.018814218312447,1.0450693860199256,1.0606990986459355,-0.43885815160864317,-0.44289593211467304,0.3729866961580624,2.83440826722853,3.010774594598586,0.15023857911394656,0.723417,0.7228,0.7213,High,High,High
27,61,183500,186000,127.82262,128.005426,125.179245,-0.002678,0.005488,-0.039561,-1.045862,-1.857263,-3.313956,1.355756626910089,1.3628291033853313,1.4434717948755422,0.0028939845893393365,0.10535294075565246,0.4889701868243662,-0.7768779862640498,-1.2292420834741673,-0.8279603263973171,0.7217,0.7218,0.722,High,High,High
27,62,186500,189000,129.225577,130.46262,124.707298,0.003729,0.010895,-0.036392,-1.596675,-1.922981,-3.60257,1.4223285315058645,1.4786744129991707,1.421116161897785,0.08731520801654431,0.1744769154696515,0.5143046010731611,-1.1891822600410895,-1.272586099544863,-0.972439899407181,0.719733,0.7204,0.716,High,High,High
27,63,189500,192000,113.992422,112.307875,110.251087,-0.010885,-0.000105,-0.047546,-0.574426,-1.598902,-2.50067,0.6994980090075474,0.6227623216114695,0.7363406524337639,-0.10524476688047044,0.03385111153882301,0.42513449803401354,-0.4239903862757552,-1.0588412292783453,-0.4208310325484384,0.704883,0.70515,0.6959,High,High,High
27,64,192500,195000,120.797057,121.750046,117.042495,-0.00024,0.00034,-0.007783,3.810984,3.472884,0.204774,1.022385675578283,1.0679169259780033,1.05804250592622,0.035018058682600724,0.039540064516024716,0.7430178409733739,2.858654150553564,2.2862327822729744,0.933508652713186,0.682533,0.68235,0.6735,High,High,High
27,65,195500,198000,125.972901,126.391381,124.308851,0.006264,0.000373,-0.023319,-0.267581,-0.005024,-5.012661,1.267985357514808,1.2867343616776474,1.4022421466098645,0.12071739334321271,0.0399619419278172,0.6188160549937973,-0.1943053481827622,-0.007606047947075893,-1.67832854508983,0.664833,0.66455,0.6601,High,High,High
27,66,198500,201000,126.248685,126.864706,123.00872,-0.022152,-0.016498,-0.042758,-0.467933,-0.061919,-5.997518,1.2810716218386906,1.3090494418760246,1.3406563086683063,-0.2537033160227084,-0.17571968881009256,0.4634119279561436,-0.3442763653152145,-0.04513089341319223,-2.1713459275999494,0.654733,0.65465,0.6512,High,High,High
27,67,201500,204000,120.548351,120.447038,119.051872,-0.010319,-0.007122,-0.035399,0.241523,1.986022,-4.989139,1.010584293137911,1.0064861373673728,1.1532245808752013,-0.09778692195151803,-0.055855367205051853,0.5222430906121492,0.18677816835912414,1.3055795301516862,-1.6665534804140416,0.646967,0.64685,0.6443,High,High,High
27,68,204500,207000,121.611075,121.097553,120.666537,-0.007935,-0.002089,-0.031166,1.030015,1.255204,-0.585777,1.0610117550912297,1.037154904906056,1.2297095635576432,-0.06637437369953478,0.008487330175299035,0.5560836003991952,0.7769941244803588,0.8235717524233057,0.5377604529636208,0.64185,0.6417,0.6407,High,High,High
27,69,207500,210000,126.747617,127.075484,125.006793,0.023153,0.024262,0.00399,-0.195486,-0.116032,-5.253314,1.304746512447441,1.3189866477579315,1.4353029250272753,0.3432536884051863,0.34536283557359554,0.8371365089920114,-0.14033952562963495,-0.08082088309080807,-1.7987989404398226,0.6409,0.6408,0.6407,High,High,High
27,70,210500,213000,123.017337,123.372758,117.802353,-0.142264,-0.148995,-0.270707,1.547602,2.238969,-6.394777,1.1277404856942812,1.1444202765698142,1.0940361801379694,-1.8363476094967903,-1.869583065484909,-1.3589151132551387,1.1644274859867805,1.4724096046066952,-2.370212963482913,0.6417,0.64175,0.6418,High,High,High
27,71,213500,216000,117.054291,117.124033,116.015444,0.028713,0.030728,0.006733,-2.499578,-1.554669,-7.461352,0.8447871739304674,0.8498218515709159,1.0093921803484782,0.4165144972478989,0.42802523995693526,0.8590652872452283,-1.8650391583098496,-1.0296675498776473,-2.904138208214616,0.6414,0.6415,0.6408,High,High,High
27,72,216500,219000,121.798589,121.679093,118.600868,-0.014448,-0.01536,-0.016497,-1.576619,-1.585429,-2.895253,1.0699095075657337,1.0645718208487251,1.1318609957787809,-0.15219229600035983,-0.16117131018524872,0.6733541976272082,-1.1741695887445291,-1.0499551717519373,-0.6183584683517991,0.639183,0.63915,0.6381,High,High,High
27,73,219500,222000,126.015785,126.367944,124.34014,-0.014374,-0.010502,-0.067126,-1.726699,-1.678406,-2.485769,1.2700202520673034,1.2856294157428048,1.4037242736288753,-0.1512172420697194,-0.09906584150379734,0.26860315344852764,-1.2865101206645422,-1.111277740640295,-0.4133716226881406,0.638533,0.6383,0.6379,High,High,High
27,74,222500,225000,119.983688,119.435219,117.41131,-0.00378,0.003781,-0.069476,3.427604,4.035385,-1.80939,0.98379039185315,0.958783560636286,1.075512884542233,-0.011626413134522047,0.08353037281838661,0.2498161943179919,2.571679782699789,2.657227827523627,-0.07477769060986728,0.645317,0.645,0.6408,High,High,High
27,75,225500,228000,117.155017,116.584149,115.854359,-0.168231,-0.134904,-0.45601,0.022296,-0.336526,-0.756608,0.8495667371403974,0.8243688229799466,1.0017617533339576,-2.178499304320301,-1.689441410649518,-2.8403108101767063,0.022678502905841297,-0.22624672501375134,0.4522428067758127,0.66125,0.661,0.6533,High,High,High
27,76,228500,231000,122.311061,122.749817,118.94739,0.043819,0.048391,0.013034,-3.277428,-3.462018,-4.617583,1.0942268865673752,1.1150514953436854,1.1482753784334396,0.6155572631432256,0.6538319285778648,0.909438321067146,-2.4472891766599436,-2.2876511420202172,-1.480553313307619,0.6843,0.6843,0.6737,High,High,High
27,77,231500,234000,120.967797,121.289203,117.732283,-0.029235,-0.004702,-0.11686,1.457107,1.632682,-4.161785,1.030487482683336,1.0461903142337248,1.0907170379403255,-0.3470317888703583,-0.024917690340269583,-0.12899285735916147,1.096688570501029,1.0725356968271842,-1.2523817747864456,0.708733,0.709,0.6989,High,High,High
27,78,234500,237000,121.671763,121.885913,118.273341,-0.023328,-0.021057,-0.045033,0.136923,0.238173,-3.224558,1.0638914696841275,1.074322425373372,1.1163463862944405,-0.2691987676772102,-0.23400269245742414,0.44522455262764615,0.10848112918779311,0.1527934571557116,-0.7832078720190269,0.728967,0.729,0.7211,High,High,High
27,79,237500,240000,125.326595,125.357508,124.707469,0.020951,0.01922,0.0141,-1.086689,-1.151134,-1.924208,1.237317403064545,1.2379920410524181,1.421124261987921,0.3142392457663998,0.2809050807173013,0.9179604055067848,-0.8074385332836285,-0.7635178264367605,-0.13225534454850693,0.747983,0.7478,0.7397,High,High,High
27,80,240500,243000,117.915901,118.376899,110.982993,0.013352,0.014292,0.005146,0.054558,0.127175,-0.454373,0.8856715479481791,0.9088886772569028,0.771010269806516,0.21411174821320317,0.2179047205562901,0.8463780939940962,0.04682782487281531,0.07958521746772532,0.6035410242865233,0.770483,0.7705,0.7605,High,High,High
27,81,243500,246000,110.049808,109.084001,106.725767,0.02857,0.033688,-1e-06,0.291674,-0.14148,-2.088847,0.5124164925633711,0.4707716030577013,0.5693499521026951,0.4146302714089587,0.4658663653783219,0.8052306562728758,0.22431808051477828,-0.09760499887289312,-0.21467328830997032,0.792083,0.7925,0.7842,High,High,High
27,82,246500,249000,119.669618,120.18041,115.923681,-0.040401,-0.032851,-0.123517,-0.931437,-0.973842,-1.547402,0.9688874133039888,0.9939158628136664,1.005045463558377,-0.4941595211613167,-0.38477912259925967,-0.18221191562808783,-0.691226564589293,-0.6465856724271163,0.05637296172753929,0.804083,0.8045,0.801,High,High,High
27,83,249500,252000,122.223442,122.808588,119.491915,0.038534,0.033877,0.019086,0.84445,0.457735,-0.988934,1.0900692654080832,1.1178222756285614,1.174068954930829,0.5459199655292443,0.4682825723731333,0.9578207366662962,0.6380917337171844,0.2976046026031399,0.3359408904478118,0.80485,0.80505,0.8032,High,High,High
27,84,252500,255000,116.007351,115.727623,114.554707,0.02032,0.032895,-0.01419,-1.318085,-1.860561,-2.562715,0.7951086807211228,0.7839875915174311,0.9401986051185682,0.30592493454701997,0.4557285233313085,0.6917973953779087,-0.9806471535139278,-1.2314172647791544,-0.4518906315540202,0.80105,0.80105,0.7995,High,High,High
27,85,255500,258000,122.273704,122.720349,118.407812,-0.081474,-0.087067,-0.214826,2.831351,2.739137,-1.489868,1.0924542544482265,1.1136622157085811,1.1227161361226037,-1.035353981880154,-1.0778853576823322,-0.9121772140323843,2.1253619576804423,1.8022931955566288,0.08517436343899304,0.797317,0.79725,0.7959,High,High,High
27,86,258500,261000,122.981541,123.03286,121.498751,0.042932,0.042022,0.02669,-0.05772,-0.163442,-0.701349,1.1260419247997493,1.1283956610746089,1.2691306653825325,0.6038697923800087,0.572409588101915,1.0186105397422938,-0.037216486447248794,-0.11208993878196856,0.47990534818042946,0.793583,0.79365,0.7917,High,High,High
27,87,261500,264000,116.675341,116.046558,115.163148,0.024259,0.035382,-0.011774,-0.886228,-0.822533,-1.896462,0.8268055656227504,0.7990238987124232,0.9690198153066187,0.3578267917469201,0.4875227391836694,0.7111119882542383,-0.6573859255463036,-0.5467904910819612,-0.11836575418652982,0.7887,0.7887,0.7864,High,High,High
27,88,264500,267000,119.071392,118.839979,117.267679,0.011155,0.006479,0.00301,-1.611455,-2.180832,-3.035782,0.9405009095132719,0.9307207531841506,1.0687092351489151,0.18516318759675723,0.11802204727342072,0.8293019473120433,-1.200245646646752,-1.4426505854976455,-0.6887069958504763,0.782133,0.7824,0.7782,High,High,High
27,89,267500,270000,122.448913,123.125883,117.878193,-0.010748,-0.004948,-0.087555,4.068207,3.846523,1.5686,1.100768120683843,1.1327812644238797,1.0976286411665026,-0.10343959946833885,-0.028062594682722663,0.10528452022396748,3.051195252912716,2.532664731216014,1.6162371348372366,0.769167,0.7694,0.7616,High,High,High
27,90,270500,273000,113.264116,113.570364,110.924159,0.014888,0.021789,-0.040542,1.157576,1.227198,0.146954,0.6649390613359284,0.6822828271511491,0.76822336511041,0.23435070547622594,0.3137475980171466,0.4811276306937042,0.8724783368487541,0.8051005190614277,0.9045640799917298,0.748817,0.74885,0.7393,High,High,High
27,91,273500,276000,120.629611,120.96272,116.624249,-0.012717,0.006363,-0.112151,-0.20242,0.425348,-7.56433,1.014440172518001,1.030798153818774,1.0382306328336588,-0.12938393986605487,0.11653908425015017,-0.09134698904184514,-0.14552988575978798,0.2762439000789971,-2.9556887825783327,0.727133,0.7269,0.7194,High,High,High
27,92,276500,279000,122.898793,125.16303,113.821438,-0.153944,-0.142455,-0.261507,-0.35456,0.627831,-6.239367,1.1221154381280325,1.228823304630679,0.9054644238694727,-1.9902480136843592,-1.7859746329660349,-1.2853661668717644,-0.2594124052581274,0.40979066665805736,-2.2924150380826793,0.712283,0.71185,0.7088,High,High,High
27,93,279500,282000,105.787691,105.553891,103.799293,0.048697,0.047841,0.021519,-0.373306,-0.242176,-1.210818,0.3101741955435504,0.3043432763073864,0.43072595690207094,0.6798317641386846,0.6468006383813233,0.977271235204421,-0.27344449222089773,-0.16401860005148616,0.2248662177787082,0.707633,0.7075,0.7075,High,High,High
27,94,282500,285000,110.937199,110.749146,106.571936,-0.231671,-0.221135,-0.536062,-2.706965,-2.972083,-4.569008,0.5545242043401047,0.5492754729503255,0.5620631394381341,-3.014410403777439,-2.79183265599127,-3.480282577120389,-2.0202761378760523,-1.9645166809350305,-1.4562367685143862,0.70895,0.7088,0.7077,High,High,High
27,95,285500,288000,123.499659,124.658794,118.255512,-0.093418,-0.053403,-0.249014,1.675335,4.425687,-6.223849,1.1506272129200221,1.205050914034558,1.115501845317677,-1.1927329568473048,-0.6475192609980223,-1.1854914943535586,1.2600404468325896,2.914649784376007,-2.284646759295209,0.71345,0.7135,0.7114,High,High,High
27,96,288500,291000,113.634328,115.889747,95.165931,0.030558,0.027886,-0.008528,-1.497821,-1.198436,-4.17998,0.6825060416098863,0.7916309867787882,0.0217726798685989,0.44082496349156886,0.39169264588680675,0.7370619752064593,-1.1151863182605661,-0.7947156512058655,-1.2614901542514556,0.71905,0.719,0.7163,High,High,High
27,97,291500,294000,95.546115,97.278,87.97654,-0.011261,-0.006313,-0.057605,-2.27671,-2.220094,-3.480127,-0.17580022874913417,-0.08582663100371302,-0.31878120971983126,-0.1101990949604812,-0.04551297853413911,0.3447183185046263,-1.6982140672387578,-1.4685456638470726,-0.9111451861983735,0.72515,0.72515,0.7229,High,High,High
27,98,294500,297000,103.577964,104.359164,98.522167,-0.012485,-0.01534,-0.031542,2.954838,2.647072,-0.782073,0.20532013727468612,0.24801743503518223,0.18075404896880684,-0.12632701402945246,-0.16091562690537445,0.5530776869383095,2.2177966276245167,1.7415721322322948,0.43949508030829487,0.732767,0.73235,0.7285,High,High,High
27,99,297500,300000,113.406124,113.541616,109.12844,-0.079281,-0.117692,-0.23921,1.336227,0.621102,0.334534,0.6716775023771272,0.6809274921793163,0.6831620448876194,-1.0064581268815804,-1.4694003799897526,-1.107113899751102,1.0062053382349632,0.4053525844866627,0.9984662410275434,0.75105,0.7504,0.741,High,High,High
27,100,300500,303000,120.094519,120.660057,117.75838,0.034772,0.049155,-0.034025,0.110808,0.059775,-0.342393,0.9890494488009073,1.0165289960137107,1.0919532253804844,0.4963503319202002,0.6635990298690604,0.5332274658654923,0.08893306821303874,0.03513184574057456,0.659597981279755,0.783517,0.78365,0.7683,High,High,High
27,101,303500,306000,101.296088,98.295145,95.183462,0.035829,0.034796,0.011231,0.16789,0.143094,0.004733,0.09704252693353423,-0.03787295805515091,0.0226031048988103,0.5102777914429966,0.4800312190833544,0.8950243264661434,0.13166109488586777,0.09008452346957267,0.8333685407835284,0.810733,0.8124,0.8034,High,High,High
27,102,306500,309000,102.872003,103.83387,95.541401,0.038157,0.037919,0.0297,-1.285203,-1.169339,-2.031011,0.17182148525588722,0.2232522573291107,0.03955829883462334,0.5409524610447655,0.519956163235716,1.0426738363307673,-0.9560337381981372,-0.7755248536221131,-0.18572070602152105,0.796767,0.79965,0.7741,High,High,High
27,103,309500,312000,112.397195,112.373214,110.327041,0.047918,0.05572,-0.000721,-0.2497,-0.703917,-1.211859,0.6238026743304284,0.6258427526579639,0.7399385135223872,0.6695673450580241,0.7475270664877776,0.7994746517733075,-0.18092074629535712,-0.4685578332067727,0.22434509532621705,0.621083,0.62075,0.4839,High,High,High
34,0,500,3000,98.599659,98.220841,97.207614,0.003025,0.016905,-0.044176,1.368867,1.435675,0.59595,-0.030906094540455446,-0.0413760473047373,0.11848505605687089,0.07803901927099222,0.2513097410718587,0.45207579687227134,1.0306376074371835,0.9426006018145612,1.129330551344945,-0.087233,-0.08935,-0.0931,Medium,Medium,Medium
34,1,3500,6000,102.287934,102.896406,98.133941,-0.006755,-0.014448,-0.043669,0.80648,0.748809,0.522468,0.14410674720949634,0.17905517426125792,0.1623641917000397,-0.05082621642716053,-0.14951215262298367,0.4561289833740508,0.6096697587904594,0.48958117118041994,1.09254561373308,-0.01185,-0.00905,-0.0684,Medium,Medium,Medium
34,2,6500,9000,105.338476,105.788645,101.918414,-0.02661,-0.022619,-0.070289,0.880732,0.924955,0.600324,0.2888584331053635,0.3154108394762239,0.3416306970538864,-0.3124437271415596,-0.2539715566156018,0.2433167059038958,0.665250177074873,0.6057574859615875,1.1315201667216945,0.090633,0.0937,0.0641,High,High,High
34,3,9500,12000,99.059486,99.193046,93.603744,0.011519,0.008941,-0.007496,0.07949,0.028276,-0.464551,-0.009086780638060501,0.004458912911315446,-0.05222647515224766,0.18995939882315063,0.14949665902593887,0.7453122483225073,0.0654903657965211,0.014356819686664753,0.5984459384830128,0.111183,0.11185,0.1075,High,High,High
34,4,12500,15000,100.916547,102.001848,94.915381,-0.007019,-0.0124,-0.022555,-0.335497,-0.277201,-0.603419,0.07903287500394142,0.13688091025217367,0.009904389906850742,-0.05430478720674258,-0.12333018476386212,0.6249238153238948,-0.2451430318573331,-0.18711918380138903,0.5289289041578109,0.104767,0.1045,0.1037,High,High,High
34,5,15500,18000,100.844108,100.690518,100.275417,0.008642,-0.002396,-0.014219,-0.69409,-0.692726,-1.501843,0.07559556210196888,0.0750577779085669,0.2638036573321464,0.1520508831683873,0.004562591829229549,0.6915655563077872,-0.5135633967480129,-0.46117685868157166,0.07917970314256552,0.122883,0.12165,0.1094,High,High,High
34,6,18500,21000,107.008522,107.689369,101.617761,-0.004933,-0.011492,-0.029015,0.570344,0.545072,0.260419,0.3681040143901483,0.40502116746435013,0.32738908068242606,-0.026818807486257232,-0.11172216385757193,0.573279663841656,0.4329130700546905,0.35520733445082786,0.9613644249215122,0.1714,0.17105,0.148,High,High,High
34,7,21500,24000,97.154099,95.748967,94.796868,-0.007756,-0.009023,-0.106355,-0.483128,-0.614059,-1.685134,-0.09949955991927348,-0.15791345088638403,0.0042905537534420266,-0.06401579729974242,-0.08015806295709776,-0.04501115282031933,-0.35565039504952023,-0.4092923869655514,-0.012575393341149616,0.229433,0.2297,0.2055,High,High,High
34,8,24500,27000,98.625262,97.71748,96.308186,-0.014869,-0.004264,-0.077921,-2.344114,-1.909651,-5.265129,-0.029691203083792188,-0.06510718570591029,0.07588009775028516,-0.15773956228143574,-0.019318226511023877,0.18230305820847048,-1.748668499631725,-1.263794357035621,-1.804713505066319,0.281867,0.2817,0.2609,High,High,High
34,9,27500,30000,107.352799,108.084487,101.036624,-0.006441,0.000674,-0.044215,1.535334,1.744582,0.489283,0.3844403494300108,0.42364915005099196,0.29986123225496525,-0.046688825424172804,0.04380997528992442,0.4517640132952114,1.1552444259814851,1.1463388466234479,1.0759332711913727,0.3368,0.3365,0.3123,High,High,High
34,10,30500,33000,96.405931,96.176387,95.777421,0.01929,0.01516,-0.025524,1.238526,1.252835,1.038118,-0.13500098207092404,-0.13776257869837247,0.05073831797959193,0.2923532379448628,0.22900137490283184,0.601188291213869,0.9330724603757068,0.8220092889571095,1.3506789399838386,0.396583,0.39715,0.3721,High,High,High
34,11,33500,36000,94.018506,94.081393,92.644399,-0.008695,-0.01034,-0.022167,0.518209,0.535283,0.182482,-0.24828701245501333,-0.23653183687218246,-0.09766963872579822,-0.07638844109530125,-0.09699480693681606,0.6280256621931067,0.393888059182823,0.34875104282119757,0.9223493234999951,0.43945,0.4416,0.4277,High,High,High
34,12,36500,39000,102.923593,103.415291,96.930533,-0.002904,-0.005989,-0.019582,-0.122963,-0.151102,-0.367486,0.1742694894057617,0.20351819731885004,0.10536002053146197,-8.388282045437806e-05,-0.04137090940017653,0.6486913172366962,-0.08605332895829229,-0.10395114639156736,0.6470364772448277,0.43205,0.43395,0.4147,High,High,High
34,13,39500,42000,106.275544,109.547058,94.176533,-0.007357,-0.001467,-0.031691,0.268537,0.422493,-0.358512,0.3333233750071857,0.49260259464153905,-0.02509406270403509,-0.058758411916965035,0.016439080179387704,0.5518865137849267,0.20699916468966276,0.27436089746355175,0.6515288431321046,0.374433,0.3754,0.3417,High,High,High
34,14,42500,45000,85.100664,84.792721,83.490843,-0.006346,-0.011192,-0.023299,-0.743286,-0.57802,-2.319355,-0.6714487535662572,-0.674449674756129,-0.5312639583789531,-0.045437066999702,-0.1078869146594584,0.6189759440076742,-0.5503884554389574,-0.3855230240030175,-0.3300651175883758,0.2959,0.2957,0.2645,High,High,High
34,15,45500,48000,97.291287,98.705671,89.439721,-0.010594,-0.019324,-0.034706,0.648637,0.679532,0.348028,-0.0929898333576718,-0.018518559674506118,-0.24947186478061587,-0.10141043318024931,-0.2118477362563218,0.5277832449429838,0.49151832902066583,0.4438898324097698,1.005221309590382,0.225983,0.22525,0.2009,High,High,High
34,16,48500,51000,90.664053,88.94369,82.257991,-0.003342,-0.006291,-0.019297,-0.038337,0.175126,-1.332989,-0.4074596208008258,-0.4787507234309785,-0.5896628608571844,-0.0058551479774882126,-0.045231726926277444,0.650969735684442,-0.022707580995452344,0.11121108731473725,0.16370766720878402,0.173983,0.17335,0.1577,High,High,High
34,17,51500,54000,90.849116,90.940447,83.333333,0.017035,0.02639,-0.027136,0.178892,0.182735,-0.141606,-0.3986781710627311,-0.3846128845429614,-0.5387250414037983,0.2626404458692662,0.37256753655221403,0.5883012366953907,0.13989650621438576,0.11622956959176826,0.7601115392704678,0.148067,0.14705,0.1459,High,High,High
34,18,54500,57000,95.271844,95.338616,93.391069,-0.008356,-0.005403,-0.034487,-0.645237,-0.747818,-0.908766,-0.18881469950296917,-0.17725959882803935,-0.062300666202396535,-0.0719216399806107,-0.03387938929986147,0.5295340296449359,-0.4769950864742363,-0.49751254347670804,0.3760728258669348,0.156883,0.15595,0.1489,High,High,High
34,19,57500,60000,101.687995,102.365307,98.066181,-0.004603,-0.015669,-0.027725,0.385334,0.419963,-0.443127,0.11563895962136224,0.15401631770756274,0.15915447177264813,-0.022470594011779692,-0.16512161685930557,0.583592505236716,0.29442611769247296,0.2726922471598471,0.6091707486868259,0.184283,0.18475,0.1723,High,High,High
34,20,60500,63000,95.314374,94.908946,91.271614,-0.010774,-0.008267,-0.055355,0.060645,0.192228,-0.749944,-0.18679660265291723,-0.19751654808877284,-0.16269702022704854,-0.1037821859845098,-0.07049323497785173,0.36270583256577765,0.05138417360547202,0.12249063573132081,0.45557879142845503,0.20335,0.2036,0.1983,High,High,High
34,21,63500,66000,96.79594,97.521719,92.283286,-0.018165,-0.01764,-0.044421,-1.539686,-1.546754,-2.732358,-0.11649461164082922,-0.07433640963178419,-0.11477518170307513,-0.20116899140833874,-0.1903192040909113,0.4501171564522793,-1.146523847370583,-1.0244472466547927,-0.536813567392588,0.2101,0.21,0.2086,High,High,High
34,22,66500,69000,104.687913,105.289679,99.571964,0.01342,0.024384,-0.026282,1.106511,1.131379,0.384623,0.25798847916554757,0.2918869049571022,0.2304818286414195,0.21500774371703493,0.3469225035808284,0.5951284975879344,0.8342542612724252,0.7419035216500943,1.023540691097502,0.21875,0.2182,0.2131,High,High,High
34,23,69500,72000,99.164864,99.186202,96.930533,0.021233,0.025961,-0.028961,0.098439,0.006855,-1.204266,-0.004086474739524134,0.004136250028776569,0.10536002053146197,0.31795499182640785,0.36708313019891176,0.5737113641791236,0.07967440590414587,0.00022869393344077785,0.22814613546239856,0.236367,0.23665,0.2289,High,High,High
34,24,72500,75000,99.088758,98.808665,96.774194,-0.018119,-0.02253,-0.060498,-0.020874,0.093178,-0.798006,-0.007697790960310567,-0.013662869884294628,0.0979544065449134,-0.2005628768028055,-0.25283376602016144,0.3215903726473326,-0.009635867849668843,0.05716264656849765,0.43151905337693963,0.245533,0.24575,0.2464,High,High,High
34,25,75500,78000,103.587872,103.784476,102.78588,-0.010936,-0.01699,-0.045765,-2.342498,-2.212486,-4.062176,0.2057902831385548,0.22092355913797612,0.38272164903934935,-0.10591676350834422,-0.18200949749499876,0.4393726147197516,-1.7474588627741643,-1.4635278411156163,-1.2025177148727215,0.233767,0.2343,0.2243,High,High,High
34,26,78500,81000,107.218758,107.993182,103.455067,0.01443,0.017355,-0.021397,1.171517,1.273169,0.315764,0.3780799515960621,0.4193445424399158,0.4144203333523893,0.22831591222982983,0.257062614869029,0.6341813892273674,0.882913700358195,0.8354204886707577,0.9890700177487172,0.20755,0.2078,0.1947,High,High,High
34,27,81500,84000,102.549301,101.770076,100.532773,-0.019698,-0.003241,-0.088271,0.002125,0.342143,-2.305909,0.15650890849347282,0.12595393456371845,0.2759943403550784,-0.22136841945795718,-0.00624002674545682,0.09956049352717436,0.007579749778452021,0.22136641054550182,-0.3233340777265168,0.1737,0.1741,0.1573,High,High,High
34,28,84500,87000,107.226947,107.328643,106.19469,-0.016753,-0.00988,-0.06608,0.29053,0.357658,-0.882418,0.3784685289556925,0.38801460829329487,0.5441933932201753,-0.1825639082993621,-0.09111409149970867,0.27696534887428964,0.22346175343244556,0.23159926013521612,0.3892625803128864,0.131083,0.13135,0.1115,High,High,High
34,29,87500,90000,109.274712,109.207933,106.618709,0.013995,0.010433,-0.039025,0.564106,0.83099,-1.196835,0.4756373061987368,0.47661442251398434,0.5642787272504703,0.22258417628620034,0.1685706317045567,0.49325521239626713,0.42824369213546715,0.5437832860455383,0.23186607873277454,0.0827,0.0828,0.0619,High,High,High
34,30,90500,93000,95.417053,95.186971,88.105727,-0.013273,-0.019987,-0.084716,-1.463557,-2.176383,-5.216965,-0.18192436737272732,-0.18440895780270355,-0.31266175741375124,-0.13671002075032612,-0.22032363698415267,0.1279807657437935,-1.0895384238995098,-1.4397162672363086,-1.7806027060252223,0.03225,0.0324,0.0106,Medium,Medium,Medium
34,31,93500,96000,103.653438,103.633629,102.739726,-0.009031,-0.005285,-0.041918,1.281025,1.100076,0.498647,0.2089014643769862,0.2138118221651043,0.38053538260592473,-0.0808157129965875,-0.0323708579486035,0.47012726653897347,0.9648845623617719,0.7212577665288037,1.0806208702741074,-0.022517,-0.0223,-0.047,Medium,Medium,Medium
34,32,96500,99000,102.567258,102.975154,101.446617,-0.002773,-0.009682,-0.027241,0.744597,0.721779,0.504772,0.15736098855781266,0.18276777751581216,0.3192821694183535,0.0016422261648685274,-0.08858282702895376,0.587461819372537,0.5633480028149385,0.4717536542993386,1.0836870326386683,-0.08115,-0.08135,-0.1049,Medium,Medium,Medium
34,33,99500,102000,100.69659,100.669847,99.173554,-0.025849,-0.032715,-0.076607,-0.652422,-0.781754,-1.78395,0.06859566529674957,0.07408323605512478,0.2116095660045806,-0.30241648334132504,-0.38304047629611493,0.19280776642018294,-0.4823733295568941,-0.5198948820958859,-0.06204247909077618,-0.135967,-0.13625,-0.1572,Medium,Medium,Medium
34,34,102500,105000,103.159911,103.262948,99.023975,-0.011756,-0.007053,-0.048489,-0.219145,1.209015,-4.296508,0.18548304716288788,0.19633593087895906,0.20452416610760063,-0.11672141517219754,-0.05497325988948575,0.4175957310297177,-0.15804917811294777,0.7931080018787157,-1.3198238306624874,-0.185217,-0.18545,-0.2044,Medium,Medium,Medium
34,35,105500,108000,99.019309,97.324098,96.117608,0.013866,0.015838,-0.02026,0.051446,0.230497,-1.303937,-0.010993224963114296,-0.08365332393777566,0.06685261834765084,0.22088442010981366,0.23766903809056839,0.6432710796662693,0.0444983756768193,0.1477307853251833,0.17825103847657622,-0.225867,-0.2268,-0.238,Medium,Medium,Medium
34,36,108500,111000,99.3459,99.523086,98.360656,0.000231,-0.007758,-0.029747,-0.278229,-0.023918,-1.885991,0.004503889270492819,0.0200187693918998,0.17310344278236994,0.04122414518708231,-0.06398609550505249,0.5674277259337615,-0.20227577717985906,-0.020067502033319008,-0.11312399318745735,-0.24215,-0.2425,-0.2437,Medium,Medium,Medium
34,37,111500,114000,100.071615,99.385271,98.684211,-0.021558,-0.017781,-0.060875,-2.411391,-2.203661,-4.196249,0.03893989104654397,0.013521430824236142,0.1884299028046144,-0.24587653176864882,-0.19212177121402468,0.3185764647357531,-1.7990278677419513,-1.4577073514198875,-1.269634382089667,-0.223933,-0.2247,-0.2364,Medium,Medium,Medium
34,38,114500,117000,107.85363,107.596929,106.502446,0.007076,0.008999,-0.024532,-2.807434,-3.820621,-5.050359,0.4082053497476304,0.40066304986325596,0.5587714712304241,0.13141663377132112,0.15023814053757417,0.6091187863021633,-2.095480967976478,-2.52416616370377,-1.69720008612154,-0.186583,-0.18625,-0.203,Medium,Medium,Medium
34,39,117500,120000,114.428236,114.903958,114.942529,-0.009054,-0.01404,-0.031697,3.208616,3.346804,1.371954,0.7201778787608636,0.7451556039156861,0.9585693253322781,-0.0811187702993541,-0.14429621371354925,0.5518385470807635,2.4077590177470984,2.20307727622907,1.5177965529039357,-0.15245,-0.15225,-0.1653,Medium,Medium,Medium
34,40,120500,123000,110.896434,110.917964,108.499096,-0.010908,-0.005901,-0.059896,1.404783,1.971989,-0.405712,0.5525898587465853,0.557234459289373,0.6533506815761593,-0.10554782418323704,-0.040245902968729895,0.32640303196502735,1.0575220860115384,1.2963241271035095,0.6279006205023444,-0.12365,-0.12365,-0.1355,Medium,Medium,Medium
34,41,123500,126000,108.657717,108.737754,108.117354,-0.009644,-0.022767,-0.04265,0.009845,0.153963,-1.539789,0.44636019202056154,0.45444766163595607,0.6352679645672691,-0.08889284893554122,-0.2558636128866711,0.46427532863107884,0.013358460508879127,0.09725312431975666,0.06018401382246219,-0.096683,-0.0961,-0.1071,Medium,Medium,Medium
34,42,126500,129000,112.187009,112.573923,109.245508,0.003137,-0.001884,-0.035477,0.816479,1.159687,-0.312747,0.6138291096813568,0.6353052518530958,0.688707432910936,0.07951477657142095,0.011108083794009932,0.5216195234580293,0.6171543868466174,0.7605739377754976,0.6744387077221675,-0.087033,-0.0859,-0.0848,Medium,Medium,Medium
34,43,129500,132000,104.454878,107.77773,84.269663,0.003743,0.001255,-0.032216,0.4938,0.526324,0.216653,0.246930703490686,0.40918697911894036,-0.4943720741721741,0.0874996776790979,0.0512375745702709,0.5476894271706579,0.37561700345497384,0.3428421740184744,0.9394552556076546,-0.116717,-0.11545,-0.1391,Medium,Medium,Medium
34,44,132500,135000,80.808062,80.716486,79.381966,-0.016617,-0.014799,-0.09166,-0.343415,-0.425862,-0.718398,-0.8751375984928214,-0.866625264324462,-0.7258971399920324,-0.1807719172916986,-0.15399939418477643,0.0724673001257335,-0.25106995304431784,-0.28516788846503827,0.4713706539513028,-0.17805,-0.17805,-0.2063,Medium,Medium,Medium
34,45,135500,138000,91.201507,89.758889,84.00401,-0.014434,-0.018879,-0.056973,-0.047525,0.289563,-1.02815,-0.3819568174985014,-0.44031786849486365,-0.5069557773579982,-0.15200782633780624,-0.2061587832791201,0.34977081134313637,-0.029585145009851856,0.18668750423372757,0.31630944174762804,-0.238717,-0.23975,-0.2581,Medium,Medium,Medium
34,46,138500,141000,102.062403,101.913979,100.840336,-0.01702,-0.025154,-0.03692,-2.253207,-2.770697,-3.246657,0.1334050448655255,0.13273829411748578,0.29056327615833105,-0.18608200829234847,-0.2863794123396609,0.5100835311068109,-1.6806211866303087,-1.831693435851292,-0.794270585830363,-0.275317,-0.27615,-0.2843,Medium,Medium,Low
34,47,141500,144000,104.809955,105.19306,102.495636,0.012836,-0.000127,-0.041714,-0.463702,-1.219752,-4.182979,0.26377951080848333,0.2873317668729379,0.36897309604929707,0.20731272350765645,0.03356985993096136,0.4717581344805178,-0.34110930247837035,-0.8087745246737578,-1.2629914474647321,-0.289417,-0.29,-0.2909,Low,Low,Low
34,48,144500,147000,101.513898,100.705918,96.930533,-0.008518,-0.006426,-0.023003,1.405291,1.500451,-1.010271,0.10737785904991844,0.0757838165396449,0.10536002053146197,-0.07405621750444512,-0.04695758906542853,0.6213423014130524,1.0579023431425043,0.9853233259539962,0.3252596322645238,-0.28325,-0.2845,-0.2901,Low,Low,Low
34,49,147500,150000,101.287884,100.700427,97.620413,-0.004574,-0.009516,-0.038033,-2.442435,-3.576188,-3.961042,0.09665323780685164,0.07552494133683688,0.13803891048879868,-0.022088478282204387,-0.08646065580599763,0.5011857074845614,-1.8222654708397983,-2.362951460270793,-1.151890243104964,-0.248183,-0.2488,-0.2673,Medium,Medium,Medium
34,50,150500,153000,110.762542,110.979632,107.273726,0.001794,0.006677,-0.06272,2.441065,2.417643,1.830305,0.546236531132027,0.5601418196985495,0.5953061935680688,0.061818865370744144,0.12055331174417563,0.30382670320560895,1.8332181887509769,1.5902532506004183,1.747246117958452,-0.200267,-0.19915,-0.2188,Medium,Medium,Medium
34,51,153500,156000,98.754749,98.832538,95.69378,-0.003731,0.000255,-0.046582,0.300164,0.846613,-1.663055,-0.023546897727039905,-0.012537368570026977,0.046776331786454586,-0.010980769315584473,0.03845341057655922,0.4328411485028802,0.23067316524292933,0.554087366557308,-0.001522691488554867,-0.179467,-0.17905,-0.1825,Medium,Medium,Medium
34,52,156500,159000,98.119799,98.024156,96.349864,-0.035766,-0.035974,-0.105389,-1.627148,-0.189914,-6.420946,-0.05367599706728225,-0.05064883354847577,0.07785434077174043,-0.4330868864516093,-0.4247040667516213,-0.03728851345006495,-1.2119924481354296,-0.12954942923243049,-2.3833131108981287,-0.199883,-0.19955,-0.2141,Medium,Medium,Medium
34,53,159500,162000,106.471617,107.96249,100.275238,0.002528,0.00571,-0.024476,1.692295,2.352881,-1.296504,0.3426272617619526,0.41789755687725033,0.2637951782904254,0.07149034625033965,0.10819102516225645,0.6095664755410186,1.2727356455357042,1.5475397600990275,0.18197198294282627,-0.23115,-0.2319,-0.2407,Medium,Medium,Medium
34,54,162500,165000,103.487239,103.270224,101.522843,0.010112,0.009188,-0.015298,1.192616,1.213864,0.874181,0.20101513288435108,0.19667896055946082,0.3228929148608764,0.17142019773651454,0.15265434753238566,0.6829395440091283,0.8987070964334906,0.7963061383698872,1.2686124159741992,-0.247967,-0.24805,-0.2524,Medium,Medium,Medium
34,55,165500,168000,95.692341,95.08921,94.179592,0.003837,0.003795,-0.029969,0.421693,0.394452,-0.154582,-0.16886163881271996,-0.18901793589444527,-0.024949161091610796,0.0887382596991006,0.08370935111429859,0.5656529578797278,0.32164219844993397,0.2558665800065631,0.753615780439032,-0.261267,-0.2607,-0.2696,Medium,Medium,Medium
34,56,168500,171000,96.225804,95.800304,93.88878,-0.015791,-0.016785,-0.03226,-1.825325,-2.008683,-2.612825,-0.1435482129975478,-0.15549314924978302,-0.038724619644218576,-0.16988820720103662,-0.17938874387628784,0.5473376713401288,-1.3603353958587268,-1.3291104743781013,-0.47697559418065755,-0.286,-0.28595,-0.2982,Low,Low,Low
34,57,171500,174000,103.710078,103.939223,101.963989,-0.011909,-0.018001,-0.024952,0.225228,0.303104,-0.525543,0.2115890967679325,0.22821916303690024,0.34378953686632563,-0.11873740505581894,-0.19493428729264123,0.6057611170107483,0.17458074719949854,0.1956184108592075,0.5679134691051669,-0.31225,-0.3127,-0.3206,Low,Low,Low
34,58,174500,177000,100.93608,100.511185,98.677058,0.007315,0.004936,-0.025746,0.386526,0.056017,-1.07173,0.07995973805995094,0.06660305804966332,0.1880910727184184,0.13456579443920033,0.09829608223112361,0.5994135231598353,0.295318374582456,0.03265327347127734,0.2944933836500656,-0.32785,-0.3283,-0.3313,Low,Low,Low
34,59,177500,180000,103.119241,105.942587,91.18408,-0.01099,-0.018255,-0.023549,0.798496,0.845762,-0.45291,0.18355320942736952,0.3226684913557962,-0.16684341373537706,-0.10662828934962237,-0.198181464947044,0.616977331334213,0.6036934341179555,0.5535260932733346,0.6042733990684584,-0.332983,-0.3332,-0.3333,Low,Low,Low
34,60,180500,183000,93.742443,94.129368,91.843357,-0.003567,-0.013859,-0.017717,-0.174631,0.258793,-2.196856,-0.26138651564607646,-0.2342700379549121,-0.13561415569861254,-0.008819838982813811,-0.14198228003068744,0.6636009677807172,-0.12472877274322855,0.16639328690369154,-0.26874237089509234,-0.33115,-0.3316,-0.3331,Low,Low,Low
34,61,183500,186000,103.151529,105.117279,96.717265,-0.011808,-0.011266,-0.036028,-2.110867,-1.952164,-3.296829,0.18508531173384649,0.28375904391828016,0.09525773969505384,-0.11740658820453946,-0.10883294279499307,0.5172145811257208,-1.57407433619391,-1.2918336180480297,-0.8193865855290986,-0.32145,-0.32135,-0.3264,Low,Low,Low
34,62,186500,189000,108.934512,109.154265,106.423237,0.007592,0.000411,-0.013843,1.151432,1.199338,0.157136,0.45949442944379504,0.474084225030043,0.5550194242155363,0.13821565847686784,0.04044774015957824,0.6945714697686729,0.8678793214695127,0.7867255793534392,0.9096611681869887,-0.313317,-0.31295,-0.3125,Low,Low,Low
34,63,189500,192000,94.648976,93.700057,91.18541,-0.021558,-0.02362,-0.056805,-0.916058,-1.05644,-1.714703,-0.21837049420784022,-0.2545100620293755,-0.1667804130343224,-0.24587653176864882,-0.26676850477330716,0.3511138790597023,-0.6797148039256612,-0.7010628177968373,-0.02737757374240768,-0.3192,-0.31855,-0.3262,Low,Low,Low
34,64,192500,195000,106.39498,108.26915,98.341237,-0.001373,-0.002779,-0.034615,0.553164,0.65607,-0.509462,0.33899074898750126,0.4323551547088336,0.1721835851780308,0.020089192420227813,-0.00033374298036202067,0.5285107399561237,0.420053193066512,0.4284155741388142,0.5759635845312086,-0.3411,-0.3408,-0.3529,Low,Low,Low
34,65,195500,198000,98.619997,99.068839,90.225564,-0.006278,-0.010337,-0.029114,0.292665,0.100247,-0.327044,-0.029941033319285743,-0.0013968715205226704,-0.21224730845090162,-0.04454107149587026,-0.09695645444483493,0.5724882132229653,0.22505988133522561,0.06182497423525179,0.6672816590158607,-0.370433,-0.37045,-0.383,Low,Low,Low
34,66,198500,201000,96.464104,95.303888,90.093612,-0.007248,-0.009565,-0.038978,-0.755462,-0.979928,-2.030602,-0.13224060708719268,-0.178896863086486,-0.21849773589864746,-0.057322183829940636,-0.08708707984168951,0.4936309515788779,-0.5595026499795897,-0.6505996667940517,-0.185515961465259,-0.399883,-0.40025,-0.4107,Low,Low,Low
34,67,201500,204000,103.463058,104.143382,96.778378,0.021126,0.01667,-0.013221,-0.037741,-0.113746,-1.472858,0.1998677169442828,0.23784431374354056,0.09815259822401962,0.3165451165483197,0.2483054625333365,0.6995440181002445,-0.022261452550460813,-0.07931316190730263,0.09368953434857394,-0.419383,-0.4203,-0.4224,Low,Low,Low
34,68,204500,207000,104.166768,104.907675,101.010101,-0.011489,-0.012993,-0.033348,0.784644,0.974485,-0.645146,0.2332595564540424,0.2738771866956518,0.2986048656428902,-0.11320331517921114,-0.13091119401213314,0.5386397089852254,0.5933246904601994,0.6384247782708721,0.5080404540376415,-0.41725,-0.4181,-0.422,Low,Low,Low
34,69,207500,210000,103.197562,103.649473,100.732064,-0.002471,-0.011361,-0.022332,0.264396,0.165644,-0.281156,0.18726962991626972,0.21455879333853295,0.2854345454030392,0.005621500314238885,-0.11004743837439566,0.6267065778286223,0.20389947024216293,0.10495727617650516,0.6902530971521834,-0.396867,-0.3969,-0.4068,Low,Low,Low
34,70,210500,213000,101.669832,101.842196,98.16291,-0.013365,-0.014748,-0.054393,0.368493,0.762192,-1.73996,0.11477710462283187,0.12935405833471492,0.16373642275931696,-0.1379222499613926,-0.15334740182109713,0.3703964941332566,0.28181999497082494,0.4984078696051152,-0.040021175839014614,-0.376533,-0.37595,-0.3834,Low,Low,Low
34,71,213500,216000,102.900411,102.748944,101.522843,-0.01417,-0.021741,-0.044584,-0.200294,-0.276084,-0.592269,0.17316947715140274,0.17210302435112604,0.3228929148608764,-0.1485292555582242,-0.24274706062912293,0.4488140609891826,-0.1439384946959424,-0.1863824713945756,0.5345105711561547,-0.36685,-0.3669,-0.3697,Low,Low,Low
34,72,216500,219000,106.45631,106.728871,105.280463,0.002707,0.006569,-0.036608,-0.170025,0.173474,-2.346669,0.3419009272102542,0.3597381380440137,0.5008874218497545,0.07384892265013202,0.11917262203285477,0.5125777997232905,-0.12128100828411621,0.11012151802551984,-0.34373844964153827,-0.356517,-0.3572,-0.3624,Low,Low,Low
34,73,219500,222000,99.945122,99.683824,98.378952,0.005233,-0.005669,-0.040051,0.836923,0.965341,0.362505,0.03293765439350806,0.027596821176459268,0.17397010505792393,0.10713252033658743,-0.03727997692218879,0.4850529059843821,0.6324574907550179,0.6323938935368503,1.0124684659253615,-0.330917,-0.33135,-0.3446,Low,Low,Low
34,74,222500,225000,101.074871,101.068063,100.343524,-0.001008,0.000166,-0.017196,0.270466,0.39655,-0.50746,0.08654552879391658,0.09285727498456371,0.26702981428455,0.02489858005108934,0.03731561998111888,0.6677660765922104,0.20844309383461013,0.25725030662204623,0.5769657816012251,-0.2974,-0.29665,-0.3103,Low,Low,Low
34,75,225500,228000,100.044893,99.913017,99.517122,-0.006813,-0.015207,-0.036104,-2.344899,-2.160003,-4.587186,0.037671901767750794,0.038402208966891865,0.22788402078637218,-0.051590447886311126,-0.15921533309421082,0.5166070028729886,-1.7492561016943398,-1.4289129107245768,-1.4653366378144663,-0.283533,-0.28305,-0.2872,Low,Low,Low
34,76,228500,231000,104.886396,104.373233,101.351351,-0.011799,-0.021396,-0.030706,-0.327484,0.154679,-3.778937,0.26740672316011344,0.24868072318457385,0.3147695192028437,-0.11728800056432642,-0.23833652405129238,0.559761047718364,-0.23914499959270716,0.09772535895116083,-1.0607288557746153,-0.306983,-0.30605,-0.325,Low,Low,Low
34,77,231500,234000,99.138978,96.861348,93.23068,0.001906,-0.000413,-0.035181,0.785153,0.886234,-1.251981,-0.005314794867914567,-0.1054698418943572,-0.06989812442899695,0.06329462267117289,0.029913589028759815,0.5239858808634074,0.5937056961288247,0.5802192217680118,0.20426010489504684,-0.354233,-0.35455,-0.3744,Low,Low,Low
34,78,234500,237000,101.236343,101.789906,98.829945,-0.019418,-0.020056,-0.031025,0.294396,0.193645,-0.465029,0.09420755876268214,0.12688882716464547,0.1953331690959146,-0.21767902620688534,-0.22120574429971876,0.5572108179470274,0.2263556000236154,0.12342521181051032,0.5982066526690928,-0.39555,-0.3963,-0.4077,Low,Low,Low
34,79,237500,240000,102.79672,103.460975,99.173554,-0.001845,0.000733,-0.019537,-0.510203,0.084526,-3.129995,0.1682492213207241,0.20567198620340682,0.2116095660045806,0.01386992951127811,0.044564240965553406,0.6490510675179192,-0.37591705217728105,0.05145625825717261,-0.7358698292957642,-0.415867,-0.41655,-0.4189,Low,Low,Low
34,80,240500,243000,101.141253,100.832691,98.404148,0.001418,-0.003233,-0.042068,-2.23053,-2.235952,-4.169418,0.08969543016001484,0.08176057597975234,0.17516361307578981,0.05686453729073336,-0.00613775343350713,0.4689280989348967,-1.6636465981285085,-1.4790047375688702,-1.25620283884011,-0.42085,-0.42045,-0.4233,Low,Low,Low
34,81,243500,246000,103.435962,104.033281,99.229531,0.008654,0.013611,-0.023668,1.617553,1.59707,-0.131075,0.19858198094030893,0.23265356183962357,0.21426113761579094,0.15220900002200466,0.20919870487657244,0.6160259917016453,1.2167884437981933,1.0490479598249989,0.7653833361457644,-0.432,-0.43135,-0.4404,Low,Low,Low
34,82,246500,249000,103.3078,105.113316,96.069005,-0.012008,-0.020983,-0.026071,-1.297422,-1.426855,-3.054056,0.19250054833987706,0.28357220683419176,0.06455034536017994,-0.1200418690981622,-0.23305666432188948,0.5968153266843358,-0.9651801198581228,-0.9453683918074092,-0.6978549225525151,-0.455333,-0.45535,-0.466,Low,Low,Low
34,83,249500,252000,103.986794,105.194447,97.926936,-0.012226,-0.024679,-0.048522,1.629625,1.839029,-0.263345,0.2247195855513559,0.28739715749510025,0.15255858258596436,-0.12291432527221101,-0.2803069344426478,0.41733191415682075,1.22582479042225,1.2086309475064478,0.6991692470093583,-0.474817,-0.47585,-0.4774,Low,Low,Low
34,84,252500,255000,104.417878,106.068016,97.367799,-0.020841,-0.02906,-0.051025,0.679599,0.778999,-0.271119,0.24517501142739168,0.328581887424464,0.12607285101804663,-0.2364290497650112,-0.3363143568990987,0.3973218040701267,0.5146945520304436,0.5094928520771956,0.6952775986465668,-0.4708,-0.47135,-0.4765,Low,Low,Low
34,85,255500,258000,100.099477,100.821645,94.043887,0.011158,-0.001026,-0.024393,0.879675,0.925733,0.308427,0.04026197462134166,0.08123980827073396,-0.031377364201804474,0.18520271681016157,0.022076896500614555,0.6102300149486077,0.6644589727689065,0.6062706124186161,0.9853971306844259,-0.449917,-0.4502,-0.4601,Low,Low,Low
34,86,258500,261000,102.496245,102.375796,99.173554,-0.008614,-0.014052,-0.019736,-0.340042,-0.191595,-1.509577,0.15399134097698203,0.15451082544791156,0.2116095660045806,-0.07532115233338404,-0.14444962368147382,0.6474601718298441,-0.24854513551922316,-0.1306581253433109,0.075308078697257,-0.418817,-0.4197,-0.4339,Low,Low,Low
34,87,261500,264000,103.940633,104.755008,99.538965,0.027258,0.029949,-0.001897,-0.049399,0.529834,-3.104807,0.22252919362341692,0.26667964515728915,0.2289187007210539,0.3973428287467934,0.4180663762058339,0.7900731777573458,-0.030987904583533257,0.3451571789852741,-0.7232607684568151,-0.366633,-0.36765,-0.393,Low,Low,Low
34,88,264500,267000,105.178459,104.391562,102.053228,-0.028371,-0.018044,-0.070788,-1.489264,-1.52611,-8.079147,0.28126544454070895,0.24954485059165338,0.34801669443126876,-0.33564737540990797,-0.19548400634437085,0.23932747500766716,-1.1087810815092363,-1.0108315878130227,-3.213405110747511,-0.291533,-0.2911,-0.3246,Low,Low,Low
34,89,267500,270000,108.93569,109.64189,104.395097,-0.017892,-0.022084,-0.050735,1.373683,1.447959,0.330163,0.4595503268829992,0.4970734839572786,0.4589485656922098,-0.1975718329885437,-0.24713202887896601,0.3996401947713417,1.034242564804766,0.9507024596527855,0.9962781274446052,-0.228833,-0.22665,-0.2483,Medium,Medium,Medium
34,90,270500,273000,97.593944,96.664215,94.958249,-0.01282,-0.010717,-0.041822,-0.331029,0.133671,-1.860984,-0.07862841463333198,-0.11476374926190978,0.011935001976618034,-0.13074110952627058,-0.10181443676244535,0.47089473380558255,-0.24179856559521545,0.0838696255202412,-0.10060554057511814,-0.221167,-0.2187,-0.2349,Medium,Medium,Medium
34,91,273500,276000,102.494908,103.811663,96.930533,-0.004177,-0.010703,-0.033458,-0.317861,0.079233,-2.350802,0.15392789880701888,0.22220530019402265,0.10536002053146197,-0.01685744570836322,-0.1016354584665334,0.5377603194089025,-0.23194182169647656,0.04796528353088464,-0.34580742091545347,-0.275583,-0.2749,-0.3087,Medium,Medium,Low
34,92,276500,279000,99.118891,98.273371,97.618481,0.007374,0.010754,-0.020506,-0.239287,-0.192491,-0.869906,-0.0062679458537357015,-0.03889950124691056,0.13794739368095174,0.13534320230281904,0.17267434834653816,0.6413044447955835,-0.17312622364821495,-0.1312490781781407,0.39552606170152116,-0.35415,-0.3551,-0.3835,Low,Low,Low
34,93,279500,282000,96.351855,96.507077,94.017568,0.010766,0.002231,-0.00412,0.402826,0.366884,-0.870991,-0.1375669497469974,-0.12217207773011374,-0.032624067548454865,0.18003756625866096,0.0637149186281335,0.7723015138649282,0.30751953843037855,0.237684227606354,0.3949829129397989,-0.410283,-0.41225,-0.4228,Low,Low,Low
34,94,282500,285000,95.719547,95.860364,92.307692,-0.004128,-0.011552,-0.023842,0.09304,0.304831,-1.830004,-0.16757068318369273,-0.15266159858857842,-0.11361909515425689,-0.01621180188942564,-0.1124892136971946,0.6146349572809163,0.0756330510811438,0.19675744606651893,-0.08509701648465272,-0.426817,-0.427,-0.4276,Low,Low,Low
34,95,285500,288000,97.77851,97.736861,97.087379,-0.018642,-0.019203,-0.032834,0.220153,0.49767,-0.907046,-0.06987054811024944,-0.06419346137416156,0.11278965057472816,-0.207454136339629,-0.2103008524130827,0.5427488566418618,0.17078191857813615,0.32394355512426404,0.3769338543186972,-0.423517,-0.42325,-0.4257,Low,Low,Low
34,96,288500,291000,102.547379,102.716893,97.958245,0.006791,0.016208,-0.059944,0.10505,0.459595,-1.5899,0.1564177074084555,0.17059196823653652,0.15404165698393862,0.1276613584979087,0.24239917876824169,0.3260192983317228,0.08462298837031862,0.2988313573718714,0.035098550597887856,-0.425283,-0.4244,-0.4309,Low,Low,Low
34,97,291500,294000,96.760056,95.89055,92.766953,-0.016679,-0.022278,-0.031719,-0.053106,0.163885,-1.00769,-0.11819734823540379,-0.15123846858093415,-0.09186438465287071,-0.18158885436872166,-0.2496121566937461,0.551662669165499,-0.033762733686861404,0.10379713551080696,0.32655167554010456,-0.451533,-0.4506,-0.4705,Low,Low,Low
34,98,294500,297000,99.634481,100.058794,96.976105,-0.022556,-0.01778,-0.085095,0.537652,0.533516,0.122977,0.018197385792590993,0.04527491893589629,0.10751871823705711,-0.25902658342782636,-0.19210898705003096,0.12495086893082619,0.4084418768941823,0.3475856257909027,0.892561243254574,-0.502983,-0.5029,-0.5267,Low,Low,Low
34,99,297500,300000,97.669848,97.045085,96.153846,-0.007682,-0.008199,-0.04008,-0.39047,-0.22133,-1.659755,-0.07502668354218779,-0.09680749384511185,0.0685691742911104,-0.063040743369102,-0.06962391182627933,0.48482106691426063,-0.286292392606526,-0.15026971300364958,0.00012928170377998424,-0.553533,-0.55535,-0.567,Low,Low,Low
34,100,300500,303000,101.893366,101.353954,100.149406,0.027423,0.015195,-0.004775,0.375909,0.749368,-0.919746,0.12538404704652148,0.10633571071687101,0.2578346488054256,0.3995169354840321,0.22944882064261177,0.7670651486604597,0.28737115025279997,0.48994985715661404,0.37057626051789316,-0.566467,-0.5682,-0.5699,Low,Low,Low
34,101,303500,306000,97.522988,97.006982,94.043887,0.004263,0.000292,-0.019387,-0.285938,-0.23707,-1.186559,-0.0819953574993625,-0.09860387371264241,-0.031377364201804474,0.09435140800251705,0.03892642464432655,0.650250235121996,-0.208046253996033,-0.16065096034764592,0.23701022313411815,-0.53395,-0.5345,-0.5532,Low,Low,Low
34,102,306500,309000,104.292986,104.471638,101.167928,-0.023297,-0.019657,-0.054836,0.087773,0.200416,-0.607755,0.2392487440444456,0.25332006289179676,0.3060809646243021,-0.2687902991386986,-0.2161048628662278,0.3668549524758832,0.07169050322918014,0.12789099489603759,0.5267583115026703,-0.45725,-0.47175,-0.505,Low,Low,Low
45,0,500,3000,111.726304,111.86379,110.063135,0.014894,0.018401,-0.03621,2.897941,3.171827,0.906698,0.5919681336808112,0.6018257719048276,0.7274375638890007,0.23442976390303463,0.27043485040645143,0.5157595910994408,2.175207080418673,2.0876719702245943,1.284890359093943,0.1862,0.18605,0.1355,High,High,High
45,1,3500,6000,107.829731,107.278031,105.263158,-0.021832,-0.0356,-0.068644,-0.76505,-0.683129,-4.303464,0.4070713150281526,0.3856284870467935,0.5000677022018282,-0.24948686659291197,-0.4199227894179732,0.256467577295271,-0.5666796290577418,-0.4548471998022621,-1.3233059899127546,0.287683,0.2932,0.2578,High,High,High
45,2,6500,9000,112.128187,112.528459,108.893118,0.001304,0.00309,-0.046637,0.278963,1.092626,-7.20301,0.6110379389098127,0.6331618349489836,0.672015089268468,0.0553624271813684,0.07469651549873184,0.4324014537147187,0.21480341832637687,0.716344151998132,-2.7748127359557704,0.307267,0.30725,0.3047,High,High,High
45,3,9500,12000,109.684254,109.629801,108.587313,-0.021344,-0.015672,-0.078743,-4.559939,-5.446807,-7.161223,0.4950705396848405,0.49650354363188215,0.6575294280760816,-0.24305678121247243,-0.1651599693512867,0.17573161973812995,-3.407296958731291,-3.5967099434587895,-2.753894249959377,0.313767,0.31345,0.3106,High,High,High
45,4,12500,15000,97.809348,98.840216,86.184265,0.004826,-0.000396,-0.082379,3.407353,4.395624,-4.150385,-0.06840724995219845,-0.012175386452532432,-0.4036793912851551,0.10176972371806513,0.030130919816652914,0.14666379701530938,2.556521146559649,2.8948218657672036,-1.2466749583038341,0.324433,0.3246,0.3196,High,High,High
45,5,15500,18000,85.681746,82.835867,76.433121,-0.014852,0.006844,-0.098151,-1.412688,-0.251938,-7.021197,-0.6438757520656243,-0.7667062721184381,-0.8655808259319676,-0.1575155634054778,0.12268826713112549,0.020575320671985385,-1.0514610617044196,-0.17045708395060258,-2.6837975232230464,0.3338,0.334,0.3306,High,High,High
45,6,18500,21000,109.355247,110.181756,103.16422,0.014542,-0.000563,-0.033817,2.384305,4.069791,-6.159011,0.4794587835046141,0.5225256639316657,0.40064321688659604,0.22979166953025856,0.027995964429703063,0.534890311609812,1.7907311912044686,2.679920152562861,-2.252188990251387,0.33565,0.33615,0.3332,High,High,High
45,7,21500,24000,100.666825,98.404438,93.60048,-0.015826,-0.012204,-0.04988,-3.028971,-3.796221,-6.610013,0.06718328220853438,-0.03272029960668299,-0.05238108739904535,-0.1703493813574206,-0.12082448862109461,0.40647545011457925,-2.261309755422932,-2.5080732516838515,-2.4779596610663677,0.323517,0.32415,0.3141,High,High,High
45,8,24500,27000,104.994876,105.909035,100.059685,-0.00844,0.006709,-0.097939,0.005839,0.101688,-5.043798,0.2725542224851461,0.3210866700473592,0.25358465940746927,-0.07302845795593224,0.12096240499197443,0.022270144219080565,0.010359818645395839,0.06277537940823137,-1.6939156630564156,0.2958,0.29605,0.2817,High,High,High
45,9,27500,30000,107.538158,107.317877,104.909457,0.011951,0.00886,-0.013528,-1.888512,-3.629729,-4.747397,0.3932358447046115,0.38750704128665925,0.4833132578683209,0.1956516055533758,0.14846114174244826,0.697089721737234,-1.4076332449420812,-2.3982641898797454,-1.5455379339105786,0.263517,0.2629,0.2525,High,High,High
45,10,30500,33000,114.293116,114.746576,110.24109,-0.025544,-0.010541,-0.090662,0.847527,1.606383,-5.419606,0.7137662811502588,0.7377357719782627,0.7358671050589981,-0.2983976799785503,-0.0995644238995521,0.08044576191819085,0.6403949840951021,1.0551903077611255,-1.882044372591265,0.247283,0.247,0.2464,High,High,High
45,11,33500,36000,107.813743,107.867044,106.027743,0.023956,0.018804,-0.029274,3.052451,5.06348,-4.511654,0.4063126662522622,0.41339772030699906,0.5362852894315349,0.35383434119308166,0.27558686849591724,0.57120910111195,2.2908636341697473,3.33530333502845,-1.4275254744316053,0.261867,0.2604,0.2499,High,High,High
45,12,36500,39000,101.940784,103.454065,92.602361,-0.03235,-0.032849,-0.053917,-0.477746,-0.338347,-4.865391,0.12763408505347543,0.2053462117267346,-0.09966093456859215,-0.3880762887885326,-0.38475355427127234,0.3742018526635268,-0.3516217653667276,-0.22744775750507393,-1.604605486897356,0.316217,0.31455,0.2865,High,High,High
45,13,39500,42000,114.223628,114.058803,110.294118,0.003684,-0.000365,-0.017085,-0.990898,-2.106593,-6.853643,0.710468996553118,0.7053104624060269,0.7383789856420815,0.08672226981547919,0.03052722890045798,0.6686534606192273,-0.7357353623537912,-1.3936865815858956,-2.599920336475021,0.41345,0.4123,0.3667,High,High,High
45,14,42500,45000,116.338952,118.040828,110.300381,-0.033114,-0.02856,-0.102795,-1.327226,-1.795809,-6.232869,0.810843525150328,0.8930444870760577,0.7386756573644142,-0.39814306180217157,-0.32992227490224285,-0.016550908350230934,-0.9874895362583365,-1.1887103697335097,-2.2891621526875907,0.535833,0.53665,0.4841,High,High,High
45,15,45500,48000,114.314302,114.902966,110.93578,-0.007295,-0.008509,-0.052039,4.081249,3.941146,1.928375,0.714771580935474,0.745108835712957,0.768773839656989,-0.057941474839941984,-0.07358700266432995,0.3892154310665678,3.0609576810663723,2.5950729121201412,1.7963397576470235,0.636533,0.639,0.6031,High,High,High
45,16,48500,51000,113.520587,113.119148,112.139024,-0.010573,-0.01452,-0.021122,-0.010608,1.027314,-3.36416,0.6771089018539084,0.6610100838420254,0.8257702423180691,-0.10113372868641894,-0.15043261243053088,0.6363798631681749,-0.0019513802384557987,0.6732679114307185,-0.853092345230039,0.675167,0.67585,0.67,High,High,High
45,17,51500,54000,118.954011,119.34619,116.416629,-0.027786,-0.025571,-0.045961,-5.492456,-5.385698,-6.870174,0.9349310476191744,0.9545862558774391,1.028395891816464,-0.32793917879606144,-0.2917104087250387,0.43780570238375793,-4.105321051244982,-3.5564057729413645,-2.6081957209727444,0.656867,0.65785,0.6401,High,High,High
45,18,54500,57000,106.880599,109.740837,91.478915,-0.007778,0.005239,-0.074041,-0.084592,-0.55507,-2.937407,0.3620339226114229,0.5017383764526859,-0.15287738990431723,-0.06430567819804092,0.10216968392121824,0.2133215269005893,-0.05733119043015517,-0.3703864530662503,-0.6394606737910979,0.610367,0.6109,0.5873,High,High,High
45,19,57500,60000,103.674135,103.77363,95.881773,0.00651,0.017295,-0.102747,4.557371,4.879854,0.781962,0.20988356055628435,0.22041222050208828,0.05568136245809213,0.12395878884236873,0.2562955650294063,-0.01616717471692643,3.41735292852653,3.214193619349373,1.2224477748154312,0.55095,0.55115,0.5241,High,High,High
45,20,60500,63000,106.596562,106.871344,103.440306,-0.007025,-0.00459,-0.016718,-2.165253,-2.194269,-6.697073,0.3485560440551519,0.36645507972489527,0.41372112030858454,-0.054383845633551246,-0.023485863972973885,0.6715874240238684,-1.6147843053370459,-1.4515128993833681,-2.5215417174677848,0.488017,0.48755,0.464,High,High,High
45,21,63500,66000,115.236065,115.685407,110.701107,-0.000471,-0.009808,-0.07985,-1.282443,-3.570232,-5.655332,0.7585102831878712,0.7819973027609645,0.7576576264851937,0.03197430925046644,-0.09019363169216145,0.1668817628200434,-0.9539677742582435,-2.359023206828554,-2.000048321905308,0.437517,0.4368,0.4212,High,High,High
45,22,66500,69000,113.685532,118.50131,97.685619,-0.029014,-0.026086,-0.056214,-0.01057,-1.406226,-5.415319,0.6849357296209386,0.914754079343335,0.14112765012258746,-0.34411980348290516,-0.2982942531818002,0.35583859941976476,-0.0019229358073992924,-0.9317626261492579,-1.879898309235041,0.40465,0.4043,0.3941,High,High,High
45,23,69500,72000,93.731034,94.667641,87.999369,0.000998,-0.004691,-0.035931,-2.911956,-2.79795,-4.385674,-0.2619278856663502,-0.20889296054801185,-0.3176998240022629,0.05133044741412558,-0.024777064536338756,0.5179900428430236,-2.1737196212103767,-1.849668031395506,-1.3644601463193768,0.379,0.3792,0.3674,High,High,High
45,24,72500,75000,104.187795,104.584824,99.502488,-0.00367,-0.006407,-0.047887,3.042431,4.90408,-5.472243,0.23425731150849857,0.25865625824875754,0.22719082359898352,-0.010177008643029534,-0.04671468994954801,0.4224083903474124,2.283363286822742,3.230171770439313,-1.908394346204881,0.34755,0.3481,0.3313,High,High,High
45,25,75500,78000,111.250939,112.141515,105.754512,-0.010645,-0.017583,-0.132744,2.800066,3.622701,-4.551241,0.5694115240141066,0.6149192185812008,0.5233426243565467,-0.10208242980812313,-0.18959050674326977,-0.255976712180196,2.1019439570066845,2.385043921620846,-1.4473426449664424,0.3065,0.3062,0.2895,High,High,High
45,26,78500,81000,115.805439,115.595721,114.001763,-0.010462,-0.015062,-0.0214,-2.013125,-1.938752,-5.658503,0.7855277267783135,0.7777690234968824,0.9140062294466116,-0.09967114779045831,-0.15736162931512263,0.6341574058752859,-1.5009107682906193,-1.2829877928016715,-2.0016357179637603,0.272633,0.2716,0.264,High,High,High
45,27,81500,84000,120.373983,120.027067,118.63226,-0.011878,-0.026656,-0.046317,1.276694,1.765589,-5.321301,1.002310333308382,0.9866864510081215,1.133348001799452,-0.1183289365173074,-0.30558122665821585,0.4349596779367491,0.9616426457589894,1.1601939205087928,-1.8328330923874818,0.26455,0.26385,0.2626,High,High,High
45,28,84500,87000,111.161927,109.128501,103.346677,-0.028332,-0.028023,-0.04595,-0.647321,0.722954,-6.642211,0.5651878034211882,0.4728695718293228,0.4092860130612144,-0.33513349563565153,-0.3230571788376197,0.43789364134139025,-0.4785550389563879,0.47252862034947807,-2.4940779134441855,0.276667,0.27665,0.2702,High,High,High
45,29,87500,90000,106.145591,106.309657,104.217926,-0.016672,-0.006132,-0.091979,0.164145,1.105332,-5.951011,0.3271569574206631,0.339974140726563,0.4505561617775706,-0.18149661953744484,-0.0431990448512773,0.06991707035439694,0.12885782135148313,0.7247243380688319,-2.14806461934058,0.288767,0.2894,0.2855,High,High,High
45,30,90500,93000,108.448717,107.521299,105.869044,-0.001503,-0.006293,-0.078459,-0.589649,-2.789811,-5.435065,0.4364429044197887,0.39709744585881224,0.5287678847273265,0.01837625983937302,-0.045257295254264876,0.1780020437351819,-0.43538537506452357,-1.8442999899639438,-1.8897831161004484,0.287217,0.28775,0.283,High,High,High
45,31,93500,96000,116.555389,116.799979,114.942529,-0.01986,-0.012009,-0.069578,-2.928592,-3.334171,-4.976442,0.8211137068558229,0.8345442072491394,0.9585693253322781,-0.2235029969817916,-0.11833157664232087,0.24900076034721966,-2.1861722937118517,-2.203330218946018,-1.6601973884070487,0.27085,0.2713,0.2603,High,High,High
45,32,96500,99000,117.196072,118.055457,112.378181,0.00635,-0.005892,-0.024999,1.976879,2.928206,-5.443118,0.8515148435636019,0.8937341766302161,0.837098857853418,0.12185056412747051,-0.040130845492786484,0.6053853778281376,1.4857574867932,1.9269928177981817,-1.8938144312876828,0.240867,0.24105,0.226,High,High,High
45,33,99500,102000,114.838758,115.91244,110.274014,-0.012602,-0.010269,-0.037317,-2.568918,-2.652394,-4.305209,0.7396576143610761,0.7927008565615841,0.7374266803082518,-0.12786865335222178,-0.09608713129326253,0.5069097341813544,-1.9169427596113802,-1.753667215740949,-1.3241795333129436,0.204467,0.20375,0.1912,High,High,High
45,34,102500,105000,110.40157,112.575624,101.749294,0.007217,0.000897,-0.021754,1.5067,3.252389,-4.284461,0.5291079993625245,0.6353854461200745,0.33361966054089204,0.13327450680132516,0.04666084386052212,0.6313273703296648,1.1338107986427481,2.1408062808044566,-1.3137931273145909,0.1824,0.18125,0.1801,High,High,High
45,35,105500,108000,110.573425,111.867287,103.434637,0.001886,-0.005146,-0.015764,0.802451,-1.245109,-3.565317,0.5372627144851596,0.6019906392485216,0.4134525857414591,0.06303109458181061,-0.03059385915347758,0.6792141299857966,0.6066539005608103,-0.8254986218085555,-0.9537911244574679,0.18945,0.1887,0.1819,High,High,High
45,36,108500,111000,113.805052,113.59927,113.174114,-0.023534,-0.024898,-0.054168,-2.379623,-2.710705,-3.394965,0.6906070894967493,0.683645611090756,0.8748013668700773,-0.2719131069976416,-0.2831066663572707,0.3721952455393717,-1.7752483233787117,-1.7921259777406802,-0.8685132646815169,0.211667,0.2125,0.2032,High,High,High
45,37,111500,114000,113.187459,114.6557,107.271028,0.011918,0.024033,-0.044449,-0.063775,-0.857997,-2.145092,0.6613015995387398,0.7334513897290514,0.5951783921459305,0.19521678420592803,0.34243526201903557,0.44989331183285164,-0.04174888197480529,-0.5701806153391078,-0.24282941928053936,0.2163,0.2172,0.2113,High,High,High
45,38,114500,117000,94.824203,96.511286,86.907185,0.001698,0.017731,-0.05361,1.689748,2.379344,-4.390049,-0.21005577385176116,-0.12197364288607415,-0.3694354312805777,0.060553930541805225,0.26186946053066457,0.37665614902653727,1.2708291201172588,1.5649933146393182,-1.3666502622940635,0.199583,0.1996,0.1909,High,High,High
45,39,117500,120000,101.681463,104.135157,90.335306,0.008426,0.017337,-0.064012,-0.538231,-2.323693,-3.651698,0.11532900879548512,0.23745654311103317,-0.20704894534181317,0.1492047798032747,0.2568324999171422,0.2934978729091612,-0.3968970656944328,-1.5368739258286912,-0.9970332748596143,0.182333,0.1818,0.1782,High,High,High
45,40,120500,123000,104.555185,104.138243,101.010101,-0.0044,0.004699,-0.066436,-0.02252,-2.147784,-3.463286,0.2516903846742779,0.23760203370944252,0.2986048656428902,-0.019795783904752593,0.09526623536461394,0.2741193244272808,-0.010867960837011201,-1.4208539233487008,-0.9027146163401576,0.177767,0.1775,0.1772,High,High,High
45,41,123500,126000,111.717676,112.743596,104.897682,0.0015,0.000333,-0.088106,2.159565,2.138521,-2.729146,0.5915587252721056,0.6433045474797778,0.4827554885037247,0.0579450024571187,0.03945057536806873,0.10087957789165877,1.6225048376350144,1.4061595707305996,-0.5352056468187153,0.1858,0.1856,0.1806,High,High,High
45,42,126500,129000,106.685399,109.994037,92.788095,-0.007572,0.006785,-0.131017,0.257614,0.064626,-4.634529,0.3527714606991223,0.5136755830363847,-0.09086291035085016,-0.061591338877609494,0.1219340014554965,-0.24217029583192556,0.1988228878362359,0.03833130132289516,-1.4890364459492273,0.200267,0.2004,0.1939,High,High,High
45,43,129500,132000,101.225486,102.655769,91.54878,0.002161,-0.008142,-0.079353,1.66611,2.135975,-5.514415,0.0936923817699472,0.1677102549062763,-0.1495679583410467,0.0666546058105419,-0.06889521447863778,0.17085500481488436,1.2531351869247929,1.4044803676977018,-1.9295055624070472,0.208917,0.20925,0.2067,High,High,High
45,44,132500,135000,108.9109,108.222595,106.581542,-0.030783,-0.032061,-0.043513,-4.351124,-4.455244,-6.298375,0.45837401320059196,0.4301603022107923,0.5625181655541692,-0.3674288629869984,-0.37467963304422747,0.4573761176822906,-3.250991067387491,-2.942728954884773,-2.3219543211533766,0.19255,0.19345,0.179,High,High,High
45,45,135500,138000,115.884805,115.724161,114.045301,-0.012929,-0.007157,-0.076258,0.207043,-2.011147,-3.360866,0.7892937337052172,0.7838243742615356,0.9160685787116468,-0.13217733761329498,-0.05630281294483177,0.19559782971233478,0.16096858986364143,-1.330735594673883,-0.8514433756253265,0.156283,0.15575,0.1416,High,High,High
45,46,138500,141000,97.64132,96.80447,90.178317,0.020652,-0.005777,-0.025651,1.496357,0.893348,-3.046776,-0.07638036957412525,-0.10815137600204969,-0.2144853491446661,0.3102995008304337,-0.038660666633509644,0.6001729959757507,1.1260686736317627,0.5849112289856224,-0.6942105695706369,0.13305,0.13265,0.1307,High,High,High
45,47,141500,144000,105.179218,104.469771,102.396989,0.016196,-0.010401,-0.036259,1.978914,3.589784,-4.44149,0.28130145995357503,0.25323204249411974,0.3643002914200552,0.25158544252051873,-0.09777464094043246,0.5153678630154425,1.4872807609300418,2.363333659942172,-1.3924015207749423,0.156617,0.15475,0.1375,High,High,High
45,48,144500,147000,111.430016,111.52496,109.8431,-0.034521,-0.026521,-0.165813,-3.015468,-4.438386,-5.979836,0.577908931247042,0.5858515076601414,0.717014737380387,-0.4166822628888077,-0.30385536451906475,-0.5203452021749575,-2.2512022514083,-2.9316103355883882,-2.1624943548766566,0.225917,0.22535,0.1923,High,High,High
45,49,147500,150000,113.390225,113.796145,111.462668,-0.046524,-0.050917,-0.16629,-0.301192,-1.159056,-4.630223,0.6709230767524156,0.692927354953969,0.7937319700156618,-0.5748386457195774,-0.6157378293096549,-0.5241585551559216,-0.2194644474522422,-0.768742746478637,-1.486880871232199,0.3073,0.30845,0.2752,High,High,High
45,50,150500,153000,112.518909,113.09258,110.511615,0.038499,0.068849,-0.092723,-1.736506,-1.970981,-2.700239,0.6295781420004781,0.659757525767319,0.748681589760263,0.5454587913728604,0.9153703555612183,0.06396919903817627,-1.2938510294900991,-1.3042442871250297,-0.5207348622517983,0.3618,0.36345,0.3459,High,High,High
45,51,153500,156000,111.232339,111.305168,109.934757,-0.050188,-0.056341,-0.158127,1.199317,-0.125717,-3.887371,0.5685289328687744,0.5754893334522259,0.7213564330619832,-0.6231169916907463,-0.6850791348115471,-0.4588998541420645,0.9037230472890078,-0.0872085819806813,-1.1150106924829926,0.37405,0.37505,0.3696,High,High,High
45,52,156500,159000,112.06637,111.955043,110.305033,0.037307,0.043647,-0.036386,1.314622,-1.230957,-2.699785,0.6081046519834162,0.6061279279568905,0.738896017711259,0.5297525172468687,0.5931838545916964,0.5143525677773242,0.9900331821040205,-0.8161647328370031,-0.5205075907883681,0.356367,0.3564,0.3464,High,High,High
45,53,159500,162000,112.073724,111.698316,109.90745,-0.041093,-0.042137,-0.145927,-1.827068,-2.902011,-4.575146,0.6084536076437799,0.5940244396685291,0.7200629291945494,-0.5032775930532514,-0.5034928694448665,-0.3613675556771551,-1.361640096999029,-1.9183010034325836,-1.4593094386521293,0.336083,0.33535,0.3311,High,High,High
45,54,162500,165000,116.777777,117.512882,113.523966,-0.026449,0.000203,-0.115388,-0.507662,-1.420231,-2.346379,0.8316662702766869,0.8681542798602708,0.8913734881221126,-0.3103223260221933,0.037788634048886216,-0.11722502593782155,-0.37401501798479203,-0.9409995619213462,-0.3435932762397878,0.332083,0.3316,0.3306,High,High,High
45,55,165500,168000,110.362432,111.992605,99.667774,0.00639,0.006985,-0.105926,-0.179461,-1.093396,-1.70609,0.5272508567686531,0.6078988021816015,0.23502024756472853,0.12237762030619508,0.12449083425423883,-0.04158153347265982,-0.1283442096380424,-0.7254369840512673,-0.02306592371041354,0.3386,0.339,0.3361,High,High,High
45,56,168500,171000,96.476863,95.882283,94.488189,-0.009013,-0.001176,-0.118661,0.646442,0.021666,-2.555143,-0.13163517803217764,-0.15162821931879938,-0.010331245795958796,-0.08057853771616144,0.020159271901557804,-0.14339086305877635,0.4898752888583229,0.009997223438645966,-0.4481001039745173,0.336883,0.3375,0.3322,High,High,High
45,57,171500,174000,107.680788,107.957207,102.473364,-0.010324,-0.025705,-0.081702,-1.292278,-1.44777,-1.989471,0.4000038003529288,0.4176484879104978,0.3679180948358544,-0.0978528039738586,-0.293423486700196,0.15207604013504245,-0.9613296421382631,-0.9591627874998923,-0.16492586771558393,0.322417,0.32245,0.3153,High,High,High
45,58,174500,177000,117.596524,118.191312,114.22028,0.040426,0.006687,-0.027451,0.818231,0.127777,-0.918559,0.8705167462157771,0.9001391102811966,0.9243571498919173,0.5708497227829156,0.12068115338411275,0.5857829847268295,0.6184658248258543,0.07998226390362656,0.37117047026919664,0.304617,0.3048,0.2964,High,High,High
45,59,177500,180000,93.252886,87.816812,75.350786,-0.031903,-0.03312,-0.159482,-1.120208,-1.012086,-1.72924,-0.28461655184689644,-0.5318777987888971,-0.9168498964398443,-0.3821864359912858,-0.3882180627135681,-0.4697323348322247,-0.8325287670884455,-0.6718093333816142,-0.034654765953611555,0.281017,0.28155,0.268,High,High,High
45,60,180500,183000,102.403192,105.74343,88.616262,0.000441,-0.010375,-0.060414,1.804618,1.587843,-0.643463,0.1495758703400697,0.31327916176815945,-0.2884782514643557,0.04399119012538621,-0.09744225267659597,0.3222619065056156,1.3568136410504403,1.0429623328082862,0.5088829603657322,0.245033,0.2452,0.2278,High,High,High
45,61,183500,186000,111.685286,111.513779,110.623696,-0.022484,-0.021048,-0.045063,-1.475052,-1.558143,-2.1425,0.5900217829496704,0.5853243753267596,0.7539907488390998,-0.25807788230612216,-0.23388763498148074,0.4449847191068308,-1.098142864294103,-1.0319588112037619,-0.24153186942765087,0.204233,0.20395,0.1882,High,High,High
45,62,186500,189000,114.409583,114.607564,113.522083,0.027105,0.029885,-0.017545,2.261475,1.675111,-0.986603,0.7192927727052788,0.7311820004079105,0.891284292392725,0.39532683886317194,0.41724818971023636,0.6649760133000585,1.6987883105026083,1.1005195560113277,0.3371077842391247,0.168017,0.16785,0.1542,High,High,High
45,63,189500,192000,103.845412,103.255495,99.314634,-0.017756,-0.017903,-0.062904,-1.173897,-1.14122,-2.998499,0.21801084892182235,0.1959845564687368,0.2182923772111399,-0.1957798419808802,-0.19368143922125747,0.30235572427794144,-0.8727170054829921,-0.7569790916103067,-0.670043202962651,0.138783,0.1383,0.1296,High,High,High
45,64,192500,195000,110.94212,111.412066,106.884956,0.019305,0.021025,-0.087531,-0.813779,-1.382105,-2.077022,0.5547577113845228,0.5805290787499517,0.5768905675915025,0.29255088401188445,0.30398049672595084,0.10547638704061972,-0.6031551206617551,-0.9158537273446495,-0.20875371770410353,0.123983,0.1234,0.1226,High,High,High
45,65,195500,198000,105.435872,103.77928,100.081211,-0.01276,-0.005241,-0.050327,-0.85181,-0.815241,-1.275067,0.29347998402959746,0.22067859181803587,0.25460432338558353,-0.12995052525818376,-0.031808354732880184,0.40290193065443053,-0.6316227563857024,-0.5419810847520743,0.1927033009198214,0.132817,0.1324,0.1251,High,High,High
45,66,198500,201000,99.114799,98.741658,95.961048,-0.035299,0.041939,-0.330278,-0.296014,-0.284195,-0.436361,-0.006462115905708723,-0.01682193940070034,0.059436535823558845,-0.42693350556500015,0.5713485024904369,-1.8351525355381817,-0.21558851945196347,-0.19173204555004916,0.6125577943290496,0.156667,0.15675,0.1459,High,High,High
45,67,201500,204000,102.286874,102.401885,100.166945,-0.028998,-0.030726,-0.05231,-0.110039,-0.106215,-0.157454,0.14405644900443934,0.1557408008924696,0.258665452787222,-0.3439089810114153,-0.3576127741126224,0.38704893492853576,-0.07637922824844255,-0.0743461241850894,0.7521780631637636,0.17975,0.18035,0.1715,High,High,High
45,68,204500,207000,104.999726,104.884466,104.213287,-0.030311,-0.018725,-0.141629,-0.046333,-0.045053,-0.062731,0.2727843604988478,0.2727829899041787,0.4503364172270509,-0.3612096000780487,-0.20419002202408848,-0.3270074065950092,-0.02869288811986881,-0.034006997752211165,0.7995962015569577,0.1926,0.1929,0.1889,High,High,High
45,69,207500,210000,99.891346,100.379207,96.738998,0.010783,-0.011047,-0.04831,0.224095,-0.022969,-0.029517,0.030385922058488234,0.06038090698132448,0.09628720904543756,0.18026156513461888,-0.10603321088037021,0.41902673770391596,0.173732654031419,-0.01944159328303613,0.8162230614388402,0.196667,0.19675,0.1961,High,High,High
45,70,210500,213000,88.676685,89.277515,77.235653,-0.015172,-0.006702,-0.103571,-0.089349,-0.223722,-0.349031,-0.5017624917317938,-0.4630124217413932,-0.8275657292263938,-0.1617320128352742,-0.05048601832769295,-0.022754602088654676,-0.060891984075834155,-0.15184734601806124,0.6562750121734764,0.193483,0.19375,0.1909,High,High,High
45,71,213500,216000,90.8217,93.292605,79.445814,-0.004217,-0.021154,-0.049869,1.69095,1.404567,-2.336902,-0.39997909143049504,-0.27371953555599937,-0.7228727273898469,-0.01738450188708777,-0.23524275636481415,0.40656338907221157,1.2717288623838356,0.9220834580803148,-0.3388491095901639,0.182817,0.1834,0.1747,High,High,High
45,72,216500,219000,99.65785,99.209199,98.364532,-0.020186,-0.028115,-0.035188,0.132909,0.084161,-2.405439,0.01930627140954066,0.0052204520027313754,0.17328704482544172,-0.22779850483839667,-0.3242333219250412,0.5239299197085505,0.10547649902303477,0.05121552412244842,-0.37315859040321203,0.15165,0.1529,0.1307,High,High,High
45,73,219500,222000,105.191618,105.051899,101.995863,-0.014437,-0.002574,-0.076138,-1.331018,-1.272855,-2.001025,0.28188985405046296,0.28067667991179485,0.3452993747200106,-0.15204735555121057,0.002287010638348873,0.19655716379559623,-0.9903279910627121,-0.843798373321041,-0.17070977628050438,0.090617,0.0913,0.059,High,High,High
45,74,222500,225000,105.831553,105.68763,102.040816,-0.005668,0.0011,-0.063086,-0.452878,-0.433735,-0.674548,0.31225549730788116,0.3106484503646428,0.3474287510466941,-0.03650346477032086,0.04925602915124559,0.30090073425166164,-0.33300713085322226,-0.2903604907737602,0.4933218734918744,0.011833,0.01085,-0.0191,Medium,Medium,Medium
45,75,225500,228000,97.218453,96.466357,94.936709,0.005645,0.007935,-0.044525,0.313426,-0.154594,-0.23478,-0.09644588945869897,-0.1240918370195613,0.010914674833229205,0.11256119897745029,0.13663579004826493,0.4492857335801194,0.2406002716816501,-0.10625427953802451,0.7134688270817968,-0.05055,-0.0519,-0.0684,Medium,Medium,Medium
45,76,228500,231000,97.832531,99.747929,89.624082,-0.037574,-0.034949,-0.103126,-0.21247,-0.467592,-0.733839,-0.06730719024670208,0.030619074841735577,-0.24073887812869904,-0.4569098257299591,-0.41160029865806685,-0.019197071529893625,-0.15305268923657459,-0.3126907252925457,0.46364092120498657,-0.079983,-0.0808,-0.0847,Medium,Medium,Medium
45,77,231500,234000,84.470191,84.360055,75.662043,0.007587,0.013877,-0.07429,0.165663,-0.252431,-0.762304,-0.7013654141668405,-0.6948478715323629,-0.9021059797420843,0.13814977645452725,0.21259929249889978,0.2113309086778219,0.1299941015184246,-0.17078223991887387,0.4493914009262552,-0.088383,-0.0882,-0.0913,Medium,Medium,Medium
45,78,234500,237000,95.547748,93.834525,93.167702,-0.033768,-0.018141,-0.132172,-0.353873,-0.338787,-0.528767,-0.17572274104266505,-0.24817051900055742,-0.07288132604628283,-0.406760430324318,-0.1967240702517609,-0.25140388638331673,-0.25889815988613213,-0.2277379575578921,0.5662995413560493,-0.09895,-0.0985,-0.1062,Medium,Medium,Medium
45,79,237500,240000,105.593613,106.076059,102.748105,-0.004333,0.003365,-0.079382,0.005032,-0.256869,-0.401016,0.3009649738067912,0.3289610776004225,0.38093228702256565,-0.018912964805388968,0.07821216059700255,0.17062316574476297,0.009755748754274767,-0.17370930317889013,0.6302514284148307,-0.1192,-0.1191,-0.1289,Medium,Medium,Medium
45,80,240500,243000,101.712682,101.577252,100.253712,0.017796,0.035645,-0.070549,0.208398,-0.180843,-0.595388,0.11681038583667457,0.11686317657677103,0.2627755143123105,0.2726676896695008,0.4908849743140157,0.24123814872349614,0.1619828583921037,-0.12356669132535357,0.5329492061904296,-0.143983,-0.1438,-0.1554,Medium,Medium,Medium
45,81,243500,246000,93.267998,92.870466,88.626292,0.011154,0.008879,-0.034767,0.267245,0.032601,-0.413416,-0.28389947026688256,-0.29362143306798943,-0.28800314091430046,0.1851500111922891,0.14870404085832875,0.5272955834506592,0.20603205403374153,0.017209354296752688,0.624044013995148,-0.172,-0.172,-0.1839,Medium,Medium,Medium
45,82,246500,249000,101.759641,101.63614,97.815893,-0.02678,-0.013374,-0.105455,-0.459124,-0.438916,-0.689653,0.11903864377181665,0.11963947286942817,0.14729859247531848,-0.31468371590113897,-0.13578196049373728,-0.0378161471958587,-0.33768249707372067,-0.2937775963956944,0.4857603416524141,-0.20215,-0.20205,-0.2156,Medium,Medium,Medium
45,83,249500,252000,109.58752,110.030597,106.797665,-0.002593,-0.004962,-0.046484,-0.15806,-0.151466,-0.233687,0.4904804014131987,0.51539921760471,0.572755684737577,0.004013978969129008,-0.028241572978634628,0.433624604670877,-0.11232475518961357,-0.10419122098071695,0.7140159806270157,-0.235183,-0.2351,-0.2495,Medium,Medium,Medium
45,84,252500,255000,109.957086,110.979606,105.098978,-0.000564,0.006759,-0.099681,-0.058982,-0.056847,-0.08397,0.5080167282527548,0.5601405939190429,0.49229066829274887,0.03074890363493186,0.12160161319166,0.008343811110402449,-0.03816114097338857,-0.04178567825888795,0.7889640019715027,-0.270567,-0.27075,-0.2851,Medium,Medium,Low
45,85,255500,258000,92.848555,91.725321,89.820359,0.009524,0.027255,-0.077806,0.569297,-0.113478,-0.164526,-0.30380251745889647,-0.34760971282031694,-0.2314414430904953,0.16367247190926365,0.38362583840677467,0.1832224200382627,0.43212935112531786,-0.07913640369331337,0.7486378345527961,-0.299883,-0.3006,-0.3079,Low,Low,Low
45,86,258500,261000,101.198953,101.995874,96.573669,-0.008227,0.000106,-0.107217,-0.130654,-0.498632,-0.79329,0.09243336075601749,0.13659926383775442,0.08845574821492139,-0.070221883804224,0.03654857014149618,-0.051902369318413764,-0.09181033209659732,-0.3331630199277201,0.4338798732481673,-0.310217,-0.31045,-0.3109,Low,Low,Low
45,87,261500,264000,105.388193,105.241537,104.540468,-0.003957,-0.006681,-0.048719,-0.283473,-0.309499,-0.485093,0.29121756127592635,0.2896172327637666,0.46583463705532785,-0.013958636725378181,-0.05021755088382501,0.4157570073701333,-0.20620110866565694,-0.20842118676939375,0.5881626556596964,-0.300333,-0.3002,-0.3063,Low,Low,Low
45,88,264500,267000,105.640398,105.698259,104.9517,-0.000676,-0.010203,-0.037286,0.379841,-0.158958,-0.71034,0.3031849752441221,0.3111495584561833,0.4853142643454876,0.029273146334503116,-0.09524337646967755,0.5071575621528637,0.290314400329489,-0.10913253642552131,0.47540447212822246,-0.2921,-0.29185,-0.2912,Low,Low,Low
45,89,267500,270000,101.946355,101.389367,99.458739,-0.004777,0.017344,-0.095815,-0.192056,-0.449904,-0.594796,0.12789843533684356,0.10800526955079047,0.22511847948588604,-0.024763288389231485,0.25692198906509817,0.03925035749280743,-0.13777204145795555,-0.3010246831692543,0.5332455601691758,-0.30425,-0.30345,-0.3149,Low,Low,Low
45,90,270500,273000,98.479833,98.215574,96.842983,-0.015076,-1.9e-05,-0.120895,0.159306,-0.310867,-0.687856,-0.03659197446414071,-0.04162436194563861,0.10121286911996347,-0.16046707800633528,0.03495054964228222,-0.16125046590882616,0.12523564761773484,-0.20932344511542847,0.486659916145331,-0.334483,-0.3345,-0.3488,Low,Low,Low
45,91,273500,276000,98.946167,98.750952,97.791283,-0.005816,-0.017951,-0.07241,0.324597,-0.277285,-0.571928,-0.014463896014290172,-0.016383770372308325,0.14613284266107557,-0.0384535726316017,-0.19429507909295568,0.2263604759822505,0.24896218587460364,-0.18717458562965436,0.5446932337941197,-0.367733,-0.368,-0.3804,Low,Low,Low
45,92,276500,279000,98.075993,97.782454,96.119961,-0.003238,-0.003703,-0.050124,-0.07219,-0.573271,-0.903466,-0.05575464156794964,-0.062043962717879875,0.06696407748267373,-0.004484801912804381,-0.012146310510551619,0.404524804145281,-0.04804782637850271,-0.38239084206930474,0.3787259949334121,-0.394267,-0.3946,-0.4028,Low,Low,Low
45,93,279500,282000,95.499233,96.526663,91.414133,-0.005109,-0.008486,-0.045584,-0.250809,-0.359995,-0.891063,-0.1780248329467389,-0.12124868859840614,-0.1559460451040853,-0.029137854672645257,-0.0732929668924746,0.4408196102953375,-0.18175087455961147,-0.2417256001037291,0.384934911146906,-0.4127,-0.413,-0.4189,Low,Low,Low
45,94,282500,285000,95.890495,95.478056,92.132819,-0.01726,-0.018933,-0.044425,-0.3913,-0.374278,-0.586944,-0.1594590062421767,-0.17068564904118774,-0.12190264522602226,-0.18924434536469578,-0.2068491281347805,0.4500851786495039,-0.28691367886381286,-0.25114588954555245,0.5371762551710588,-0.4271,-0.42695,-0.4333,Low,Low,Low
45,95,285500,288000,105.867968,105.653921,101.446416,0.012113,0.005901,-0.046134,0.908973,0.405446,-1.347145,0.3139834304561213,0.3090592272337979,0.319272648259773,0.19778618307721021,0.11063280048505539,0.43642266241372274,0.686389629113473,0.2631176240535704,0.15662120281160424,-0.442133,-0.44225,-0.4481,Low,Low,Low
45,96,288500,291000,93.51858,91.830659,79.754329,0.00283,0.001783,-0.086422,0.167897,-0.708092,-1.119498,-0.272009069493788,-0.3426435142930118,-0.7082586963479444,0.07546962039971002,0.057987613158950665,0.11434223286009386,0.13166633464948344,-0.4713114359806726,0.27058082139204903,-0.455083,-0.4552,-0.4597,Low,Low,Low
45,97,291500,294000,82.365993,81.900985,80.213904,-0.029423,-0.038484,-0.06907,-0.758518,-0.837749,-1.32129,-0.8012120014155039,-0.8107816258521704,-0.6864891119968355,-0.34950895291036366,-0.4567923183758376,0.2530619412996929,-0.5617901810666603,-0.5568261365448741,0.16956416247457978,-0.46615,-0.4661,-0.4709,Low,Low,Low
45,98,294500,297000,99.356723,101.590876,89.672281,-0.00693,-0.015535,-0.071002,-0.177209,-0.471217,-0.735735,0.005017452924575033,0.11750548503844647,-0.23845574219628535,-0.05313208720908045,-0.16340853888414822,0.23761666255918437,-0.1266585028291147,-0.31508157800042286,0.4626917875162996,-0.473433,-0.47635,-0.4829,Low,Low,Low
45,99,297500,300000,105.206343,104.876295,104.166667,0.010494,0.013059,-0.071149,0.741253,0.508309,-1.477343,0.2825885720405173,0.2723977651214162,0.44812807686378386,0.17645358424333402,0.20214184635204357,0.2364414783071891,0.560844892881966,0.3309604604922931,0.09144435260080962,-0.342083,-0.3423,-0.4208,Low,Low,Low
51,0,500,3000,112.284118,111.184972,106.290394,-0.060512,-0.036695,-0.162064,0.2738,0.28607,0.053267,0.618437042129316,0.5698226490820278,0.5487267910349798,-0.7591501914195529,-0.4339214489910874,-0.49037400652373264,0.21093871839098888,0.18438371154169586,0.8576645610613414,0.321067,0.3218,0.2422,High,High,High
51,1,3500,6000,115.293165,115.943797,110.484933,0.007471,-0.006442,-0.025848,-0.047184,0.263334,-1.032614,0.7612197431017668,0.7941791937924096,0.7474176914854299,0.13662131353622606,-0.047162135689327915,0.5985980891890632,-0.029329893668002677,0.16938828335789025,0.31407477255654226,0.454817,0.4578,0.4277,High,High,High
51,2,6500,9000,117.961865,118.528001,115.046103,-0.009462,-0.030162,-0.117047,0.379816,0.390844,0.216785,0.8878525920021595,0.916012436298017,0.9634755167691098,-0.08649474332234453,-0.350402505620169,-0.13048781963891043,0.29029568688800444,0.2534869395734539,0.939521334535348,0.422,0.42245,0.3987,High,High,High
51,3,9500,12000,102.197811,100.822121,91.341785,0.106645,0.013699,-0.124767,-0.768923,-0.602801,-2.283187,0.13983030840354183,0.08126224946478508,-0.1593730937656403,1.4433780502569418,0.21032371130801908,-0.19220497899539415,-0.5695787154125274,-0.40186722288685317,-0.31195949140038504,0.3674,0.3669,0.3473,High,High,High
51,4,12500,15000,90.0525,89.453988,87.759973,-0.056255,-0.065018,-0.166877,0.740767,0.755645,0.370968,-0.43647850589228676,-0.4546925376282612,-0.3290397607162226,-0.7030582375987925,-0.7960073257849836,-0.5288512977132087,0.5604811035795064,0.4940898247282954,1.0167050262667952,0.329533,0.32865,0.3207,High,High,High
51,5,15500,18000,97.721672,97.809098,96.05106,-0.019136,-0.003612,-0.110768,-0.217721,-0.07512,-1.056732,-0.07256757582629111,-0.060787821595383366,0.06370030958543023,-0.21396328014687724,-0.010982951587123858,-0.08029066373225749,-0.15698326048598815,-0.05383755454331266,0.3020013515102593,0.31635,0.316,0.3149,High,High,High
51,6,18500,21000,106.212244,106.924847,101.47547,0.140937,0.054973,-0.0464,0.459146,0.366234,0.159869,0.33031971804484644,0.36897749822350384,0.3206489056796439,1.8952233122774995,0.737977295984475,0.43429613852916,0.3496771794067587,0.23725552298287259,0.9110293023490043,0.31375,0.31395,0.3123,High,High,High
51,7,21500,24000,85.094271,81.354417,76.335878,-0.014847,0.010172,-0.237757,-0.144987,-0.153272,-0.462569,-0.6717521086841118,-0.8365497740671742,-0.8701871245579916,-0.15744968138313722,0.165233964902198,-1.0954979628929449,-0.10253912236851596,-0.10538236028842073,0.5994381235942878,0.307483,0.3078,0.3029,High,High,High
51,8,24500,27000,79.09645,77.853471,74.651847,0.002857,0.035997,-0.177814,0.299886,0.209349,-0.088005,-0.9563555337317389,-1.0016031533735432,-0.9499579016985715,0.0758253833203491,0.4953850000398021,-0.6162866049517919,0.2304650717736212,0.1337827155138215,0.7869440892954206,0.295967,0.2957,0.2916,High,High,High
51,9,27500,30000,94.59044,94.506356,89.787511,-0.069311,-0.068977,-0.128506,-0.393092,-0.3455,-1.085607,-0.22114809395424628,-0.21649680084758482,-0.23299741829968912,-0.875089374334486,-0.8466198310360878,-0.2220962301396808,-0.288255058349425,-0.23216548700009332,0.28754658607732875,0.2891,0.28895,0.2885,High,High,High
51,10,30500,33000,102.285272,102.014035,101.081176,-0.004212,-0.002272,-0.032791,0.19766,0.193583,-0.468757,0.14398043228321278,0.13745547082340456,0.3019716136334356,-0.017318619864747194,0.006147828164449798,0.5430926180216971,0.15394506100566246,0.12338431998488593,0.5963404235596913,0.295033,0.2947,0.2903,High,High,High
51,11,33500,36000,96.962711,96.502979,92.556985,-0.009143,-0.004102,-0.037147,0.228964,0.319462,-0.542042,-0.10858113809791806,-0.1223652794385655,-0.1018103479603476,-0.08229147029701624,-0.017247191944042575,0.5082687907993081,0.17737728389494875,0.2064072573682985,0.5596541037414293,0.308267,0.3087,0.303,High,High,High
51,12,36500,39000,99.628077,100.738125,94.190502,-0.008313,6.8e-05,-0.056044,0.188408,0.203247,-0.104615,0.01789350871223099,0.0773022273312767,-0.024432365867174087,-0.07135505458848178,0.036062771909735135,0.35719765603771847,0.1470195905810625,0.12975816841769283,0.7786291575606681,0.30975,0.31075,0.3039,High,High,High
51,13,39500,42000,96.00642,97.164694,90.062821,-0.006368,-0.009706,-0.020561,-0.080911,-0.076382,-0.357424,-0.15395823320332688,-0.09116848380455281,-0.21995627318147365,-0.04572694789800051,-0.08888964696480284,0.6408647500074219,-0.054575823305970945,-0.05466990105844121,0.652073493687638,0.283783,0.2846,0.2663,High,High,High
51,14,42500,45000,95.260611,94.845542,89.656098,-0.008593,-0.012869,-0.060068,0.054395,0.099458,-0.293796,-0.18934771812315826,-0.2005057528527258,-0.23922231388437531,-0.07504444783955365,-0.1293259576769129,0.325027986445686,0.04670581323433608,0.0613045927769028,0.6839255392276036,0.239567,0.2391,0.2219,High,High,High
51,15,45500,48000,96.115579,95.423897,92.580134,-0.001235,-0.004539,-0.04077,-0.344627,-0.041919,-1.591688,-0.14877851455637636,-0.17323899489966524,-0.10071380417936758,0.021907536236827514,-0.02283387160929458,0.4793048959355075,-0.2519771806874885,-0.031939981921456105,0.03420348148640462,0.205817,0.2044,0.1994,High,High,High
51,16,48500,51000,99.946675,100.90488,93.896714,-0.005363,-0.006731,-0.015966,-0.607401,0.118452,-3.565803,0.03301134600902965,0.08516395278097946,-0.03834879440950863,-0.032484661407546155,-0.05085675908351059,0.6775992509456399,-0.44867341559386836,0.07383200142060459,-0.9540344150548845,0.202933,0.2023,0.1989,High,High,High
51,17,51500,54000,102.544332,103.348626,95.681146,-0.016766,-0.007357,-0.059479,0.256494,0.353893,-0.080235,0.1562731237944859,0.2003752515174983,0.046177872495387774,-0.18273520155744755,-0.0588596457435741,0.3297367179043607,0.1979845256577283,0.22911607104689682,0.7908337352664636,0.22025,0.2205,0.212,High,High,High
51,18,54500,57000,78.114065,76.579482,75.630447,-0.006985,-0.013428,-0.029204,0.087983,0.03987,-0.390331,-1.0029708188020028,-1.0616658306182485,-0.9036026490281801,-0.0538567894548267,-0.13647230534939775,0.5717687126605193,0.0718476961376503,0.022003591078424183,0.6356003173724364,0.229617,0.2299,0.2272,High,High,High
51,19,57500,60000,89.723548,89.39764,80.272269,-0.019648,-0.0113,-0.060983,0.047723,0.025763,-0.539725,-0.4520876522599872,-0.45734908469215624,-0.6837244233374168,-0.22070959923455147,-0.10926760437077927,0.31771306406081773,0.04171156997094105,0.01269938165772811,0.5608139891616233,0.213367,0.2141,0.2007,High,High,High
51,20,60500,63000,90.728729,90.390613,80.536913,-0.006939,-0.008959,-0.024081,0.319844,0.446863,-0.295532,-0.4043906710741864,-0.4105350095221924,-0.6711885154202869,-0.053250674849293474,-0.07933987646150022,0.6127242835650873,0.2454043863795622,0.2904340231162322,0.6830565012088479,0.18255,0.18195,0.1714,High,High,High
51,21,63500,66000,85.518561,84.655254,82.530949,-0.007702,-0.00045,-0.038882,-1.001604,-0.846159,-2.793592,-0.6516190658318064,-0.6809306067365448,-0.5767331275050438,-0.06330427145846429,0.029440574960992484,0.49439841884548696,-0.7437492065351322,-0.5623729148271491,-0.567467181471205,0.165583,0.16515,0.164,High,High,High
51,22,66500,69000,92.375135,91.586205,90.692804,-0.038567,-0.025619,-0.106943,-0.205799,0.011177,-1.276675,-0.32626683466443646,-0.3541683875086962,-0.1901146411121389,-0.469993995366796,-0.29232404859673683,-0.049711889828300146,-0.14805919451083893,0.003079249906804954,0.1918983394370109,0.1767,0.17615,0.1677,High,High,High
51,23,69500,72000,101.264957,101.305935,98.815588,-0.009984,-0.01065,-0.053821,0.566715,0.576975,0.229004,0.09556532559238747,0.10407183740351171,0.19465309310716708,-0.09337282645469991,-0.10095789777486666,0.37496931993013594,0.4301966268887941,0.37624881691687073,0.9456381407284209,0.20235,0.2029,0.1917,High,High,High
51,24,72500,75000,87.565746,87.379311,85.227273,-0.028378,-0.024137,-0.068598,-0.174245,-0.249672,-0.684374,-0.5544778102481327,-0.5525039434080701,-0.44901109572368275,-0.33573961024118476,-0.27337791755805607,0.2568353220271878,-0.1244398372067072,-0.16896255367858887,0.4884029981622129,0.216417,0.21665,0.2143,High,High,High
51,25,75500,78000,96.857084,97.118785,93.010681,-0.011679,-0.006873,-0.087174,0.156625,0.243113,-0.774072,-0.11359325932952954,-0.0933328803963812,-0.08031924565547713,-0.11570683202815277,-0.05267211037061765,0.10833040593832237,0.12322881815293235,0.15605161229417044,0.44350036440280144,0.203133,0.20415,0.1901,High,High,High
51,26,78500,81000,93.159305,92.445505,91.883614,-0.010886,-0.021265,-0.072824,0.372786,0.390623,-0.244003,-0.2890570766840635,-0.31365637480185604,-0.1337072239524938,-0.10525794328493854,-0.23666179856811614,0.22305077339499868,0.2850334671425508,0.2533411800014702,0.7088518123081893,0.163717,0.1641,0.1431,High,High,High
51,27,81500,84000,91.58777,92.304825,86.389031,0.004648,-0.008208,-0.042642,-0.05276,-0.030632,-0.185145,-0.3636281990270313,-0.3202887848421196,-0.39397984124601176,0.09942432372274086,-0.06973896930222274,0.4643392842366296,-0.03350373965671532,-0.024495691021094827,0.7383160056883253,0.114683,0.1138,0.0971,High,High,High
51,28,84500,87000,99.326928,99.74457,90.46271,0.071627,0.087341,-0.029468,-2.844589,-2.680377,-6.649949,0.003603646302254015,0.030460713558502238,-0.2010139518703044,0.9819667185925335,1.1517751161329348,0.5696581776773441,-2.1232928847108066,-1.7721232795546116,-2.497951540281242,0.08825,0.08775,0.0867,High,High,High
51,29,87500,90000,97.578257,99.274986,85.627226,-0.015804,-0.025939,-0.071318,0.422774,0.695467,-1.827433,-0.07937278061703207,0.008322004173038529,-0.43006574279983145,-0.17005950045912208,-0.2964149810747246,0.23509041613992926,0.32245136765972565,0.4543996911408105,-0.08380997918844275,0.107317,0.1061,0.0925,High,High,High
51,30,90500,93000,76.710454,75.525841,73.439412,-0.019379,-0.028383,-0.055129,0.984513,0.892917,0.518019,-1.0695737564412762,-1.1113401208317342,-1.0073896723621991,-0.21716514643262888,-0.3276594778753559,0.36451257842258666,0.7429341639031704,0.5846269648429754,1.0903184535110506,0.156167,0.1563,0.1339,High,High,High
51,31,93500,96000,83.045515,83.714248,75.566751,-0.024498,-0.027386,-0.088146,0.510932,1.000328,-1.020425,-0.768967910003771,-0.7252946786895453,-0.9066198615502459,-0.2846151609049033,-0.3149136663736254,0.100559799863905,0.388440950635502,0.6554694145549189,0.320176560811503,0.205217,0.20565,0.1864,High,High,High
51,32,96500,99000,70.30996,69.329106,68.56707,-0.037569,-0.028678,-0.119031,-0.638114,-1.130425,-1.552853,-1.3732844731160125,-1.403487458270259,-1.2381873879830454,-0.45684394370761844,-0.33143080625350085,-0.14634880981549897,-0.47166325272646004,-0.7498592971326422,0.0536442023725642,0.247133,0.2475,0.2299,High,High,High
51,33,99500,102000,86.147059,88.22552,78.664422,0.000134,-0.040795,-0.087615,0.90537,0.826848,0.401132,-0.6217961212264936,-0.5126091106830113,-0.7598864445312962,0.039946033953675276,-0.4863365213653053,0.10480485318233673,0.6836926479267206,0.5410514482755998,1.0318050624406103,0.277733,0.279,0.2685,High,High,High
51,34,102500,105000,88.617757,88.699426,87.591241,0.001241,0.012169,-0.06775,0.37516,0.361596,-0.070047,-0.5045586923238436,-0.49026663902718914,-0.3370324180773311,0.05453231369987722,0.1907639403976402,0.26361461621556836,0.286810495545923,0.23419655060793895,0.7959338270493449,0.276117,0.27835,0.263,High,High,High
51,35,105500,108000,84.744673,85.109123,81.775786,-0.007075,-0.011761,-0.029584,0.470263,0.478523,0.029897,-0.6883409312231307,-0.6595327867723403,-0.6125044045051778,-0.055042665856956934,-0.11516110397188034,0.5687308213968582,0.35799867256610557,0.31131523600765043,0.8459655872719878,0.22775,0.2283,0.2,High,High,High
51,36,108500,111000,79.000997,78.032239,76.335878,-0.009042,-0.009504,-0.024453,0.056532,0.020482,-0.108193,-0.9608848870970815,-0.9931750706462342,-0.8701871245579916,-0.08096065344573673,-0.08630724583807309,0.609750347906977,0.04830543821243488,0.009216321478335187,0.7768380181418273,0.16285,0.1618,0.1401,High,High,High
51,37,111500,114000,90.405629,92.052872,82.598845,-0.018331,-0.01925,-0.050749,-0.705114,-0.644369,-2.023989,-0.419722133389065,-0.332167201154847,-0.5735169654007024,-0.20335627455004562,-0.21090170812078712,0.39952827246162786,-0.5218152759050373,-0.4292832133312775,-0.18220550730740714,0.127333,0.12605,0.1247,High,High,High
51,38,114500,117000,92.374744,92.197053,91.707879,0.008379,0.018704,-0.018984,0.237384,0.368188,-0.650909,-0.32628538805894286,-0.3253697351894273,-0.1420316060575732,0.14858548879327338,0.27430845209654603,0.6534719987516155,0.18367997098694308,0.2385442750356152,0.5051555081263003,0.139483,0.1388,0.1287,High,High,High
51,39,117500,120000,95.425476,95.593699,92.590654,0.000863,-0.007793,-0.019424,0.017304,-0.025628,-0.466343,-0.18152468644707478,-0.1652336175208137,-0.10021548284471347,0.04955163281093022,-0.06443354124483239,0.6499544404463238,0.0189418029102076,-0.021195324965862447,0.5975488669797813,0.1685,0.1696,0.1576,High,High,High
51,40,120500,123000,92.008908,91.754638,91.063645,-0.026237,-0.018878,-0.057639,-0.61797,-0.632736,-0.725961,-0.34364472215806385,-0.3462275521354261,-0.17254829300715163,-0.30752892827495315,-0.20614599911512638,0.3444465071810356,-0.45658471011587415,-0.42161071966210917,0.4675846317532334,0.1729,0.1745,0.1641,High,High,High
51,41,123500,126000,97.423425,97.950715,94.637224,-0.022209,-0.032399,-0.053802,0.156901,0.325367,-1.36961,-0.08671973503714128,-0.05411123634750194,-0.003271614606778663,-0.2544543710773909,-0.379000680474102,0.375121214493319,0.12343541454692172,0.2103018739862336,0.1453752701553,0.1408,0.1412,0.1223,High,High,High
51,42,126500,129000,82.083413,80.064659,75.376884,-0.003636,-0.005985,-0.060982,0.110743,0.253319,-0.705414,-0.8146207436653912,-0.8973558865828836,-0.9156136616307373,-0.009729010891113664,-0.04131977274420168,0.3177210585115116,0.08888441326517892,0.1627829344284034,0.4778704175662351,0.101517,0.1004,0.0907,High,High,High
51,43,129500,132000,88.071592,87.756538,78.874247,0.030767,0.043477,-0.025884,0.111299,0.408734,-1.049854,-0.5304748424792314,-0.534719438558351,-0.7499472549834068,0.44357883202540466,0.5910105467127655,0.5983102889640848,0.08930060020379517,0.2652862099028118,0.3054444641214349,0.092683,0.09145,0.0894,High,High,High
51,44,132500,135000,99.198831,102.140619,87.067001,0.002066,0.007531,-0.064318,0.370145,0.317393,0.167864,-0.0024747019742825736,0.14342331978940304,-0.36186511546127303,0.0654028473860711,0.13147098779480543,0.2910515709968446,0.2830565791841236,0.20504265757447837,0.9150315828558884,0.115067,0.1152,0.1031,High,High,High
51,45,135500,138000,79.313471,79.272181,76.599843,0.006563,0.024258,-0.116946,0.090553,0.060056,-0.494979,-0.9460576405623259,-0.9347175516659649,-0.8576833801566628,0.12465713827917875,0.3453116989176207,-0.12968038011883204,0.07377143792226139,0.03531717804703345,0.5832137444538106,0.136567,0.1377,0.1307,High,High,High
51,46,138500,141000,90.52151,92.361313,81.193437,0.008303,0.031295,-0.124011,0.316908,0.26313,0.021856,-0.4142234482002365,-0.3176256374270328,-0.6400896640978097,0.14758408205369672,0.43527386094136983,-0.18616117427084725,0.24320667981161737,0.1692537360606745,0.8419402792599984,0.13365,0.13455,0.1259,High,High,High
51,47,141500,144000,94.809336,95.369596,91.571632,-0.026777,-0.026754,-0.044875,-0.064132,-0.018662,-0.342521,-0.2107612299032475,-0.17579903540006553,-0.14848548313767065,-0.3146441866877346,-0.30683407472959956,0.44648767583727367,-0.04201610991920457,-0.016600930493290755,0.6595339047438098,0.10805,0.10845,0.0937,High,High,High
51,48,144500,147000,90.110186,90.834173,86.865156,-0.020205,-0.017114,-0.034366,-0.1661,-0.357159,-0.619865,-0.4337412396121996,-0.38962321113251885,-0.37142630080283795,-0.22804885652329088,-0.183594733830219,0.5305013581788912,-0.11834299797104283,-0.2398551288542009,0.5206960704847382,0.069967,0.07015,0.0523,High,High,High
51,49,147500,150000,92.694472,94.0946,83.102493,0.011679,0.007279,-0.044264,0.231435,0.206626,-0.124793,-0.3111139309775083,-0.23590918802798486,-0.5496596893972923,0.19206762353804885,0.12824937846839007,0.451372285211213,0.17922692045128105,0.13198677291422165,0.7685280923864456,0.027917,0.02775,0.0111,Medium,Medium,Medium
51,50,150500,153000,79.215714,78.738566,77.93305,0.005023,0.005643,-0.015247,-0.261126,-0.268693,-0.651333,-0.9506963213469611,-0.9598750259596466,-0.7945307668857309,0.10436547539828353,0.10733448617467775,0.6833472609945145,-0.18947353759145302,-0.18150777005280452,0.504943254600982,-0.010817,-0.01105,-0.0258,Medium,Medium,Medium
51,51,153500,156000,92.503284,93.687657,86.586826,0.002148,0.001733,-0.020209,0.270216,0.276006,0.029073,-0.320186018928784,-0.2550946645634903,-0.3846105001444994,0.06648331255245643,0.05734840495926509,0.6436787966516553,0.2082559594197647,0.1777460448790542,0.845553094571841,-0.0463,-0.0462,-0.0611,Medium,Medium,Medium
51,52,156500,159000,93.382556,93.314084,91.18541,0.010488,0.012184,-0.002834,0.29622,0.295457,0.074056,-0.2784635629321017,-0.2727069002471082,-0.1667804130343224,0.17637452581652535,0.1909557028575459,0.7825823774572128,0.2277209327143277,0.19057486585034222,0.8680714915751143,-0.081517,-0.08145,-0.0959,Medium,Medium,Medium
51,53,159500,162000,84.294748,83.726108,78.32126,-0.002634,0.00553,-0.034638,0.076343,0.062274,-0.079226,-0.7096903839684786,-0.724735534652884,-0.7761416675201345,0.0034737463859363395,0.10588987564338835,0.5283268675901653,0.06313471778244673,0.03678005013146699,0.7913388385849685,-0.116083,-0.1163,-0.1297,Medium,Medium,Medium
51,54,162500,165000,77.138172,75.673863,73.439412,-0.009235,-0.007077,-0.024268,-0.104686,-0.064458,-0.457299,-1.0492780510918633,-1.1043615695168363,-1.0073896723621991,-0.0835036995080827,-0.05528007982533483,0.6112293212853384,-0.07237230615777206,-0.04680547962706813,0.602076274722653,-0.142733,-0.14335,-0.1493,Medium,Medium,Medium
51,55,165500,168000,93.220682,93.575519,86.705202,-0.013031,-0.015906,-0.0555,-0.514362,-0.59561,-0.78662,-0.286144668257879,-0.26038145157724535,-0.3790031535369885,-0.13352133086904258,-0.16815146372581527,0.3615466372151701,-0.37903022030264977,-0.3971244306599994,0.4372188614884322,-0.147267,-0.14865,-0.1505,Medium,Medium,Medium
51,56,168500,171000,99.298646,100.725331,91.936311,-0.031357,-0.009618,-0.09047,0.28203,0.29906,-0.087032,0.0022616332499815015,0.07669904952309411,-0.13121102249125116,-0.3749921191516957,-0.08776464053335621,0.08198069645140918,0.2170991833277007,0.19295120855557846,0.7874311710881907,-0.120733,-0.1211,-0.136,Medium,Medium,Medium
51,57,171500,174000,86.464906,86.720888,80.213904,-0.010653,-0.018164,-0.086843,0.291957,0.405389,-0.190212,-0.6067139197334659,-0.5835455364983484,-0.6864891119968355,-0.10218784104386802,-0.19701810602361625,0.11097656911798506,0.22452991667238334,0.263080029955819,0.7357794759411855,-0.08305,-0.0823,-0.0978,Medium,Medium,Medium
51,58,174500,177000,87.468705,87.298805,85.878348,0.008965,0.009495,-0.002182,-0.396952,-0.415702,-1.168434,-0.5590825160187863,-0.5562994282154445,-0.41817035779973494,0.15630686181158807,0.15657908587845518,0.7877947593095999,-0.29114441371463856,-0.27846690542723634,0.24608356074353344,-0.063433,-0.0629,-0.0667,Medium,Medium,Medium
51,59,177500,180000,94.480778,94.225013,88.887027,-0.010935,-0.014557,-0.036711,0.131878,0.395141,-0.575632,-0.22635168052303067,-0.22976081945689514,-0.2756523982155325,-0.10590358710387612,-0.1509056264982982,0.5117543713018244,0.1047047566962122,0.2563210069074534,0.542839019035208,-0.072517,-0.07205,-0.0811,Medium,Medium,Medium
51,60,180500,183000,104.271956,105.581139,96.250745,0.002225,0.006887,-0.032557,0.296785,0.353961,0.017869,0.23825084663657858,0.30562789323073797,0.07315917799896646,0.06749789569650118,0.1232379861828551,0.5449633194840569,0.22814385649187843,0.22916092014596873,0.8399443952848955,-0.09545,-0.0955,-0.1057,Medium,Medium,Medium
51,61,183500,186000,77.456858,74.913203,73.170732,-0.006588,-0.006224,-0.024112,-0.065299,-0.061913,-0.229276,-1.034156038095022,-1.1402231633555253,-1.020116761354107,-0.048625756880985534,-0.044375187938698775,0.6124764555935781,-0.042889653367703076,-0.045126936139744715,0.7162241181274366,-0.118317,-0.1184,-0.1269,Medium,Medium,Medium
51,62,186500,189000,78.320794,75.957184,71.845956,0.00552,0.006,-0.017943,-0.04146,-0.123582,-0.22567,-0.9931612927330065,-1.091004297374261,-1.0828700070230934,0.11091414841893607,0.11189843272043282,0.6617942219239082,-0.025045264105701542,-0.08580045217893846,0.7180292742885153,-0.138867,-0.13885,-0.1475,Medium,Medium,Medium
51,63,189500,192000,92.145893,94.580607,79.01687,-0.002437,-0.001939,-0.019637,-0.019095,-0.016982,-0.182524,-0.33714462817724183,-0.2129962103023785,-0.743191353489835,0.006069498066154756,0.01040495477435579,0.6482516224485347,-0.00830421935362871,-0.015492893927984922,0.7396280728813889,-0.1587,-0.1589,-0.1659,Medium,Medium,Medium
51,64,192500,195000,80.694274,81.391852,77.881872,-0.010045,-0.01233,-0.022139,0.160787,0.182822,-0.090365,-0.8805369684522322,-0.834784887303901,-0.7969550149147162,-0.09417658712725487,-0.12243529328430229,0.6282495068125343,0.12634423189127922,0.11628695005675732,0.7857626781639324,-0.1731,-0.1734,-0.1772,Medium,Medium,Medium
51,65,195500,198000,75.890945,75.757576,75.757576,0.004373,0.000359,-0.020114,-0.06529,0.089565,-0.618494,-1.1084603901466425,-1.1004148895218078,-0.8975806820174157,0.09580081249400958,0.039782963631905234,0.6444382694675705,-0.04288291652876864,0.054779708407515525,0.5213823902564627,-0.180567,-0.1807,-0.1825,Medium,Medium,Medium
51,66,198500,201000,83.77447,83.165549,77.399055,-0.008241,0.000487,-0.063934,-0.17687,-0.041389,-0.68998,-0.7343781665443392,-0.7511632936787583,-0.8198255483589837,-0.07040635346677761,0.04141933662310033,0.29412144006328106,-0.1264047485625843,-0.03159042276692511,0.48559664612699177,-0.185133,-0.18525,-0.1867,Medium,Medium,Medium
51,67,201500,204000,94.585953,95.100468,91.210416,-0.002167,-0.009429,-0.054266,-0.156439,-0.128271,-0.383188,-0.22136100720527327,-0.18848717336790727,-0.16559590511660793,0.009627127272545473,-0.08534843353854471,0.37141178937137487,-0.11111137564375576,-0.08889306137817599,0.6391760884369359,-0.187067,-0.18725,-0.1875,Medium,Medium,Medium
51,68,204500,207000,93.414293,93.459381,95.238095,0.000734,-0.003174,-0.033181,0.221103,0.205649,0.083063,-0.27695760620202614,-0.2658568200536184,0.025191012643692053,0.04785187663454354,-0.00538348775787814,0.5399747822510975,0.17149302935454883,0.13134239688785032,0.8725803771943146,-0.17915,-0.17965,-0.1847,Medium,Medium,Medium
51,69,207500,210000,90.325644,90.065594,88.771777,-0.006324,-0.004677,-0.023662,-0.457126,-0.494768,-1.117135,-0.42351751256967685,-0.4258581491218253,-0.28111166949109223,-0.045147186101403496,-0.02459808624042679,0.6160739584058085,-0.33618691883027596,-0.3306145358275167,0.2717637343173483,-0.16045,-0.16045,-0.1691,Medium,Medium,Medium
51,70,210500,213000,94.142452,95.470828,87.843227,-0.001354,-0.005009,-0.032432,0.498407,0.53994,0.313079,-0.24240563384752334,-0.17102641574413777,-0.32509610630602376,0.020339544105121975,-0.02884242868633908,0.5459626258207875,0.3790655164517456,0.3518225465620483,0.9877259122876811,-0.142883,-0.1423,-0.1486,Medium,Medium,Medium
51,71,213500,216000,82.116636,80.167263,78.023407,-0.00085,-0.000825,-0.015366,-0.028431,-0.020319,-0.291709,-0.8130442745459628,-0.8925185834852778,-0.7902506508367435,0.02698045195705132,0.024646513463350603,0.6823959213619468,-0.015292566941616726,-0.017693797510381092,0.6849702871222711,-0.138,-0.138,-0.1381,Medium,Medium,Medium
51,72,216500,219000,97.922279,98.925489,99.337748,-0.003424,-0.002577,-0.033268,-0.252555,-0.231506,-0.469609,-0.063048545617065,-0.00815515968708328,0.21938726307893444,-0.0069356131438735435,0.002248658146367738,0.539279265040733,-0.183057821312892,-0.15698124877064493,0.5959139141173068,-0.135233,-0.136,-0.1381,Medium,Medium,Medium
51,73,219500,222000,99.055618,100.090341,93.126525,-0.009851,-0.004692,-0.078692,0.001883,0.139824,-0.530151,-0.0092703216353806,0.046762213786195675,-0.0748318372247101,-0.0916203646604408,-0.024789848700332472,0.176139336723516,0.007398603664881637,0.08792780944067381,0.5656067138111428,-0.116133,-0.1171,-0.1276,Medium,Medium,Medium
51,74,222500,225000,87.089613,86.276261,92.449923,-0.001717,-0.011778,-0.028134,0.04171,0.079567,-0.633668,-0.5770708623879353,-0.6045076389931747,-0.10688176228836457,0.015556509283196674,-0.11537843475977344,0.5803227749029334,0.03721061302507858,0.048185571752796634,0.5137863171593445,-0.077367,-0.0772,-0.0955,Medium,Medium,Medium
51,75,225500,228000,83.999985,82.724686,78.542827,-0.012148,-0.004311,-0.066493,-0.309054,-0.364571,-0.968503,-0.723677223418558,-0.7719479410172614,-0.7656462717829375,-0.12188656572369815,-0.019919082218728318,0.27366364073773164,-0.2253494505303015,-0.2447436806530383,0.3461686069001132,-0.041417,-0.0407,-0.0535,Medium,Medium,Medium
51,76,228500,231000,81.728042,81.246744,78.431373,-0.021144,-0.011988,-0.070616,0.169566,0.139763,-0.307162,-0.8314835016174204,-0.8416260570232819,-0.7709257305312782,-0.24042150031884968,-0.11806310919845292,0.24070252052700855,0.13291564400299158,0.08788757716062402,0.6772345472007101,-0.028083,-0.0279,-0.0294,Medium,Medium,Medium
51,77,231500,234000,94.571076,95.14438,90.535444,-0.005686,0.001987,-0.070579,0.052752,0.058382,-0.299993,-0.22206693776812822,-0.1864169260712909,-0.19756861879475965,-0.03674064005074691,0.060595582613667855,0.24099831520268078,0.045475965859971865,0.03421309875517514,0.6808233338115735,-0.038417,-0.0379,-0.0468,Medium,Medium,Medium
51,78,234500,237000,85.589821,85.087825,81.96197,-0.026454,-0.027112,-0.051501,0.010697,-0.06945,-0.483499,-0.6482376978201748,-0.6605368887700481,-0.6036850642607634,-0.3103882080445338,-0.3114108054393484,0.39351644553985643,0.013996214594672379,-0.05009793113540546,0.5889606087713878,-0.06355,-0.063,-0.0775,Medium,Medium,Medium
51,79,237500,240000,89.603082,90.05943,86.572624,-0.002662,0.000305,-0.04543,0.143187,0.148001,-0.091666,-0.4578039009112533,-0.42614875315571904,-0.3852832339462823,0.0031048070608291566,0.03909261877624481,0.44205075570218966,0.11316996908616041,0.09332091360407012,0.7851114002478029,-0.104283,-0.1036,-0.1262,Medium,Medium,Medium
51,80,240500,243000,79.785687,79.613736,77.419355,-0.013201,-0.018162,-0.043617,-0.196567,-0.137466,-0.611075,-0.9236504545255491,-0.9186148162998705,-0.818863958711315,-0.13576131962862192,-0.19699253769562883,0.45654469481013066,-0.1411486948394266,-0.09495758293650168,0.525096326351594,-0.159583,-0.1599,-0.1828,Medium,Medium,Medium
51,81,243500,246000,92.508524,93.308354,82.907448,-0.01099,-0.011834,-0.056979,0.038046,0.101632,-0.27784,-0.319937374971712,-0.272977043192308,-0.5588987658913616,-0.10662828934962237,-0.1160943479434213,0.3497228446389733,0.034467971041103856,0.06273844485605451,0.6919130799115115,-0.207117,-0.20845,-0.2198,Medium,Medium,Medium
51,82,246500,249000,96.441054,95.984669,92.165869,0.017171,0.010193,-0.032615,-0.188056,-0.106983,-0.629398,-0.13333435579148897,-0.14680119391090643,-0.12033710148929982,0.2644324368769297,0.16550243234606593,0.5444996413438139,-0.13477789082042854,-0.07485265518637206,0.5159238703506385,-0.22195,-0.2225,-0.2236,Medium,Medium,Medium
51,83,249500,252000,88.348119,90.481966,76.433121,-0.012542,-0.010754,-0.034201,0.167757,0.147781,-0.010393,-0.5173533219606721,-0.4062281389335645,-0.8655808259319676,-0.12707806908413494,-0.10228745083021268,0.5318204425433756,0.13156153937717,0.09317581357766103,0.8257964963873895,-0.205767,-0.20585,-0.2153,Medium,Medium,Medium
51,84,252500,255000,74.673039,74.566909,73.491474,-0.012926,-0.013911,-0.064886,-0.207952,-0.207333,-0.621393,-1.1662514144179663,-1.156549320609456,-1.0049235501830396,-0.13213780839989064,-0.14264705655836046,0.2865107230027406,-0.14967079609148784,-0.14103805359615806,0.5199311568368935,-0.185533,-0.1848,-0.1923,Medium,Medium,Medium
51,85,255500,258000,87.522478,87.589843,78.443666,0.001198,-0.006908,-0.031858,0.155823,0.237809,-0.52956,-0.5565309260371767,-0.5425783352861143,-0.7703434240515346,0.05396572830774833,-0.05311955611039756,0.5505514405190546,0.12262849095010818,0.152553382566562,0.5659025671919519,-0.1823,-0.18145,-0.1867,Medium,Medium,Medium
51,86,258500,261000,91.627427,95.298744,70.186047,-0.014487,-0.019922,-0.046779,0.078957,0.025988,-0.119565,-0.3617464292931378,-0.1791393788474124,-1.1614981503961332,-0.15270617577461626,-0.21949266632456135,0.4312662417161927,0.06509139522407062,0.012847779412010141,0.7711452184014538,-0.1997,-0.19925,-0.2109,Medium,Medium,Medium
51,87,261500,264000,78.014418,78.403074,74.567182,-0.019994,-0.014069,-0.063704,-0.002203,-0.029792,-0.34356,-1.007699182235276,-0.9756919189737784,-0.9539683936946258,-0.22526863518051887,-0.14466695446936692,0.29596016372286543,0.0043400787886478075,-0.02394167273844191,0.6590137834871929,-0.2299,-0.22975,-0.2441,Medium,Medium,Medium
51,88,264500,267000,89.320142,90.902356,81.777722,0.010712,0.013365,-0.013517,0.188389,0.211639,-0.523197,-0.47122972557040443,-0.3864086986661042,-0.6124126982215381,0.17932604041738281,0.20605380053411937,0.6971776606948663,0.14700536836553427,0.1352930748796253,0.5690878718655358,-0.26495,-0.265,-0.2796,Medium,Medium,Medium
51,89,267500,270000,89.402841,88.840294,87.157371,0.00306,-0.006061,-0.037244,-0.310273,-0.393595,-0.781381,-0.4673055640043939,-0.4836253656581828,-0.3575843836159604,0.07850019342737619,-0.04229136920772377,0.5074933290820052,-0.22626191793708786,-0.26388633140984574,0.43984149408074813,-0.298617,-0.2988,-0.3114,Low,Low,Low
51,90,270500,273000,88.451491,89.79726,81.521739,0.000638,-0.010598,-0.032687,0.155575,0.166255,0.063419,-0.5124482030426475,-0.4385088536693381,-0.624538343678645,0.046586941805604624,-0.10029312124719365,0.5439240408938569,0.1224428536105815,0.10536025852257767,0.8627466313184882,-0.32585,-0.32645,-0.3341,Low,Low,Low
51,91,273500,276000,80.651582,79.497703,79.12215,-0.005111,-0.004697,-0.028564,0.128518,0.15057,-0.114047,-0.8825627523864527,-0.9240852345128495,-0.7382043506274406,-0.029164207481581488,-0.024853769520301026,0.5768851611045801,0.10218967016068951,0.09501528618518364,0.7739075178182125,-0.337267,-0.3375,-0.3383,Low,Low,Low
51,92,276500,279000,89.354285,90.116891,86.335327,-0.023599,-0.016559,-0.088575,-0.08969,-0.114226,-0.399611,-0.4696096014050782,-0.4234397332998511,-0.39652374323805195,-0.272769573288069,-0.176499522813709,0.09713018051624547,-0.061147235417683334,-0.07962974378310429,0.6309547685164157,-0.321367,-0.3226,-0.3333,Low,Low,Low
51,93,279500,282000,84.222479,84.357776,83.56546,-0.02121,-0.026546,-0.0351,-0.113504,-0.218096,-0.238127,-0.7131196301771875,-0.6949553158206895,-0.5277294295740209,-0.2412911430137452,-0.3041749686189076,0.5246334313696088,-0.07897291123820031,-0.14813674261543586,0.7117933257864195,-0.276233,-0.2766,-0.2986,Medium,Medium,Low
51,94,282500,285000,88.879425,89.1136,84.883247,-0.004208,0.003268,-0.038258,-0.396322,-0.449689,-1.143636,-0.4921422482476762,-0.47074025435263644,-0.46530724548373187,-0.017265914246874743,0.07697209668961252,0.49938695607844624,-0.290672834989228,-0.3008828808707181,0.2584973883870247,-0.22305,-0.22215,-0.2436,Medium,Medium,Medium
51,95,285500,288000,95.975311,96.345871,92.449923,-0.011127,-0.010572,-0.042689,0.617477,0.666965,0.269817,-0.155434390619463,-0.12977219354579939,-0.10688176228836457,-0.10843345676175396,-0.09996073298335717,0.46396354505401893,0.46819389555433055,0.4356013231739374,0.9660690443341072,-0.188283,-0.18765,-0.199,Medium,Medium,Medium
51,96,288500,291000,77.307191,77.334507,74.165637,0.000778,0.003809,-0.026972,0.132292,0.125792,-0.33632,-1.0412579073933224,-1.026069900915022,-0.9729891579839496,0.048431638431140546,0.08388832941021053,0.5896123266091814,0.10501465128719623,0.07867306593807175,0.6626381125515883,-0.166567,-0.167,-0.1759,Medium,Medium,Medium
51,97,291500,294000,81.667559,80.047537,77.83955,-0.081671,-0.088545,-0.126956,-0.377056,-0.13652,-1.741848,-0.8343534887272653,-0.8981631095336186,-0.7989597635387875,-1.0379497335603722,-1.096780352065038,-0.209704831564221,-0.27625150844357926,-0.09433365282294257,-0.040966304744205075,-0.137917,-0.13785,-0.1513,Medium,Medium,Medium
51,98,294500,297000,112.708441,93.080957,92.131032,0.020898,0.024757,-0.054124,-0.017613,-0.024178,-0.128313,0.6385716508691368,-0.2836977579060253,-0.12198729353638571,0.3135408963295897,0.3516909967504829,0.3725470013699009,-0.007194886542424957,-0.02023898388271158,0.7667659876479551,-0.115,-0.1155,-0.1204,Medium,Medium,Medium
51,99,297500,300000,98.844726,90.173677,87.800752,0.005926,0.005195,-0.034495,-0.129865,-0.083945,-0.685126,-0.0192773867870656,-0.4207625365657992,-0.3271081023791636,0.11626376863299026,0.10160718070549492,0.5294700740393852,-0.09121973588334513,-0.059658044239041225,0.4880265485135354,-0.080617,-0.08015,-0.0987,Medium,Medium,Medium
55,0,500,3000,101.023858,100.74013,98.593447,-0.021667,-0.009706,-0.080294,-0.087582,0.067639,-1.145914,0.08412490395000179,0.07739675378941366,0.18413050759372565,-0.2473127598556732,-0.08888964696480284,0.16333222671197622,-0.0595693180317066,0.040318512139125205,0.2573570262863765,0.144183,0.14455,0.1034,High,High,High
55,1,3500,6000,107.304597,106.66179,104.325,-0.022814,-0.010274,-0.124683,-0.158895,-0.150203,-0.986766,0.3821531097317693,0.35657557977054966,0.45562814453296535,-0.2624260957805997,-0.09615105211323108,-0.19153344513711115,-0.11294978413519734,-0.10335821492001383,0.33702618677538204,0.220783,0.2261,0.1995,High,High,High
55,2,6500,9000,98.251589,99.323899,80.97166,-0.009666,-0.017433,-0.03889,-0.267574,-0.204324,-0.939154,-0.047422411742374194,0.010628025443292981,-0.6505950073141202,-0.08918272983383972,-0.18767288214421302,0.4943344632399362,-0.1943001084191465,-0.13905348096222636,0.3608606557552155,0.2167,0.2174,0.2045,High,High,High
55,3,9500,12000,88.185242,87.862655,79.910963,-0.010677,0.008606,-0.110031,0.375738,0.414173,0.030905,-0.5250820207767056,-0.5297165137912013,-0.7008391085216885,-0.10250407475110278,0.1452139640880455,-0.07439875357089368,0.2872431503130457,0.2688734782829895,0.8464701899925555,0.185067,0.1847,0.172,High,High,High
55,4,12500,15000,97.056658,95.797101,94.668469,-0.022342,-0.022075,-0.083369,-0.043642,-0.014552,-0.69336,-0.10412324614466546,-0.1556441558559741,-0.0017915718214871188,-0.25620683287165,-0.24701697140302264,0.13874929082840276,-0.026678573278472523,-0.013890198181738984,0.48390462509969123,0.157983,0.1575,0.1496,High,High,High
55,5,15500,18000,102.562364,103.055504,99.402536,0.010244,0.01094,-0.00403,-0.005338,-0.041377,-0.431382,0.15712876269408965,0.18655590764614438,0.2224562024923914,0.17315948312630555,0.17505220284936854,0.7730210144273741,0.001993413226486022,-0.03158250822003006,0.6150502714577271,0.1409,0.14055,0.136,High,High,High
55,6,18500,21000,93.582739,93.597594,90.593776,-0.007523,0.003253,-0.069422,0.164441,0.184614,-0.404921,-0.268964652004898,-0.25934071763042404,-0.19480549331062966,-0.060945695058671916,0.07678033422970684,0.25024789465545955,0.1290793884986601,0.11746885572641687,0.6282965934705678,0.130717,0.1306,0.1273,High,High,High
55,7,21500,24000,94.847253,93.987801,93.12684,-0.008586,-0.00162,-0.088073,0.183486,0.19741,0.0403,-0.20896202514746554,-0.24094426593451074,-0.07481691600603935,-0.07495221300827686,0.014483103088349818,0.10114339476455571,0.14333528822158553,0.12590840089882963,0.8511733076113394,0.123467,0.1234,0.1209,High,High,High
55,8,24500,27000,95.696653,94.373665,93.715505,-0.003352,3.5e-05,-0.05926,0.107891,0.141274,-0.163192,-0.1686570295106409,-0.2227525665616348,-0.04693247413682255,-0.005986912022169351,0.035640894497942645,0.33148750260631277,0.08674958386062218,0.08888415052382469,0.749305632200849,0.1184,0.1184,0.1167,High,High,High
55,9,27500,30000,94.964102,94.811087,91.737878,-0.003468,-0.007678,-0.02125,-0.543458,-0.344316,-1.749608,-0.20341740725817029,-0.20213014642634844,-0.14061058498169074,-0.007515374940470552,-0.06296336238555555,0.6353565734793626,-0.40080967204002116,-0.23138458503978257,-0.044850944735877495,0.113333,0.1134,0.1107,High,High,High
55,10,30500,33000,92.196099,91.69552,89.285714,-0.000276,-0.000694,-0.034626,-0.795428,-0.566611,-2.830371,-0.33476229640076133,-0.34901469186218387,-0.2567670143800531,0.03454370812174863,0.026321238946526833,0.5284228009984914,-0.5894187060744407,-0.37799826854255664,-0.5858786729987463,0.105667,0.10585,0.1015,High,High,High
55,11,33500,36000,98.554605,99.349954,94.339623,-0.00294,-0.000503,-0.025635,0.423441,0.413411,-0.437463,-0.03304395805990658,0.011856397945418796,-0.01736866094845162,-0.0005582333813064741,0.028763014269325766,0.6003009071868521,0.3229506422785333,0.26837090455515433,0.6120061354023971,0.09455,0.0946,0.0894,High,High,High
55,12,36500,39000,95.947238,96.625513,92.405701,-0.003221,0.005248,-0.091105,0.557283,0.584158,-0.061788,-0.15676648638413548,-0.11658836920346706,-0.10897651191394221,-0.004260803036846446,0.10228474139716165,0.0769042202608175,0.4231364196855054,0.3809863327791277,0.8000682654116159,0.081583,0.0816,0.0758,High,High,High
55,13,39500,42000,95.594002,95.189346,93.023256,-0.009436,-0.01371,-0.019477,0.266743,0.252117,-0.246389,-0.1735279361589991,-0.18429698755927426,-0.07972358113235216,-0.08615215680617357,-0.1400774395956244,0.6495307345595499,0.20565628812873188,0.16199016064775004,0.7076573856303374,0.0674,0.06745,0.0613,High,High,High
55,14,42500,45000,99.630462,100.482406,94.376897,0.000221,-0.004418,-0.026103,-0.381894,-0.202684,-1.688209,0.018006679673607737,0.06524626157149484,-0.015603030774697272,0.04109238114240117,-0.02128698776605547,0.5965595042621327,-0.27987293363966814,-0.137971826219904,-0.014114731997643602,0.053483,0.05335,0.0485,High,High,High
55,15,45500,48000,96.212439,94.674703,93.312597,-0.010263,-0.00488,-0.094949,0.120463,0.479807,-1.699393,-0.14418239744149164,-0.2085600199757608,-0.06601780230248971,-0.09704904330130365,-0.027193271531150264,0.046173551793677166,0.09616019931436953,0.31216209252541993,-0.019713419325847702,0.04315,0.043,0.0399,High,High,High
55,16,48500,51000,98.661017,98.316568,95.813239,-0.004593,-0.004052,-0.030986,-0.451121,-0.167712,-1.869196,-0.02799458768587078,-0.0368629628867364,0.052434978964823596,-0.022338829967098548,-0.016607983744356996,0.5575226015240874,-0.33169195018568853,-0.11490619838545421,-0.10471645083434679,0.03575,0.03585,0.0324,Medium,Medium,Medium
55,17,51500,54000,104.670999,105.425192,98.747145,-0.006072,0.007057,-0.090413,0.124966,-0.045281,-0.534525,0.2571858906369377,0.2982757148930287,0.1914110201881811,-0.04182673217543883,0.12541129406178608,0.08243638014095836,0.09953086439456553,-0.034157374143216956,0.5634170984343935,0.025133,0.02555,0.0185,Medium,Medium,Medium
55,18,54500,57000,94.014096,93.437578,91.36336,-0.006322,-0.005874,-0.050642,-0.045446,0.491628,-1.859916,-0.24849627196850366,-0.2668847304609812,-0.15835110870906596,-0.04512083329246727,-0.039900730540899675,0.4003836786858693,-0.0280289352159972,0.3199585807626106,-0.10007090197832608,0.0044,0.00475,-0.0072,Medium,Medium,Medium
55,19,57500,60000,99.382226,99.261431,98.823587,-0.001546,0.003017,-0.050709,-0.255939,-0.535663,-1.095327,0.006227599267553553,0.007682948741593062,0.19503199732350712,0.017809674447244128,0.07376327152719088,0.3998480504893817,-0.18559087275223987,-0.35758665210024415,0.28268077412899684,-0.024133,-0.02425,-0.0359,Medium,Medium,Medium
55,20,60500,63000,98.762587,99.825446,92.307692,-0.006415,0.000607,-0.056375,0.659696,0.694688,0.215859,-0.02317497571644286,0.03427364215116904,-0.11361909515425689,-0.046346238908001845,0.04295343630234573,0.3545514928580557,0.49979640699576855,0.4538859051382074,0.9390577808456201,-0.05,-0.0504,-0.0586,Medium,Medium,Medium
55,21,63500,66000,88.757037,88.382806,86.083214,-0.017873,-0.003981,-0.091468,0.045085,0.031316,-0.441296,-0.4979496979839603,-0.5051938047006908,-0.408466070865776,-0.19732148130364952,-0.015700308100803466,0.07400223465895184,0.03973692762549199,0.016361838233408643,0.6100873435096033,-0.066733,-0.0668,-0.072,Medium,Medium,Medium
55,22,66500,69000,98.572074,100.90358,90.816246,0.005226,0.018649,-0.065181,0.145756,0.095634,0.012404,-0.032215034150346995,0.0851026638056287,-0.18426732341324356,0.10704028550531063,0.2736053230768919,0.2841523600480563,0.11509296233311211,0.05878249049968284,0.8372086275588015,-0.078783,-0.07875,-0.0837,Medium,Medium,Medium
55,23,69500,72000,96.710804,96.275035,95.471154,-0.011541,-0.009237,-0.028038,-0.479842,-0.416965,-1.121653,-0.12053441162733372,-0.13311178266729567,0.03623077233315518,-0.11388848821155306,-0.08289387405175207,0.5810902421695426,-0.35319070030079175,-0.2792999114879394,0.26950203283766067,-0.091217,-0.09125,-0.0968,Medium,Medium,Medium
55,24,72500,75000,92.588687,93.670145,86.330935,-0.010767,-0.010603,-0.042188,0.177982,0.189631,-0.014722,-0.316133549488742,-0.2559202742068302,-0.3967317876583757,-0.10368995115323301,-0.10035704206716223,0.46796876485163524,0.13921533694434837,0.12077779587411887,0.8236294079178085,-0.104883,-0.1047,-0.1113,Medium,Medium,Medium
55,25,75500,78000,85.469136,84.999852,82.758621,-0.019812,-0.015506,-0.063433,-0.110505,-0.303885,-0.951486,-0.6539643382704102,-0.6646844080227637,-0.5659485443393241,-0.22287052956732215,-0.1630377981283306,0.2981266598608974,-0.07672804679771446,-0.20471849791366342,0.35468728199525357,-0.12215,-0.12205,-0.1303,Medium,Medium,Medium
55,26,78500,81000,96.361925,96.843053,91.743119,0.011073,0.003971,-0.002913,-0.101811,0.055581,-0.674417,-0.13708911679896021,-0.10633236635900517,-0.14036232432437884,0.18408272243037188,0.08595936397719182,0.7819508158523991,-0.07022026038704952,0.0323657116007575,0.4933874518216307,-0.14305,-0.14305,-0.1523,Medium,Medium,Medium
55,27,81500,84000,90.975498,91.067816,88.21433,-0.023101,-0.024706,-0.064898,0.243201,0.466811,-0.60763,-0.3926812014858846,-0.37860802646492453,-0.30751734753661797,-0.26620772386294833,-0.28065210687047804,0.28641478959441447,0.18803421455156671,0.3035906382380898,0.5268208862448043,-0.162183,-0.1625,-0.168,Medium,Medium,Medium
55,28,84500,87000,87.099567,86.663233,82.191781,-0.011831,-0.006169,-0.046852,0.242084,0.384191,-0.373348,-0.5765985337717725,-0.5862637025551536,-0.5927991589149266,-0.11770964550730606,-0.043672058919044625,0.430682646815542,0.18719809798603732,0.24909898286572787,0.6441019721377164,-0.1718,-0.1723,-0.1727,Medium,Medium,Medium
55,29,87500,90000,93.461868,92.896172,92.381189,0.011617,0.006453,-0.00955,-0.837131,-0.97532,-1.397744,-0.27470011836658736,-0.29240951429847634,-0.11013761957126496,0.1912506864610258,0.11768965900958424,0.7288916465973496,-0.6206349720836377,-0.6475604807863556,0.13129144779373914,-0.169367,-0.16955,-0.1719,Medium,Medium,Medium
55,30,90500,93000,96.961,96.481499,95.389507,-0.01491,-0.015442,-0.048156,0.524196,0.508759,-0.006819,-0.10866232699306123,-0.12337796189282223,0.03236323982265077,-0.15827979486462837,-0.16221961163273305,0.4202578831107681,0.3983695541495415,0.3312572560008571,0.827585633414482,-0.158367,-0.15865,-0.1645,Medium,Medium,Medium
55,31,93500,96000,83.567346,82.680738,79.260238,-0.012927,0.000536,-0.058881,-0.056932,-0.159624,-0.737352,-0.7442064358123889,-0.7740198855470417,-0.7316632673137795,-0.13215098480435875,0.0420457606587922,0.33451739941928005,-0.03662663877165598,-0.10957179377819612,0.4618823206520555,-0.139833,-0.14005,-0.1483,Medium,Medium,Medium
55,32,96500,99000,95.69394,96.936275,87.692837,-0.005408,-0.007016,-0.030174,-0.005626,-0.076779,-0.843883,-0.16878576444490356,-0.10193738108196923,-0.33221992241996223,-0.03307759960861127,-0.05450024582171842,0.5640140954874896,0.0017778343805840782,-0.054931740651552166,0.4085531218179247,-0.116717,-0.11665,-0.1269,Medium,Medium,Medium
55,33,99500,102000,94.405293,92.780649,89.870406,-0.021271,-0.014352,-0.061031,0.285367,0.195145,0.007595,-0.22993352958783608,-0.29785588837497207,-0.22907076934187956,-0.24209490368630016,-0.1482848728795873,0.3173293304275132,0.21959705349705758,0.12441453017239053,0.8348012520794261,-0.095883,-0.0953,-0.1031,Medium,Medium,Medium
55,34,102500,105000,88.23303,86.448382,85.592011,-0.007873,-0.004229,-0.031579,0.003359,0.077566,-0.79008,-0.5228144258491185,-0.5963929315113713,-0.4317338403093221,-0.06555743662251173,-0.018870780771243965,0.5527818922626372,0.0085034452501291,0.04686582105804843,0.43548679262616585,-0.088533,-0.0884,-0.0891,Medium,Medium,Medium
55,35,105500,108000,96.287682,96.252777,95.753187,0.023307,0.011486,-0.024912,-0.217456,0.183167,-1.678648,-0.1406120315518029,-0.13416114421603206,0.04959037888985702,0.34528285469327585,0.18203235638993512,0.6060808950385022,-0.156784898006252,0.11651449327998975,-0.009328515121305893,-0.093883,-0.0937,-0.098,Medium,Medium,Medium
55,36,108500,111000,103.16075,103.661145,98.479025,-0.020321,-0.000381,-0.103331,0.014198,0.185223,-0.949523,0.18552285866670148,0.21510907404645152,0.1787104578072432,-0.22957731944159204,0.030322682276558592,-0.020835933922131945,0.016616844940167887,0.11787051898134022,0.35566995574572435,-0.104783,-0.10455,-0.1103,Medium,Medium,Medium
55,37,111500,114000,90.3842,87.247167,80.0,-0.022272,-0.019519,-0.040453,0.053824,0.096924,-0.764929,-0.42073896380053355,-0.5587339206071072,-0.696621519484274,-0.25528448455888203,-0.21434064823509558,0.48183913680545637,0.0462783982308291,0.05963330429089982,0.44807733134144334,-0.120767,-0.12055,-0.1292,Medium,Medium,Medium
55,38,114500,117000,87.246295,88.493918,81.105613,-0.011778,-0.00627,-0.041591,-0.114197,0.00614,-0.966046,-0.5696361233646611,-0.4999553888320975,-0.6442497946011045,-0.11701129607049604,-0.044963259482409514,0.47274145191586076,-0.07949164783615188,-0.00024288115238878884,0.3473985760314971,-0.142267,-0.14235,-0.1514,Medium,Medium,Medium
55,39,117500,120000,95.566226,95.856856,90.225564,0.012254,0.003592,-0.003495,-0.645455,-0.7027,-1.366701,-0.17484593893602823,-0.15282698453129462,-0.21224730845090162,0.19964405610721425,0.08111416582357511,0.7772980455485813,-0.4771582676839815,-0.4677551662425005,0.14683150955424012,-0.16175,-0.16195,-0.1683,Medium,Medium,Medium
55,40,120500,123000,93.353785,92.957668,89.448323,-0.009409,-0.005908,-0.060253,0.030828,0.540886,-2.42643,-0.2798287795902919,-0.2895102628921927,-0.2490643970885348,-0.0857963938855345,-0.040335392116685874,0.32354901306732464,0.029065026215686383,0.35244647667560747,-0.3836666417002733,-0.175817,-0.17575,-0.1813,Medium,Medium,Medium
55,41,123500,126000,95.261944,94.966513,93.457944,-0.020394,-0.007342,-0.107414,0.389234,0.197065,-0.001368,-0.1892844657577427,-0.19480253082414473,-0.05913286779412733,-0.23053919696776434,-0.058667883283668426,-0.05347727610510115,0.2973454145640618,0.1256808576755972,0.8303143927694571,-0.190333,-0.1901,-0.1975,Medium,Medium,Medium
55,42,126500,129000,96.929703,97.567145,91.406225,-0.00797,0.011802,-0.087527,0.574816,0.571797,0.413884,-0.11014740522292407,-0.072194784251567,-0.1563206387461428,-0.06683554785591876,0.18607215221194803,0.10550836484339514,0.4362605304674457,0.3728336899316602,1.0381886873341422,-0.208067,-0.2082,-0.2151,Medium,Medium,Medium
55,43,129500,132000,89.295575,89.309581,87.97654,0.003927,0.004278,-0.003715,0.068663,0.150227,-0.415543,-0.47239545764929547,-0.4615006584463186,-0.31878120971983126,0.08992413610123084,0.08988410232326131,0.7755392663959354,0.05738594855839489,0.09478906205310036,0.6229792421829976,-0.222717,-0.2231,-0.2268,Medium,Medium,Medium
55,44,132500,135000,92.119507,92.916204,89.112879,-0.00537,-0.005261,-0.033229,0.104121,0.095409,-0.175808,-0.33839667387405525,-0.2914650983336877,-0.2649540265354657,-0.03257689623882295,-0.03206403801275442,0.5395910486177931,0.08392759688475297,0.058634092745400816,0.742990088626759,-0.228483,-0.2286,-0.2291,Medium,Medium,Medium
55,45,135500,138000,89.442333,89.382763,87.591241,0.009061,0.006487,-0.007604,-0.251256,-0.239759,-0.644005,-0.46543162370807895,-0.4580504662969969,-0.3370324180773311,0.15757179664052698,0.11812432058537042,0.744448847647572,-0.1820854708933551,-0.16242447839770985,0.5086116362838398,-0.229433,-0.2294,-0.2294,Medium,Medium,Medium
55,46,138500,141000,86.563832,86.786,84.033613,-0.013334,-0.009034,-0.052769,-0.096938,0.106884,-1.827424,-0.6020197685698578,-0.5804758074498579,-0.5055535143855866,-0.13751378142288107,-0.0802986887610286,0.3833794820600609,-0.06657263637288226,0.06620237821378443,-0.08380547380700903,-0.231733,-0.23155,-0.2341,Medium,Medium,Medium
55,47,141500,144000,78.793871,78.023935,75.072392,0.035862,0.026235,0.007154,0.193032,0.137406,-0.118311,-0.9707132512674054,-0.9935665657626289,-0.9300371273941884,0.5107126127904442,0.37058599113318874,0.8624309509873371,0.15048082871804372,0.08633302824132291,0.771772968214541,-0.238233,-0.2381,-0.2415,Medium,Medium,Medium
55,48,144500,147000,82.300098,82.882952,78.265993,-0.004418,0.001303,-0.061425,0.003279,-0.078266,-0.510751,-0.8043387940779579,-0.7644864325765994,-0.7787596071781506,-0.02003295918517864,0.05185121444196906,0.31417951685413825,0.00844356223737856,-0.05591248492096275,0.5753183137903238,-0.247483,-0.2473,-0.2523,Medium,Medium,Medium
55,49,147500,150000,82.371062,81.873362,81.330172,0.006092,6e-05,-0.045007,0.157318,0.197558,-0.178368,-0.8009714716028329,-0.8120839222876426,-0.6336126709710102,0.11845105177469717,0.03596049859778545,0.4454324083456861,0.12374755475088392,0.1260060136438685,0.7417085579078566,-0.26225,-0.262,-0.2705,Medium,Medium,Medium
55,50,150500,153000,86.654995,86.196792,82.304527,0.005367,0.006693,-0.02619,-0.363913,0.015801,-1.645707,-0.5976939805815842,-0.6082542340563658,-0.5874584994855628,0.10889815853531468,0.12075785836807502,0.5958639870517681,-0.2664134779863249,0.006128988643694346,0.00716168152375607,-0.283983,-0.284,-0.2936,Low,Low,Low
55,51,153500,156000,89.921316,89.632405,88.235294,-0.029881,-0.016039,-0.126115,0.257796,0.30941,-0.180314,-0.44270333582826604,-0.4462810029242965,-0.30652430490737037,-0.35554374615675977,-0.16985175753697893,-0.20298149853069727,0.19895912169024338,0.19977750525255192,0.7407343943223161,-0.304933,-0.3054,-0.3113,Low,Low,Low
55,52,156500,159000,100.892935,100.833035,97.452184,-0.003014,-0.001357,-0.038237,0.199127,0.22654,0.051092,0.07791245876073834,0.08177679398553737,0.13007007970861567,-0.0015332873119468973,0.01784533821869599,0.499554839543017,0.1550431657519755,0.1451209634865433,0.8565757605482115,-0.31365,-0.3138,-0.3143,Low,Low,Low
55,53,159500,162000,99.355491,99.711888,93.470655,-0.011481,-0.009111,-0.030289,-0.236189,-0.090263,-0.909957,0.0049589931239809254,0.028919908718184853,-0.05853076109405258,-0.11309790394346624,-0.08128306938854439,0.5630947336576974,-0.17080725397945032,-0.06382505317928067,0.37547661372388297,-0.307317,-0.30765,-0.3119,Low,Low,Low
55,54,162500,165000,87.291024,86.59727,85.646413,-0.010008,-0.007889,-0.053954,-0.33066,-0.244585,-1.894009,-0.5675136814646857,-0.5893735523098165,-0.4291568747914655,-0.09368906016193464,-0.06566082098822872,0.37390605798785453,-0.24152235519890358,-0.1656074453406658,-0.11713778744689418,-0.2931,-0.293,-0.2996,Low,Low,Low
55,55,165500,168000,91.405994,91.018674,89.552239,-0.004381,0.00087,-0.027813,-0.258117,-0.13565,-1.412529,-0.37225367687831384,-0.38092484402391336,-0.24414200547143253,-0.01954543221985843,0.046315671432691906,0.5828889935756576,-0.1872211877743733,-0.09375984817305204,0.12389010729414171,-0.2814,-0.281,-0.2849,Low,Low,Low
55,56,168500,171000,99.357236,100.30839,90.909091,-0.012643,0.003103,-0.092123,0.271547,0.348665,-0.34928,0.005041795357776834,0.05704221362177604,-0.17986935342123217,-0.12840888593541444,0.07486270963065009,0.06876586945448332,0.20925226304440178,0.225667966782957,0.6561503632871457,-0.2797,-0.27945,-0.2813,Low,Medium,Low
55,57,171500,174000,97.492232,96.439032,92.165899,-0.009164,-0.006904,-0.074148,-0.067557,0.347347,-1.362203,-0.08345476466419184,-0.12538008413606846,-0.12033568042085521,-0.08256817479084662,-0.05306841945442271,0.21246612067634782,-0.04457985140258707,0.2247986857156516,0.14908319907518627,-0.2845,-0.28475,-0.2859,Low,Low,Low
55,58,174500,177000,91.384979,90.755741,87.831464,-0.006599,-0.000173,-0.030062,0.146298,0.133791,-0.095884,-0.37325086251912865,-0.39332091645152645,-0.3256533072432421,-0.04877069733013478,0.03298178838725062,0.5649094739652003,0.11549866974449703,0.08394877098919161,0.7829998781492366,-0.286217,-0.2862,-0.2862,Low,Low,Low
55,59,177500,180000,101.354746,102.986184,92.839161,-0.02186,-0.021745,-0.066161,0.313466,0.288986,0.192617,0.0998259157186357,0.18328779089897998,-0.08844396764405835,-0.24985580591801917,-0.24279819728509777,0.2763177983680882,0.24063021318802538,0.186306946437191,0.9274228835922116,-0.289883,-0.28935,-0.2942,Low,Low,Low
55,60,180500,183000,101.097112,100.311155,96.774194,-0.002653,0.001574,-0.039832,0.109408,0.102208,0.01611,0.08760088952850378,0.057172570557810345,0.0979544065449134,0.003223394701042179,0.05531572288426493,0.48680369068633417,0.08788511548990428,0.06311834310701651,0.8390638435135873,-0.3066,-0.30605,-0.3174,Low,Low,Low
55,61,183500,186000,100.582858,99.503807,98.977816,0.006395,0.001847,-0.007006,-0.006813,-0.024022,-0.311675,0.06319895260100283,0.019109853887447747,0.20233766282943583,0.12244350232853564,0.05880579965454821,0.7492295291624914,0.0008893201788979415,-0.020136094773076037,0.6749753487107079,-0.335717,-0.33575,-0.3489,Low,Low,Low
55,62,186500,189000,102.043931,101.273156,99.923794,0.01854,0.028013,-0.0436,-0.077538,-0.03135,-0.684541,0.13252852746570973,0.10252645946272533,0.2471476456729177,0.2824709345937775,0.3933162347140081,0.45668060047192605,-0.052051005780876305,-0.02496924474364816,0.48831939830672205,-0.36445,-0.36465,-0.3747,Low,Low,Low
55,63,189500,192000,104.215127,104.855212,98.846787,0.002649,-0.000834,-0.016905,0.121421,0.110525,-0.040161,0.2355542459807681,0.27140379937732395,0.19613095692084334,0.07308469119098142,0.0245314559874072,0.6700924617441193,0.09687729839205723,0.06860378365085498,0.8108946969966545,-0.385733,-0.38625,-0.3919,Low,Low,Low
55,64,192500,195000,91.59863,91.556971,90.497738,0.001002,0.011194,-0.08031,-0.091671,-0.051108,-0.62962,-0.3631128796808862,-0.3555466351282376,-0.19935471235411972,0.05138315303199803,0.1782993805037713,0.16320431550087466,-0.06263008852091857,-0.03800054620633427,0.5158127376086087,-0.394567,-0.3947,-0.3953,Low,Low,Low
55,65,195500,198000,98.154256,98.761366,93.130381,0.006187,0.012575,-0.040321,-0.608843,-0.644586,-1.466351,-0.052040973244986286,-0.015892798534383353,-0.07464918256060118,0.11970281019916797,0.19595431097908714,0.48289440429704394,-0.4497528068986969,-0.42942633472096287,0.09694692512509619,-0.3859,-0.3865,-0.3927,Low,Low,Low
55,66,198500,201000,86.318193,85.791291,84.388186,-0.013848,-0.010415,-0.03562,-0.028318,0.046809,-0.735757,-0.6136756183735244,-0.6273717269745976,-0.4887577643292829,-0.14428645331949155,-0.09795361923634444,0.5204763170088095,-0.015207982186106587,0.026580177820482033,0.46268077436168403,-0.363417,-0.36325,-0.3737,Low,Low,Low
55,67,201500,204000,86.558449,86.899069,84.677028,-0.00617,-0.004947,-0.031068,0.091414,0.240282,-0.533579,-0.6022751980394992,-0.5751451281006789,-0.4750756226045524,-0.04311801981331398,-0.02804981051872895,0.5568670565671922,0.07441592884698908,0.1541844387725152,0.5638906640828627,-0.346483,-0.34555,-0.3505,Low,Low,Low
55,68,204500,207000,84.427203,85.7135,80.181132,-0.024154,-0.021984,-0.046058,0.000871,0.157975,-1.62579,-0.7034052436375675,-0.6310392121142206,-0.6880414871659687,-0.28008247776787215,-0.24585361247959486,0.43703024066645496,0.006641083553587307,0.09989922116499894,0.017132090636402912,-0.350917,-0.3503,-0.3577,Low,Low,Low
55,69,207500,210000,84.628277,84.815559,80.862534,0.023701,-0.000732,-0.026166,0.134821,0.012551,-0.49422,-0.6938640537474351,-0.6733729688953137,-0.6557641911511418,0.35047435805371263,0.02583544071476579,0.5960558538684205,0.10690770302777268,0.003985465526287226,0.5835936982880477,-0.372067,-0.3719,-0.3834,Low,Low,Low
55,70,210500,213000,86.201337,85.744864,84.388186,-0.01215,-0.007828,-0.044953,-0.166367,-0.191586,-1.43041,-0.6192205684207774,-0.629560544865835,-0.4887577643292829,-0.12191291853263435,-0.06488098698461231,0.44586410868315374,-0.11854285752609776,-0.13065218943313964,0.11493891558137177,-0.39865,-0.3988,-0.4091,Low,Low,Low
55,71,213500,216000,85.149704,85.15359,80.97166,-0.010366,-0.004781,-0.053882,-0.69589,-0.913114,-2.548712,-0.6691217498153388,-0.6574363737977854,-0.6505950073141202,-0.09840621296151938,-0.025927639295772808,0.3744816584378114,-0.5149107645349,-0.6065327887736087,-0.4448807586412125,-0.421867,-0.42215,-0.4299,Low,Low,Low
55,72,216500,219000,82.420676,82.930213,80.104939,-0.010303,-0.006656,-0.045134,0.481807,0.60928,-0.741229,-0.798617230899365,-0.7622582954504065,-0.6916506694332029,-0.09757609948002821,-0.04989794678398221,0.44441711310756776,0.3666397913060085,0.39755543670389754,0.45994150245003046,-0.436933,-0.4373,-0.4403,Low,Low,Low
55,73,219500,222000,84.556042,84.689373,82.049709,-0.006569,-0.002639,-0.045334,0.162616,0.374831,-1.009755,-0.6972916866174913,-0.6793220540057816,-0.5995289601180621,-0.048375405196091376,0.001456039978757614,0.4428182229687988,0.12771330727028843,0.2429256362875954,0.32551794080005253,-0.439417,-0.43985,-0.4408,Low,Low,Low
55,74,222500,225000,88.565028,88.83346,79.681275,0.017572,0.026024,-0.06064,0.06135,0.160529,-1.063737,-0.5070607433185859,-0.483947557087065,-0.7117191874869008,0.2697161750686433,0.36788853253051557,0.32045516064880664,0.051911892655336155,0.10158370056249363,0.2984946629610757,-0.430633,-0.43065,-0.4353,Low,Low,Low
55,75,225500,228000,101.479816,101.670413,99.773661,0.003904,0.000639,-0.01343,-0.027077,-0.07839,-0.849428,0.1057606294039399,0.12125528598650195,0.24003600337865677,0.08962107879846422,0.0433625295501445,0.6978731779052308,-0.014279046950813836,-0.055994268572211514,0.405777306256865,-0.420167,-0.4198,-0.424,Low,Low,Low
55,76,228500,231000,103.358516,104.215494,99.533182,-0.015931,-0.011801,-0.038842,0.092945,0.202085,-0.690587,0.1949070801961485,0.2412440603516121,0.22864476609383827,-0.17173290382657255,-0.11567247053162884,0.49471819687324076,0.07556194000350254,0.12899177646002294,0.4852927831791896,-0.416967,-0.4168,-0.4168,Low,Low,Low
55,77,231500,234000,110.451605,110.908533,107.390795,-0.003147,0.001996,-0.030712,0.355827,0.418473,-0.098741,0.531482216994604,0.5567898313458866,0.6008516289603333,-0.003285749106206028,0.060710640089611266,0.5597130810142009,0.27233901697709567,0.27170952425371275,0.7815696698430242,-0.421833,-0.4215,-0.4259,Low,Low,Low
55,78,234500,237000,102.972676,101.640908,97.879282,-0.001739,0.003152,-0.040693,-0.306983,-0.736512,-0.982241,0.1765985335555647,0.11986426197286836,0.15030126273029853,0.01526662838489817,0.07548913366634195,0.4799204686389336,-0.2237992290377219,-0.49005572121042956,0.33929139244062917,-0.434283,-0.4341,-0.441,Low,Low,Low
55,79,237500,240000,101.926143,101.546111,101.048021,-0.009732,-0.01248,-0.055318,0.062586,0.259657,-1.06592,0.12693935295891615,0.11539502274492658,0.3004010961571567,-0.09005237252873524,-0.12435291788335906,0.3630016272414499,0.052837085202332,0.16696313428013457,0.29740185766444927,-0.451617,-0.45185,-0.4587,Low,Low,Low
55,80,240500,243000,107.209661,106.953672,106.53635,-0.008276,-0.007325,-0.023979,0.057073,0.237521,-0.60967,0.377648288604176,0.3703364633884923,0.5603774680488757,-0.07086752762316159,-0.058450552495775326,0.6135397175358596,0.04871039708616041,0.15236343344108103,0.525799666453179,-0.461867,-0.46205,-0.4607,Low,Low,Low
55,81,243500,246000,107.444554,107.574339,105.525441,0.002023,0.000574,-0.0075,-0.665638,-0.822215,-1.443419,0.388794228491297,0.39959803605312233,0.5124917720323494,0.0648362619939422,0.042531558890553246,0.745280270519732,-0.49226600326328335,-0.5465807555892427,0.10842663701801265,-0.448283,-0.4493,-0.4585,Low,Low,Low
55,82,246500,249000,106.203248,106.256979,105.074408,-0.018519,-0.002047,-0.075002,0.640178,0.694427,-0.060187,0.3298928476177818,0.33749061715461964,0.4911268132364323,-0.20583343859005102,0.009024265063034925,0.2056388597838042,0.4851864489599556,0.4537137637432403,0.8008697227088668,-0.411283,-0.41125,-0.429,Low,Low,Low
55,83,249500,252000,101.041045,100.77116,98.73351,-0.012064,-0.009959,-0.044454,0.116858,0.235505,-0.950444,0.08494044663897024,0.07885967448567029,0.19076514458000496,-0.12077974774837658,-0.09212404045521191,0.4498533395793824,0.09346172105229833,0.15103378956271402,0.3552089050456818,-0.372217,-0.37145,-0.3869,Low,Low,Low
55,84,252500,255000,108.574859,108.271059,104.166667,-0.010155,-0.00075,-0.071186,0.056919,0.071411,-0.315244,0.44242848572379195,0.43244515521186777,0.44812807686378386,-0.09562599161874738,0.02560532576287898,0.23614568363151686,0.04859512228661562,0.042806318046466646,0.6731887146733007,-0.350417,-0.3497,-0.356,Low,Low,Low
55,85,255500,258000,116.052528,116.895608,110.467994,-0.000304,0.000232,-0.052651,-0.318916,-0.190952,-1.489521,0.7972523807304054,0.8390526714213057,0.7466153088725304,0.03417476879664144,0.03815937480470385,0.3843228272419346,-0.2327315289271243,-0.1302340375388516,0.08534807092315667,-0.348233,-0.3477,-0.3513,Low,Low,Low
55,86,258500,261000,85.371493,83.890789,77.176801,0.003552,0.003991,-0.012834,-0.021486,0.077213,-0.938069,-0.6585976096254451,-0.7169715886915489,-0.8303534865635673,0.08498298442568816,0.08621504725706607,0.7026378705187625,-0.010093972897210474,0.046633001470219294,0.3614038045169377,-0.358,-0.358,-0.3631,Low,Low,Low
55,87,261500,264000,80.976107,78.835,76.726343,0.01641,0.023712,-0.040443,-1.582591,-2.126791,-3.876226,-0.8671636722015689,-0.9553286097681292,-0.8516912082142918,0.2544051930766951,0.3383315453770542,0.48191908131239486,-1.178639855646357,-1.4070080831013998,-1.1094315284743341,-0.369617,-0.3698,-0.3737,Low,Low,Low
55,88,264500,267000,94.707963,96.760166,88.785676,-0.019506,-0.017737,-0.070561,0.668745,0.890794,-0.865137,-0.21557149399871678,-0.11024010428200283,-0.2804532884806022,-0.2188385498000793,-0.19155926799830134,0.24114221531517002,0.5065699242755141,0.5832267495881276,0.3979134132634136,-0.376267,-0.3766,-0.3768,Low,Low,Low
55,89,267500,270000,104.079742,105.238366,100.034524,-0.022601,-0.01937,-0.091368,-0.693836,-0.492592,-3.280991,0.2291300738188992,0.28946773480927673,0.25239280930278957,-0.25961952162889146,-0.21243580780003252,0.07480167972833626,-0.5133732681825299,-0.3291793646572158,-0.8114581154017654,-0.374217,-0.3746,-0.3765,Low,Low,Low
55,90,270500,273000,95.665057,94.117944,88.50226,-0.005496,-0.009642,-0.016718,-0.113382,0.411072,-3.687371,-0.17015629563042056,-0.2348086266121484,-0.2938784062926103,-0.03423712320180529,-0.08807146046920529,0.6715874240238684,-0.07888158964375575,0.2668282274561958,-1.014891105068755,-0.363667,-0.3636,-0.3691,Low,Low,Low
55,91,273500,276000,85.019476,84.762672,82.073333,0.006733,0.014784,-0.050013,0.177483,0.607607,-4.134689,-0.675301216464494,-0.6758663458486789,-0.5984099160867052,0.12689712703875808,0.22419452924119623,0.40541218817229785,0.1388418166523169,0.3964520169576138,-1.2388175730835647,-0.352667,-0.3523,-0.3565,Low,Low,Low
55,92,276500,279000,86.882114,86.517709,85.688423,-0.010242,-0.004006,-0.062819,0.210053,0.611381,-2.212159,-0.5869169258323024,-0.5931244847466475,-0.42716690527922013,-0.09677233880747327,-0.016019912200646257,0.30303525258691827,0.16322168821838048,0.39894114195610436,-0.2764030211260929,-0.35235,-0.35155,-0.3573,Low,Low,Low
55,93,279500,282000,82.893622,81.902025,80.0,-0.012469,-0.007709,-0.052265,0.481234,0.358131,-0.774769,-0.7761754055326905,-0.8107325946718903,-0.696621519484274,-0.12611619155796264,-0.06335967146936061,0.38740868520975885,0.36621087922718276,0.2319112251919957,0.4431514476406628,-0.368633,-0.36865,-0.3769,Low,Low,Low
55,94,282500,285000,80.045691,80.164827,77.923107,-0.02414,0.003215,-0.130269,-0.114279,-0.112141,-1.988217,-0.9113129691410926,-0.8926334295960121,-0.7950017563372958,-0.2798980081053186,0.07629453599794579,-0.2361904467129295,-0.07955302792422118,-0.07825459126009081,-0.16429811790249663,-0.381267,-0.3816,-0.3822,Low,Low,Low
55,95,285500,288000,84.967515,85.312218,81.855389,0.021125,0.022854,-0.010894,0.016795,-0.193972,-1.621552,-0.6777668249861384,-0.6499577987347562,-0.6087336941247146,0.31653194014385155,0.3273627326704495,0.7181471048648219,0.018560797241582293,-0.13222586517410376,0.01925362469371059,-0.366617,-0.3677,-0.3781,Low,Low,Low
55,96,288500,291000,74.968699,74.120082,72.2996,4e-06,0.003088,-0.037169,0.362406,0.423571,-1.126597,-1.1522220112981365,-1.1776151429087223,-1.061381367903528,0.03823310137282049,0.0746709471707444,0.5080929128840436,0.27726364623816824,0.27507188759295625,0.2670270766367807,-0.327933,-0.3274,-0.3455,Low,Low,Low
55,97,291500,294000,75.307378,74.32515,73.43873,0.002885,0.008818,-0.04879,-0.125013,-0.625038,-1.178464,-1.136151307722337,-1.1679471370647023,-1.0074219779848448,0.07619432264545628,0.14792420685471236,0.41518940137087035,-0.08758783116002489,-0.41653353782894,0.24106256343470941,-0.2988,-0.29755,-0.307,Low,Low,Low
55,98,294500,297000,83.198303,83.262689,81.451166,-0.001459,-0.000987,-0.025473,0.015379,-0.027082,-1.513499,-0.7617179457073745,-0.7465835928590885,-0.6278813124572137,0.01895602163597003,0.02257547889636931,0.6015960081992551,0.017500867915897732,-0.022154304231311664,0.0733447335880638,-0.298583,-0.29785,-0.3051,Low,Low,Low
55,99,297500,300000,78.654995,77.223287,75.471698,-0.002056,-0.002635,-0.038713,0.359654,0.234318,-0.29073,-0.9773030753480028,-1.0313134084831066,-0.9111224221797967,0.011089708168506102,0.0015071766347324563,0.4957494810127468,0.2752036705995496,0.15025090896567947,0.6854603725026639,-0.318533,-0.3185,-0.3285,Low,Low,Low
55,100,300500,303000,75.862808,75.303429,74.690885,-0.003106,0.00501,-0.035159,0.034884,0.118628,-0.828492,-1.109795522784073,-1.1218258158976648,-0.9481087127002613,-0.00274551652301336,0.09924211036665827,0.524161758778672,0.03210109496213876,0.07394808144173187,0.41625782466738737,-0.34225,-0.3422,-0.3521,Low,Low,Low
55,101,303500,306000,80.991162,80.812554,79.369983,-0.006461,-0.004942,-0.038696,-0.001014,0.122943,-0.992972,-0.8664492953363552,-0.8620961033367733,-0.7264647620978462,-0.046952353513535085,-0.027985889698760393,0.49588538667454213,0.005230090065652708,0.07679402059607393,0.3339194759779183,-0.36385,-0.3633,-0.3761,Low,Low,Low
55,102,306500,309000,76.348546,76.232859,74.037087,-0.006907,-0.007685,-0.028151,0.002975,0.280941,-1.597515,-1.0867467024748667,-1.0780074986974792,-0.9790784362700511,-0.05282902990631382,-0.06305285153351153,0.580186869241138,0.008216006788926509,0.18100090228964014,0.031286497307090794,-0.2707,-0.27105,-0.3301,Medium,Medium,Low
57,0,500,3000,92.544701,99.068116,70.754717,0.00988,0.008458,-0.040344,0.735818,-0.050415,-3.658461,-0.318220735194041,-0.0014309576198905118,-1.1345608506453961,0.16836327189991215,0.14332190781697615,0.48271053193108554,0.5567765907032262,-0.037543481123145615,-1.0004188187080267,0.173083,0.17345,0.1303,High,High,High
57,1,3500,6000,68.053429,68.180993,56.010477,-0.018239,0.004795,-0.100878,2.873,4.39544,-4.293961,-1.4803594343938082,-1.4576156654678487,-1.8329799908792928,-0.20214404533897912,0.09649351510801026,-0.00122554637012998,2.156537802656033,2.8947005093814795,-1.3185488077167673,0.247133,0.24925,0.2535,High,High,High
57,2,6500,9000,55.125297,57.471264,57.471264,-0.003715,-0.00914,-0.028802,-2.023538,-1.835271,-4.072543,-2.093813995086404,-1.9625297552325642,-1.7637840472019755,-0.010769946844094653,-0.08165381014436204,0.5749824818394449,-1.5087052909377612,-1.2147373571978544,-1.2077074136863384,0.226483,0.2269,0.2098,High,High,High
57,3,9500,12000,50.604288,50.035221,44.663905,-0.024934,-0.011705,-0.14636,-1.509178,-1.315512,-3.459837,-2.308341011826508,-2.313104721489533,-2.3704551717527735,-0.29036007325300095,-0.11444519078823248,-0.36482915282758993,-1.1236874604581646,-0.8719326088961904,-0.900988054055199,0.183483,0.1836,0.1646,High,High,High
57,4,12500,15000,70.944866,69.776557,60.631268,0.014739,0.014451,-0.011434,2.241604,3.172575,-3.855818,-1.3431574616257915,-1.3823922172628245,-1.614097981537304,0.232387421210477,0.21993740263129025,0.7138301014901456,1.6839141186730338,2.0881653103143853,-1.0992153257745854,0.14065,0.1401,0.1256,High,High,High
57,5,15500,18000,90.622112,91.778845,79.365079,-0.010527,-0.013072,-0.038854,-2.378781,-2.51959,-4.253696,-0.4094497689312753,-0.3450863042690295,-0.7266970594196285,-0.1005276140808857,-0.13192114296763635,0.4946222634649146,-1.7746180546695123,-1.6660769252535228,-1.2983922317805954,0.111283,0.11055,0.1035,High,High,High
57,6,18500,21000,81.133848,82.983335,70.175439,-0.015806,-0.012583,-0.06946,-1.089019,-1.130907,-1.764241,-0.8596786824243752,-0.7597538393361124,-1.1620006401982257,-0.17008585326805833,-0.12566968677471135,0.24994410552909344,-0.8091826260299879,-0.7501771980995932,-0.05217619434904014,0.097317,0.09705,0.094,High,High,High
57,7,21500,24000,69.297979,69.257277,64.377682,-0.010548,-0.014545,-0.040544,-0.002161,-0.622472,-0.962834,-1.4213041220323648,-1.40687386273985,-1.4366342909815186,-0.10080431857471608,-0.15075221653037368,0.4811116417923165,0.0043715173703418415,-0.41484114388455023,0.34900649660536975,0.091033,0.0909,0.0893,High,High,High
57,8,24500,27000,83.29141,85.009835,69.445141,0.006092,0.005873,-0.026,0.115198,-0.334972,-1.210966,-0.7572999127090723,-0.6642137558374361,-1.1965940883023347,0.11845105177469717,0.11027484389323146,0.5973829326835988,0.09221914853772462,-0.22522179119084343,0.22479212928402165,0.086633,0.0867,0.0845,High,High,High
57,9,27500,30000,75.355185,76.235411,70.479385,0.002025,0.008579,-0.041537,-0.210933,-0.876856,-1.080897,-1.1338828112231494,-1.0778871837243296,-1.1476030378804711,0.06486261480287842,0.14486879166021527,0.4731731522533284,-0.15190218685410484,-0.5826189853302404,0.28990440236093407,0.082083,0.082,0.0807,High,High,High
57,10,30500,33000,67.672651,67.859493,65.210719,-0.007604,-0.011527,-0.053446,-0.380024,-0.569232,-0.74581,-1.4984277833796789,-1.472772900525744,-1.3971742045122921,-0.062012983820589125,-0.11216960959735184,0.3779672389403278,-0.27847316821662427,-0.37972693749354863,0.4576482633003074,0.078517,0.0787,0.0765,High,High,High
57,11,33500,36000,68.078407,66.495832,63.559322,-0.01635,-0.020161,-0.046479,2.495351,2.629783,-0.375917,-1.4791741998976735,-1.5370631969994124,-1.475399143398585,-0.17725381729871223,-0.22254808151905844,0.43366457692434623,1.8738533041281744,1.7301692487932634,0.6428159360373804,0.070783,0.0711,0.0654,High,High,High
57,12,36500,39000,75.900549,76.122349,72.202166,0.000136,-0.006763,-0.055977,0.983877,0.523786,-1.870261,-1.1080046694283756,-1.0832175330559493,-1.0659967139986501,0.0399723867626115,-0.05126585233130936,0.35773328423420603,0.7424580939518036,0.34116824735017304,-0.10524958763732754,0.055783,0.0558,0.0489,High,High,High
57,13,39500,42000,71.584321,72.202166,68.998197,-0.014566,0.000482,-0.09171,1.689931,2.266337,-1.377055,-1.3128145949140593,-1.268035994023179,-1.2177653554692216,-0.15374711172759725,0.04135541580313177,0.07206757759104129,1.2709661025089256,1.490460047891987,0.14164831851380505,0.041783,0.04135,0.0384,High,High,High
57,14,42500,45000,66.402338,64.735259,61.349693,0.004896,-7.6e-05,-0.023795,-1.966774,-3.623407,-4.509351,-1.5587055793796805,-1.6200660548457062,-1.5800669449547102,0.10269207203083308,0.03422185229464065,0.6150106964635271,-1.4662152992406157,-2.394094542757207,-1.42637259738253,0.03875,0.0384,0.0378,High,High,High
57,15,45500,48000,68.793959,68.969857,61.868762,-0.007176,0.001966,-0.054114,-0.437722,-1.261672,-2.655378,-1.445220444025386,-1.4204243837362425,-1.5554791924017088,-0.05637348270823643,0.060327115169799904,0.3726269458768393,-0.32166229408763247,-0.8364226751604367,-0.4982775381968477,0.04485,0.04505,0.0417,High,High,High
57,16,48500,51000,72.527135,70.408349,68.373424,0.008762,0.005617,-0.023802,-2.093513,-2.004023,-3.139932,-1.268076998779921,-1.3526061524052888,-1.2473601953186377,0.15363205170456096,0.10700209791084125,0.6149547353086701,-1.5610842136529994,-1.3260369920005268,-0.7408442709964405,0.04765,0.04805,0.0459,High,High,High
57,17,51500,54000,81.259014,84.356146,62.04757,-0.014,-0.008609,-0.049537,-0.381995,-0.628483,-1.062504,-0.8537394134299338,-0.6950321627667064,-1.54700924551893,-0.14628926679864485,-0.07486541906370113,0.4092175467025681,-0.2799485359432657,-0.41880567233339155,0.29911190021748446,0.038317,0.03885,0.0308,High,High,Medium
57,18,54500,57000,96.742455,77.081722,61.031818,-0.013988,-0.020193,-0.03969,-0.471707,-0.454494,-0.688617,-0.11903253569502671,-1.037987542171974,-1.5951243493514002,-0.1461311499450275,-0.22295717476685722,0.4879389026848601,-0.34710134644172125,-0.3040519973566077,0.48627896111521984,0.0168,0.01715,0.0057,Medium,Medium,Medium
57,19,57500,60000,107.799439,90.098078,60.160879,0.008918,0.016311,-0.060155,3.677336,4.105443,0.176116,0.4056339251908201,-0.42432667906390736,-1.6363798136938261,0.1556875708015867,0.24371594765959398,0.32433246923532144,2.758613589452512,2.70343427138803,0.9191625170325999,-0.011583,-0.0115,-0.0243,Medium,Medium,Medium
57,20,60500,63000,75.987022,75.836504,73.529412,-0.013095,-0.021452,-0.049379,-1.065432,-0.236473,-3.431822,-1.1039014272719088,-1.096693800101436,-1.0031264670277062,-0.13436462075500188,-0.23905243723494024,0.4104806699121956,-0.7915268682581506,-0.1602572116396176,-0.8869638028481497,-0.041417,-0.04165,-0.0526,Medium,Medium,Medium
57,21,63500,66000,77.931755,77.93049,71.684588,-0.002837,-0.000857,-0.047112,-0.218495,0.041063,-2.756663,-1.011621635560361,-0.9979720644562055,-1.0905138394499436,0.0007989362789092421,0.02423742021555183,0.4286040896351423,-0.1575626286343496,0.022790428948906243,-0.5489806002531032,-0.061217,-0.06195,-0.0644,Medium,Medium,Medium
57,22,66500,69000,66.860438,68.96825,57.747834,-0.003136,-0.013214,-0.039172,2.56372,2.085938,-0.172593,-1.5369682135906184,-1.4205001463388494,-1.7506832172090772,-0.0031408086570567746,-0.1337364942547434,0.49208002814427193,1.9250300753624454,1.3714786857821017,0.7445995109944428,-0.060717,-0.06125,-0.0642,Medium,Medium,Medium
57,23,69500,72000,66.246357,66.022315,64.585576,-0.000778,-0.004094,-0.038881,-1.505831,-1.475312,-3.023742,-1.5661070551560254,-1.5593873291079943,-1.4267865708725276,0.02792915307875551,-0.01714491863209289,0.4944064132961808,-1.1211821049122137,-0.977327991715162,-0.682679796688139,-0.048,-0.0477,-0.0536,Medium,Medium,Medium
57,24,72500,75000,74.408839,71.650844,66.345887,-0.005698,-0.004672,-0.063576,-0.326688,-0.032571,-3.650749,-1.1787880047726274,-1.2940282713065034,-1.3434024903662232,-0.036898756904364276,-0.024534165420458238,0.29698345341167764,-0.23854916361583925,-0.025774549890218646,-0.9965582074173337,-0.0406,-0.0404,-0.042,Medium,Medium,Medium
57,25,75500,78000,93.748391,89.798335,83.253029,-0.008343,-0.01002,-0.070378,-2.213009,-2.065235,-3.274929,-0.2611042762841174,-0.4384581724012596,-0.5425289574169222,-0.0717503467225252,-0.0929038744588283,0.24260519979214368,-1.650531469798481,-1.3664090957121344,-0.8084234907072398,-0.035883,-0.0367,-0.0391,Medium,Medium,Medium
57,26,78500,81000,138.135218,149.625935,149.625935,-0.018747,-0.02174,-0.048781,-0.096381,-0.745897,-1.161042,1.8451011258438366,2.3821359058249483,2.601485786194498,-0.20883765880878097,-0.2427342764651292,0.41526135142711496,-0.06615570089660662,-0.4962455564279268,0.2497839806943637,-0.014617,-0.01555,-0.0273,Medium,Medium,Medium
57,27,81500,84000,77.243357,72.993673,68.552036,-0.007807,-0.00193,-0.082822,0.240784,-0.100826,-1.849442,-1.0442869032627373,-1.2307201070901483,-1.2388995327496983,-0.06468779392761621,0.010520012250299193,0.14312225535793593,0.18622499902884104,-0.07079183308364109,-0.09482763918544251,0.027767,0.02765,0.008,Medium,Medium,Medium
57,28,84500,87000,70.653568,72.725999,57.251908,0.002667,0.005579,-0.037913,1.406249,1.986513,-2.245168,-1.3569798828867001,-1.2433396956963287,-1.7741747101947878,0.07332186647140747,0.10651629967908022,0.5021450415678228,1.058619442220192,1.3059033670288083,-0.29292725843087564,0.07145,0.07195,0.0551,High,High,High
57,29,87500,90000,82.36618,76.422078,62.63048,-0.006219,-0.003854,-0.05263,0.525858,1.124731,-2.683192,-0.8012031280529138,-1.0690866997537165,-1.5193974119463796,-0.043763663632251544,-0.014076719273602078,0.38449071070650537,0.399613623739434,0.7375188626702412,-0.5122011692185459,0.1021,0.10245,0.0914,High,High,High
57,30,90500,93000,72.104479,72.617364,69.070123,0.000453,0.004474,-0.039285,0.79936,0.684662,0.064423,-1.2881325064746205,-1.2484613324941967,-1.2143582965037913,0.04414930697900357,0.09238979846602881,0.4911766552158674,0.6043401706556613,0.4472733012074001,0.8632492316473076,0.122,0.12235,0.1152,High,High,High
57,31,93500,96000,68.093503,67.780881,66.371681,-0.002511,-0.001958,-0.037978,-2.061094,-2.166002,-2.910396,-1.4784578775358495,-1.4764790920105693,-1.342180655717358,0.0050944441355143325,0.010162055658475265,0.5016254022727229,-1.5368173712735025,-1.4328695246265233,-0.6259390229128682,0.133417,0.1337,0.1298,High,High,High
57,32,96500,99000,79.428684,74.113699,70.546729,-0.024371,-0.022923,-0.084869,-0.65655,-0.929298,-2.00241,-0.9405906527329106,-1.1779160717776944,-1.144413023435514,-0.2829417575374529,-0.2578579424696901,0.1267576147876352,-0.485463293014822,-0.6172068743527216,-0.17140310442334794,0.135567,0.1358,0.1365,High,High,High
57,33,99500,102000,66.923385,66.478039,60.0,-0.001365,-0.016707,-0.061918,1.285801,1.354014,-0.680164,-1.533981306879586,-1.5379020544905013,-1.6440004827050256,0.020194603655972726,-0.17839157908477832,0.31023825266207267,0.968459578222979,0.8887414506482281,0.4905105154772826,0.131267,0.1313,0.1291,High,High,High
57,34,102500,105000,65.313519,61.902793,49.464138,-0.003331,-0.01393,-0.05374,0.926665,0.837502,-2.646666,-1.6103712787489903,-1.7536037001194105,-2.1430731836148715,-0.005710207528338965,-0.142889955674241,0.37561687043633735,0.6996327573832549,0.5480782468272476,-0.4939163289690837,0.1227,0.123,0.1167,High,High,High
57,35,105500,108000,63.290572,70.011669,70.011669,-0.003668,0.001402,-0.044457,-0.600063,-0.030051,-3.736743,-1.7063624136777957,-1.3713077760530832,-1.1697582528385588,-0.010150655834093303,0.053116846677346514,0.44982935622730086,-0.4431806462493251,-0.024112495042259895,-1.0396066264178336,0.102433,0.1034,0.0887,High,High,High
57,36,108500,111000,53.651573,54.046257,51.807122,-0.01535,-0.011976,-0.038918,1.126202,1.223905,-1.297261,-2.1637438742833472,-2.1240029626165025,-2.032088495976731,-0.16407741283059846,-0.11790969923052835,0.49411061862050853,0.8489937163233111,0.8029286354843133,0.18159303030446342,0.056517,0.0571,0.0302,High,High,Medium
57,37,111500,114000,54.659746,54.670529,53.908356,0.012444,0.005955,-0.039931,-0.608189,-1.604257,-2.857955,-2.115904919296104,-2.094571430908688,-1.9325552515565214,0.20214757295615587,0.1113231453407158,0.4860122400676435,-0.4492632632694612,-1.0623730958302577,-0.599687166494918,-0.011983,-0.0116,-0.0435,Medium,Medium,Medium
57,38,114500,117000,59.383053,59.806548,54.894785,-0.016126,-0.015221,-0.059841,0.635809,0.256194,-1.826639,-1.8917786324743684,-1.8524319371456541,-1.8858291473909772,-0.17430230269785477,-0.15939431139012278,0.3268427267531888,0.48191608792611673,0.16467912795534043,-0.08341250442640813,-0.0854,-0.08635,-0.1124,Medium,Medium,Medium
57,39,117500,120000,57.948557,58.445916,53.238687,-0.023664,-0.020861,-0.078501,-0.364149,0.041855,-4.532746,-1.9598470984751242,-1.9165794303067554,-1.9642767677025752,-0.2736260395784964,-0.23149699631465667,0.17766627680604039,-0.266590132873939,0.023312789043978994,-1.438084086120311,-0.140883,-0.1417,-0.1581,Medium,Medium,Medium
57,40,120500,123000,69.590776,62.841427,58.365759,0.002076,0.007906,-0.049761,-2.504409,-2.394429,-3.769582,-1.407410571517324,-1.7093514569737422,-1.721412759916668,0.06553461143075223,0.13626504929244732,0.4074267897471468,-1.8686553437423228,-1.5835275415926635,-1.0560457620733144,-0.174183,-0.1749,-0.1831,Medium,Medium,Medium
57,41,123500,126000,121.365123,111.015722,72.463768,-0.003379,0.00167,-0.052836,-0.848846,-0.813316,-1.266043,1.0493410530817306,0.5618432959450175,-1.0536049024218266,-0.006342674942808425,0.05654300262766126,0.3828438538635733,-0.629404090763295,-0.5407114595209946,0.19722069670395176,-0.188683,-0.1887,-0.1921,Medium,Medium,Medium
57,42,126500,129000,83.406989,84.549736,73.411765,-0.014105,-0.023312,-0.082164,2.5215,1.944766,0.102806,-0.7518155577635715,-0.6859052914296677,-1.0086992816720073,-0.14767278926779678,-0.262830982263244,0.14838260391448602,1.893426815383348,1.278369317926533,0.882463682265911,-0.198717,-0.19855,-0.2039,Medium,Medium,Medium
57,43,129500,132000,61.36552,61.600042,59.820538,-0.008981,-0.009093,-0.06545,1.231543,1.383774,-2.271046,-1.7977083195650811,-1.767877006716651,-1.652501408879902,-0.08015689277318179,-0.08105295443665758,0.28200185281141205,0.9278454219002441,0.9083695269479314,-0.3058817318464039,-0.2146,-0.214,-0.2243,Medium,Medium,Medium
57,44,132500,135000,66.207623,63.945895,52.038161,0.012933,0.026095,-0.054033,-1.849102,-2.432121,-3.586446,-1.567945027490611,-1.6572809092601395,-2.021144421562553,0.2085908347410635,0.3687962081740691,0.37327449638304083,-1.3781333757858465,-1.6083871333899893,-0.9643682582698452,-0.24045,-0.2405,-0.2519,Medium,Medium,Medium
57,45,135500,138000,142.791206,163.143579,84.033613,-0.011022,-0.018756,-0.053208,3.178193,3.426763,-2.343214,2.066033049584249,3.019430174991186,-0.5055535143855866,-0.10704993429260203,-0.20458633110789354,0.37986991820546295,2.384986256535727,2.255813880827456,-0.34200888376895744,-0.264267,-0.2648,-0.2711,Medium,Medium,Medium
57,46,138500,141000,83.400542,79.432908,78.584866,-0.020871,-0.020369,-0.036335,-0.458962,-0.794541,-2.252124,-0.752121475242816,-0.9271400184804277,-0.7636549285711955,-0.23682434189905463,-0.22520718762975053,0.5147602847627103,-0.33756123397290083,-0.5283284913581274,-0.2964094176811427,-0.27385,-0.27405,-0.2745,Medium,Medium,Medium
57,47,141500,144000,87.735511,87.114665,80.800953,-0.002911,0.001384,-0.049882,1.120018,1.362499,-1.394844,-0.5464222680015051,-0.564980775847049,-0.6586812183478462,-0.00017611765173117532,0.052886731725459706,0.40645946121319154,0.8443647594376944,0.894337694848597,0.13274318181124564,-0.2693,-0.2691,-0.2723,Medium,Medium,Medium
57,48,144500,147000,71.65343,71.520254,65.646028,-0.001711,0.005266,-0.038952,-0.839593,-0.759209,-1.392315,-1.3095352942977827,-1.3001849846073144,-1.376554075057259,0.015635567710005356,0.10251485634904847,0.4938388072969178,-0.6224778718010356,-0.5050254271168264,0.1340091939940987,-0.265833,-0.2658,-0.2663,Medium,Medium,Medium
57,49,147500,150000,70.448059,70.295014,61.983471,0.009326,0.016357,-0.051233,-0.559312,-0.383246,-1.965355,-1.3667315185687443,-1.3579493724217324,-1.5500455477271042,0.1610635438245771,0.24430401920330475,0.3956589583258069,-0.4126769880918595,-0.2570606942584469,-0.15285344786517516,-0.264283,-0.2652,-0.2658,Medium,Medium,Medium
57,50,150500,153000,77.863349,78.31735,74.165637,-0.024224,-0.029988,-0.046419,-0.807314,-0.118134,-3.263178,-1.0148675780274348,-0.9797334082991377,-0.9729891579839496,-0.2810048260806401,-0.34817806108526317,0.4341442439659769,-0.5983158246938521,-0.08220724788858955,-0.8025409643487161,-0.2394,-0.24125,-0.2569,Medium,Medium,Medium
57,51,153500,156000,84.979935,86.619327,75.825435,-0.008373,-0.013131,-0.052039,2.759444,2.640803,1.552933,-0.6771774818665139,-0.5883336669795768,-0.8943662725641559,-0.07214563885656862,-0.13267540864326535,0.3892154310665678,2.071536860207279,1.73743744102521,1.6083942669571423,-0.1679,-0.16925,-0.2051,Medium,Medium,Medium
57,52,156500,159000,72.867181,71.509808,69.044879,-0.007934,-0.008023,-0.035369,-0.604613,-0.461932,-2.749834,-1.2519414295000533,-1.3006774650969397,-1.2155540782311685,-0.06636119729506668,-0.0673738989633861,0.5224829241329646,-0.44658649259951205,-0.30895769734038436,-0.5455620169408439,-0.067917,-0.06695,-0.1101,Medium,Medium,Medium
57,53,159500,162000,70.680344,70.997565,69.420225,-0.014273,-0.009783,-0.048616,-3.550029,-3.206108,-5.615925,-1.355709331246517,-1.324827348635856,-1.1977743330147153,-0.1498864252184399,-0.08987402759231865,0.41658043579159937,-2.651341291145068,-2.1188668340277075,-1.9803212589991435,0.009717,0.01205,-0.0148,Medium,Medium,Medium
57,54,162500,165000,89.14856,79.732717,71.174377,0.014627,0.018813,-0.019623,-1.650632,-1.528528,-2.553283,-0.4793714865326809,-0.9130054135489427,-1.1146819978601348,0.23091166391004825,0.2757019259718606,0.6483635447582485,-1.2295711065283508,-1.0124263690123736,-0.44716899181156483,0.032117,0.03265,0.0279,Medium,Medium,Medium
57,55,165500,168000,105.114517,83.27654,71.399224,-0.022804,-0.015634,-0.091687,3.577738,3.994339,-0.845532,0.2782313239485148,-0.745930582399409,-1.10403123197297,-0.2622943317359186,-0.16467417111952568,0.0722514499569997,2.6840607356534085,2.630156119869137,0.40772763581969435,0.0064,0.0074,-0.0127,Medium,Medium,Medium
57,56,168500,171000,78.328828,77.32176,69.109318,0.002267,0.000226,-0.026168,-0.337001,0.084065,-3.54954,-0.9927800702995875,-1.026670862891019,-1.212501670580619,0.06805130468416197,0.03808266982074158,0.5960398649670328,-0.24626883249704326,0.05115220774728809,-0.9458931908042958,-0.04475,-0.04455,-0.0686,Medium,Medium,Medium
57,57,171500,174000,74.426614,75.895513,65.27624,-0.007245,-0.008701,-0.02361,-0.706057,-0.35949,-4.396944,-1.1779445608151933,-1.0939117992195349,-1.3940705436598326,-0.057282654616536276,-0.07604156215112261,0.6164896698418884,-0.5225211469178344,-0.24139252958856275,-1.3701018850701694,-0.100483,-0.1009,-0.122,Medium,Medium,Medium
57,58,174500,177000,75.036273,74.660958,71.504525,-0.007638,-0.020192,-0.037388,-0.20747,0.277746,-2.317032,-1.1490155481769186,-1.1521153461150238,-1.0990432343626648,-0.06246098157250501,-0.22294439060286356,0.5063421281820916,-0.14931000093966582,0.17889365417883527,-0.3289022285805596,-0.145683,-0.14655,-0.1595,Medium,Medium,Medium
57,59,177500,180000,117.707123,116.680707,67.873303,0.000531,0.005319,-0.034659,-1.431128,-1.335714,-3.207901,0.8757647944997857,0.8289210851968059,-1.2710504010418837,0.04517706652751644,0.10319241704071518,0.5281589841255945,-1.065264096143419,-0.8852567485939931,-0.7748694121812322,-0.1669,-0.1677,-0.1686,Medium,Medium,Medium
57,60,180500,183000,77.996969,76.289075,72.216104,-0.01041,-0.003007,-0.049897,-0.108664,-1.195678,-1.724866,-1.0085271571220984,-1.075357174821851,-1.0653364855991818,-0.0989859747581164,-0.0032485323709282887,0.4063395444527839,-0.07534998896679265,-0.7928966245111551,-0.032465150576862126,-0.158733,-0.15945,-0.1664,Medium,Medium,Medium
57,61,183500,186000,73.170787,73.480019,66.481139,-0.011023,-0.016518,-0.044207,-0.655685,-1.06366,-1.911873,-1.2375349796468464,-1.2077911470855853,-1.3369957453895467,-0.10706311069707013,-0.17597537208996683,0.4518279689007621,-0.4848158079394568,-0.7058247368453541,-0.12608046899473382,-0.134167,-0.13355,-0.1447,Medium,Medium,Medium
57,62,186500,189000,63.810092,65.890467,57.197331,-0.000293,0.003826,-0.053243,0.663902,0.225622,-1.106389,-1.6817105990636645,-1.5656033512787981,-1.7767599652785728,0.0343197092457907,0.08410566019810364,0.3795901124311784,0.5029447563911282,0.14451550064907262,0.27714315974911524,-0.122867,-0.12255,-0.122,Medium,Medium,Medium
57,63,189500,192000,72.101495,72.064951,69.044761,0.001325,0.004887,-0.027501,1.359862,2.251851,-0.839092,-1.2882741006669682,-1.2745050453714504,-1.2155596677670515,0.05563913167519879,0.09766965819543173,0.5853832621921373,1.0238970258144506,1.4809058706985223,0.4109514865344328,-0.13795,-0.1374,-0.1493,Medium,Medium,Medium
57,64,192500,195000,73.848272,74.029082,72.653753,-0.011966,-0.004858,-0.043768,0.490048,0.115235,-0.669917,-1.2053875462008685,-1.1819053711832739,-1.044605512805452,-0.11948846011050142,-0.026912019923288615,0.4553375327553601,0.3728084901569735,0.07171024330715883,0.49564014253845107,-0.163733,-0.16425,-0.1722,Medium,Medium,Medium
57,65,195500,198000,79.092448,79.634177,75.802139,-0.013426,-0.010477,-0.041929,-0.973223,-0.815728,-2.155581,-0.9565454331813958,-0.917651117880529,-0.8954697795805155,-0.13872601063394754,-0.09874623740395455,0.47003932758134115,-0.7225049592242189,-0.542302283446898,-0.24808019104247916,-0.179583,-0.1798,-0.1839,Medium,Medium,Medium
57,66,198500,201000,73.912827,75.235247,69.553804,-0.009833,-0.009218,-0.054422,-1.036612,-1.472204,-2.726594,-1.2023243380617878,-1.125040281218714,-1.1914468362883122,-0.09138318938001473,-0.08265097493587155,0.37016465506313506,-0.7699540129147687,-0.9752781240693463,-0.5339281208833095,-0.189767,-0.18935,-0.1955,Medium,Medium,Medium
57,67,201500,204000,123.869957,126.278581,67.18925,0.003175,0.003127,-0.020251,-1.087045,-1.040406,-1.627157,1.1681982739917491,1.2814163644318295,-1.303453272138286,0.08001547994120926,0.07516952956649918,0.6433430297225138,-0.8077050126903684,-0.6904876640539125,0.01644777325642665,-0.206933,-0.2068,-0.2157,Medium,Medium,Medium
57,68,204500,207000,103.455276,85.680136,77.124019,-0.009896,-0.008448,-0.08225,4.101387,4.206687,1.760949,0.1994984521973485,-0.6326121700939142,-0.8328537143854029,-0.0922133028615059,-0.07280716866071356,0.14769508115481533,3.0760317324510025,2.7702093035414963,1.7125266474349428,-0.230133,-0.2298,-0.2415,Medium,Medium,Medium
57,69,207500,210000,77.756235,79.496011,66.225166,-0.002721,0.004148,-0.053491,-0.517467,0.277257,-3.696213,-1.019950259099536,-0.924165004471537,-1.3491209171571719,0.0023273991972104432,0.0882221610040788,0.3776074886591048,-0.38135442973503014,0.17857113639286232,-1.0193173920283383,-0.254283,-0.2552,-0.2602,Medium,Medium,Medium
57,70,210500,213000,139.973589,137.382487,115.390109,-0.009705,-0.010128,-0.033929,-0.349302,-2.228791,-4.121802,1.9323339197381908,1.8049140729941058,0.9797707191501954,-0.08969660960809617,-0.09428456417014917,0.5339949331321014,-0.25547659424509817,-1.4742817317092543,-1.2323663674685281,-0.251833,-0.25405,-0.2603,Medium,Medium,Medium
57,71,213500,216000,77.478522,76.485533,72.815728,-0.008707,-0.006205,-0.046653,1.512099,1.567461,0.338105,-1.0331280566663945,-1.066095090576115,-1.0369329274270682,-0.07654655794891861,-0.04413228882281824,0.43227354250361716,1.1378521534657504,1.029519474907058,1.0002538762608246,-0.190333,-0.19225,-0.2273,Medium,Medium,Medium
57,72,216500,219000,79.07634,69.909813,67.873303,-0.007701,0.00837,-0.068934,-2.346341,-2.628349,-4.235538,-0.9573097760937082,-1.3761098144171793,-1.2710504010418837,-0.06329109505399617,0.1421969013855295,0.25414918659405594,-1.7503354929991681,-1.737808442400009,-1.289302374439257,-0.08185,-0.08055,-0.1296,Medium,Medium,Medium
57,73,219500,222000,114.499,101.657338,88.121577,-0.00584,-0.005807,-0.032189,2.954923,3.080888,0.681186,0.7235357110086198,0.12063886033057042,-0.3119109595853988,-0.03876980633883643,-0.03904419155332099,0.5479052773393918,2.217860253325564,2.0276935552172444,1.1719995171091449,-0.0037,-0.0002,-0.0237,Medium,Medium,Medium
57,74,222500,225000,61.242091,60.961003,60.06006,-0.001265,0.005283,-0.047924,-0.671234,0.33443,-4.204415,-1.8035651659348213,-1.7980047340390841,-1.6411555036784737,0.0215122441027841,0.10273218713694156,0.42211259567174014,-0.49645482000518365,0.2162793355287138,-1.2737222648437905,-0.006783,-0.0046,-0.0251,Medium,Medium,Medium
57,75,225500,228000,66.942106,65.169475,51.457976,-0.001893,-0.00045,-0.06358,-0.486764,-0.529795,-4.343257,-1.5330929741466959,-1.5995947827527075,-2.0486271747513647,0.01323746209680865,0.029440574960992484,0.2969514756089022,-0.35837207797903226,-0.3537164386685688,-1.3432262836226285,-0.057283,-0.0584,-0.077,Medium,Medium,Medium
57,76,228500,231000,73.740092,73.91685,69.083372,-0.010051,-0.023869,-0.045043,0.369824,0.336653,0.094567,-1.210520810184847,-1.1871965898614008,-1.2137307053096056,-0.09425564555406353,-0.2699517616077414,0.44514460812070766,0.28281629859546203,0.21774550534102027,0.8783392558623816,-0.093767,-0.09425,-0.1037,Medium,Medium,Medium
57,77,231500,234000,75.339852,73.469293,72.193423,0.001989,0.003773,-0.057534,-2.772962,-2.756053,-4.101613,-1.1346103795044067,-1.2082968282775948,-1.0664108607124225,0.06438826424202633,0.08342809950643691,0.3452859245038893,-2.06967737778227,-1.8220350504570426,-1.2222597957169983,-0.117533,-0.1171,-0.1286,Medium,Medium,Medium
57,78,234500,237000,81.93715,79.80121,70.588235,-0.030353,-0.033661,-0.063001,0.009151,0.097394,-2.370771,-0.8215610892938683,-0.9097762860191746,-1.142446927873142,-0.36176300906570946,-0.3951342954341662,0.30158026256063847,0.012838975373268193,0.059943290710955624,-0.35580386112082807,-0.150667,-0.15025,-0.1683,Medium,Medium,Medium
57,79,237500,240000,102.38977,74.376242,67.340067,0.012322,0.011669,-0.030327,-1.324068,-1.374198,-1.980281,0.14893898118132506,-1.1655383860426862,-1.2963092294834828,0.200540051611046,0.18437185840078435,0.5627909445313312,-0.9851256543300089,-0.9106387004863917,-0.1603253726738997,-0.19195,-0.19235,-0.2074,Medium,Medium,Medium
57,80,240500,243000,93.263243,79.204172,71.870427,-0.020536,-0.016229,-0.063679,2.716232,2.869059,-1.044705,-0.2841251004225845,-0.9379238608387563,-1.0817108414926444,-0.2324102464022365,-0.17228074869578414,0.29616002499021155,2.039191050870075,1.887982675698096,0.3080220428994145,-0.221233,-0.22205,-0.2278,Medium,Medium,Medium
57,81,243500,246000,83.869908,86.817307,68.133435,0.00204,-0.002116,-0.032923,1.659144,1.220421,-0.473724,-0.7298495249460495,-0.5789998274873153,-1.2587282218188567,0.06506026086990015,0.008142157747468824,0.5420373505301096,1.2479208735895395,0.8006307787024528,0.5938539536062587,-0.229067,-0.2292,-0.2295,Medium,Medium,Medium
57,82,246500,249000,66.250927,66.008598,63.187669,-0.001023,0.005885,-0.047928,0.335041,0.013755,-4.002924,-1.5658902034606401,-1.560034022088676,-1.4930039550894791,0.024700933984067634,0.11042825386115597,0.4220806178689648,0.2567799131891866,0.004779558398089741,-1.1728562859053797,-0.221033,-0.2212,-0.2263,Medium,Medium,Medium
57,83,249500,252000,65.468987,65.291386,64.171123,-0.01425,-0.006343,-0.046154,-1.197102,-0.352675,-4.568679,-1.6029941454058472,-1.593847244080412,-1.4464187735447145,-0.1495833679156733,-0.04589650345395045,0.4362627733998458,-0.8900868218689457,-0.23689772649775367,-1.45607207179309,-0.2073,-0.2071,-0.213,Medium,Medium,Medium
57,84,252500,255000,73.006588,72.945143,71.976552,-0.017933,-0.017953,-0.053064,0.713247,0.701885,-0.256791,-1.245326408865791,-1.233008071685357,-1.0766838118690547,-0.19811206557173636,-0.19432064742094307,0.3810211191053766,0.5398813471933207,0.45863265463850866,0.7024501658889228,-0.1988,-0.1985,-0.2004,Medium,Medium,Medium
57,85,255500,258000,69.578732,69.114969,67.41573,-0.008641,-0.00413,-0.040916,-0.458643,-0.169122,-2.244097,-1.407982073009495,-1.4135830254353987,-1.2927251527587746,-0.0756769152540231,-0.017605148535866505,0.47813770613420614,-0.3373224504595581,-0.1158361576456216,-0.2923911180402724,-0.204,-0.2038,-0.2089,Medium,Medium,Medium
57,86,258500,261000,75.29646,72.945898,66.967897,0.006897,0.009796,-0.017434,-0.75048,-0.625543,-4.114015,-1.1366693792344196,-1.2329724769342882,-1.3139385309205767,0.12905805737152876,0.16042711924056238,0.6658633973270753,-0.5557734353605498,-0.41686660834410627,-1.2284682113325551,-0.21645,-0.2166,-0.2214,Medium,Medium,Medium
57,87,261500,264000,81.119802,82.498139,68.181818,-0.008712,-0.015298,-0.034362,0.34523,0.609604,-0.670908,-0.8603451810925109,-0.7826285821701731,-1.2564363699999812,-0.07661243997125919,-0.1603786920176386,0.5305333359816666,0.26440676340062724,0.39776912947006365,0.49514404998281353,-0.22475,-0.22495,-0.2262,Medium,Medium,Medium
57,88,264500,267000,128.823687,141.632542,180.18018,-0.002219,0.009009,-0.071401,-1.708965,-2.819342,-4.271038,1.4032583941189058,2.0052844700204897,4.04880823369914,0.008941954240203557,0.1503659821775113,0.2344268767323401,-1.2732355538130662,-1.8637770303270669,-1.3070736012052842,-0.227533,-0.2276,-0.2283,Medium,Medium,Medium
57,89,267500,270000,64.402924,66.492769,53.403863,0.000672,0.002957,-0.03925,1.606893,1.688897,0.353739,-1.6535800467050936,-1.5372076032544117,-1.9564525543211275,0.047034939557520486,0.07299622168756818,0.491456460990152,1.2088090323491838,1.1096120513025816,1.0080802244089955,-0.228633,-0.22865,-0.2287,Medium,Medium,Medium
57,90,270500,273000,108.506592,82.867427,71.809469,0.00357,0.004878,-0.036086,-2.732963,-2.504604,-3.948168,0.4391891389647393,-0.7652183643783841,-1.084598357834645,0.08522015970611421,0.09755460071948834,0.5167509029854778,-2.039736619944659,-1.6561929752727649,-1.1454455452631096,-0.223983,-0.2245,-0.2281,Medium,Medium,Medium
57,91,273500,276000,114.662496,98.517879,83.804196,-0.012017,-0.001539,-0.107314,2.826191,3.844321,-1.582035,0.7312937820783616,-0.027372082181480507,-0.5164207563658473,-0.12016045673837522,0.015518620371840462,-0.052677831035716736,2.1214995033580326,2.5312124118607735,0.03903575337295276,-0.20795,-0.20795,-0.2157,Medium,Medium,Medium
57,92,276500,279000,70.683065,69.649932,62.827225,-0.019504,-0.014808,-0.054828,-0.457586,0.124679,-4.775452,-1.3555802167031599,-1.3883619991888145,-1.5100778082404362,-0.2188121969911431,-0.15411445166071985,0.36691890808143396,-0.33653124615359153,0.07793899171355663,-1.5595822090351104,-0.19365,-0.19275,-0.1975,Medium,Medium,Medium
57,93,279500,282000,70.040995,70.865711,65.585992,-0.012673,-0.013085,-0.028717,-1.590124,-2.000343,-3.251354,-1.3860471681377442,-1.331043653678853,-1.379397917229055,-0.12880417806945788,-0.13208733709955459,0.5756620101484218,-1.1842785898344799,-1.3236098642860472,-0.7966218943407865,-0.20145,-0.2006,-0.2115,Medium,Medium,Medium
57,94,282500,285000,88.464479,92.679495,73.439412,0.015634,-0.007026,-0.026932,2.35564,2.549861,-1.947289,-0.5118319076772946,-0.3026248306923787,-1.0073896723621991,0.2441803032094388,-0.05462808746165554,0.5899321046369352,1.769274359198291,1.6774570473811365,-0.1438096455340471,-0.229217,-0.2295,-0.2412,Medium,Medium,Medium
57,95,285500,288000,76.730201,78.57275,67.264574,-0.01512,-0.01382,-0.040405,-0.264912,0.193484,-3.061794,-1.0686367388419824,-0.9676924819109998,-1.2998852534870045,-0.16104683980293227,-0.14148369763493274,0.48222287043876094,-0.19230750116987227,0.12331902497300183,-0.701728549389572,-0.249983,-0.2511,-0.2526,Medium,Medium,Medium
57,96,288500,291000,70.897382,69.87409,68.104427,0.013507,0.006717,-0.014882,-2.962964,-2.816105,-4.472394,-1.3454106314077783,-1.3777939883144523,-1.2601023002671123,0.21615409090576082,0.1210646783039241,0.686265235497768,-2.211901030140121,-1.8616420813021295,-1.4078719994221907,-0.244533,-0.245,-0.2511,Medium,Medium,Medium
57,97,291500,294000,89.163041,90.771864,79.681275,-0.028052,-0.031268,-0.084138,2.746333,2.9923,-1.501069,-0.4786843466200167,-0.3925607917210806,-0.7117191874869008,-0.33144410238457966,-0.36454179099721407,0.13260155824483588,2.061722782955125,1.9692657318557487,0.07956716594585865,-0.227867,-0.22695,-0.2335,Medium,Medium,Medium
57,98,294500,297000,104.327175,74.893892,67.491564,0.005682,0.001549,-0.023148,-1.698653,-1.945301,-3.135462,0.24087105096206665,-1.1411335875116777,-1.2891329759439305,0.11304872594277052,0.054996118784422135,0.6201831060624448,-1.2655166334695216,-1.2873071567696404,-0.7386065982177322,-0.1868,-0.1863,-0.2254,Medium,Medium,Medium
70,0,500,3000,77.117962,77.031442,76.726343,-0.006753,-0.014726,-0.021542,-0.156487,-0.178394,-0.217006,-1.0502370385675166,-1.0403580111570783,-0.8516912082142918,-0.05079986361822431,-0.15306615021323547,0.63302219387676,-0.11114730545140607,-0.12195146421319047,0.7223664548153,-0.08895,-0.0884,-0.1233,Medium,Medium,Medium
70,1,3500,6000,78.17102,78.219026,77.720207,-0.005829,-0.008463,-0.023373,-0.04467,-0.050216,-0.179106,-1.00026823930295,-0.9843689292317428,-0.8046129159191703,-0.03862486588968718,-0.07299893112061923,0.6183843546563296,-0.027448069992316963,-0.03741223155380284,0.7413391166302982,-0.17325,-0.17865,-0.2001,Medium,Medium,Medium
70,2,6500,9000,75.954312,75.873976,74.906367,-0.008994,-0.007899,-0.033931,0.018847,-0.082652,-0.151686,-1.1054535539581347,-1.0949271689596338,-0.9379015570126242,-0.08032818603126728,-0.06578866262816584,0.5339789442307137,0.02009679651863364,-0.05880525181110048,0.7550655120647901,-0.21815,-0.21845,-0.2298,Medium,Medium,Medium
70,3,9500,12000,79.154281,79.632729,77.006923,0.010259,-0.000959,-0.02572,-0.54416,0.17299,-4.102155,-0.9536113870368097,-0.9177193843699964,-0.8384004287392679,0.1733571291933273,0.022933435488193238,0.5996213788778753,-0.40133514547690713,0.10980229796741983,-1.2225311197988906,-0.245767,-0.2457,-0.2574,Medium,Medium,Medium
70,4,12500,15000,82.735227,83.225334,79.95452,-0.022959,-0.006871,-0.191933,-0.331174,0.924666,-6.806939,-0.7836914283533813,-0.7483447079931088,-0.6987758592466379,-0.2643366744284762,-0.05264654204263023,-0.7291602542981899,-0.24190710355582581,0.6055668772905319,-2.5765404104220484,-0.268717,-0.2699,-0.2729,Medium,Medium,Medium
70,5,15500,18000,79.739014,79.66027,77.711251,-0.004754,-0.005024,-0.025143,0.376975,0.370201,0.210366,-0.9258651414355531,-0.9164209538545082,-0.8050371522189004,-0.024460231086464872,-0.029034191146244746,0.6042341769282239,0.2881690913977009,0.23987194027725844,0.9363079963772881,-0.258817,-0.2616,-0.2718,Medium,Medium,Medium
70,6,18500,21000,78.391185,77.20111,76.824584,-0.053876,-0.033981,-0.405291,-0.249881,-0.217971,-1.964045,-0.9898211597592942,-1.0323589512572244,-0.8470376353780033,-0.6717115713691498,-0.39922522791215387,-2.4348402654355796,-0.18105623161170523,-0.1480542994186125,-0.15219766456761194,-0.182267,-0.1844,-0.2259,Medium,Medium,Medium
70,7,21500,24000,91.76577,92.037836,88.235294,0.01565,-0.016488,-0.057258,0.636225,0.555533,0.216767,-0.3551818966684786,-0.33287607887282655,-0.30652430490737037,0.24439112568092863,-0.17559184717015544,0.3474923928953905,0.4822274795924196,0.36210684070658045,0.9395123237724807,-0.056083,-0.05505,-0.1113,Medium,Medium,Medium
70,8,24500,27000,88.972079,88.700604,87.358701,0.01104,0.013605,-0.014073,-0.168444,-0.230486,-0.412985,-0.48774571061436545,-0.49021110178644844,-0.34804759328269874,0.18364790108292414,0.20912199989261018,0.6927327461090885,-0.12009757024463368,-0.15630851228456638,0.6242597717060256,0.045817,0.0491,0.0144,High,High,Medium
70,9,27500,30000,86.04125,86.372732,85.16427,-0.000115,0.008049,-0.037278,-0.234541,-0.262116,-0.463827,-0.6268168785650109,-0.5999594784231278,-0.45199548156467234,0.03666510924111494,0.1380931847435481,0.5072215177584145,-0.16957366391678919,-0.1771699388087471,0.5988083713894523,0.0657,0.0685,0.0525,High,High,High
70,10,30500,33000,83.863491,83.684241,83.15651,-0.019297,-0.01544,-0.089034,-0.591087,-0.762655,-0.933073,-0.7301540188911889,-0.7267093696767374,-0.5471009609244774,-0.21608468126624356,-0.16219404330474566,0.0934607276477706,-0.43646177221871457,-0.5072982211668524,0.36390479181054536,0.015367,0.0159,-0.0139,Medium,Medium,Medium
70,11,33500,36000,87.958871,88.430793,84.991098,-0.002324,0.000766,-0.044545,0.258542,0.237668,-0.208025,-0.5358235820756267,-0.5029314400390326,-0.46019845705561596,0.00755843177105161,0.04498611837734589,0.4491258445662425,0.19951753078414214,0.1524603866405453,0.7268623248881365,-0.052267,-0.05295,-0.0772,Medium,Medium,Medium
70,12,36500,39000,86.128897,86.101467,85.227273,-0.005874,-0.016697,-0.047498,-0.212636,-0.284554,-0.58337,-0.6226579287738874,-0.6127483660373733,-0.44901109572368275,-0.039217804090752297,-0.1782637374448412,0.4255182316673181,-0.15317694648803196,-0.19196882241132582,0.5389653921981512,-0.102433,-0.10345,-0.1165,Medium,Medium,Medium
70,13,39500,42000,91.073276,91.320437,88.438503,-0.026633,-0.00805,-0.14285,0.239638,0.260185,-0.174603,-0.3880415242273755,-0.36669811704793975,-0.296898508320514,-0.31274678444432624,-0.0677190713912163,-0.336768630892194,0.18536717487118953,0.16731137434351637,0.7435933091409297,-0.127117,-0.1273,-0.1333,Medium,Medium,Medium
70,14,42500,45000,88.209411,88.180214,85.999597,0.012917,0.015574,-0.052029,0.156202,0.181784,-0.126445,-0.5239351742502794,-0.5147450786193501,-0.41242692020415767,0.2083800122695737,0.23429401879622846,0.38929537557350624,0.12291218672301388,0.11560234175033621,0.767701104594404,-0.136717,-0.1369,-0.1381,Medium,Medium,Medium
70,15,45500,48000,87.095656,86.366949,85.630325,-0.007866,-0.004763,-0.070009,0.157155,0.231025,-0.300068,-0.5767841151679758,-0.600232120072707,-0.42991894642948014,-0.06546520179123494,-0.025697524343886,0.24555515209817244,0.12362554311240467,0.14807902538856513,0.680785788966293,-0.140367,-0.1401,-0.1429,Medium,Medium,Medium
70,16,48500,51000,91.02309,91.080932,90.175443,-0.006137,-0.001838,-0.071629,0.108979,0.12025,-0.029933,-0.3904229069811194,-0.3779896678490007,-0.2146214875016812,-0.04268319846586622,0.011696155337720669,0.2326041419741435,0.08756399283402952,0.07501786436371166,0.8160148126970186,-0.1513,-0.15075,-0.1594,Medium,Medium,Medium
70,17,51500,54000,84.92424,84.466716,83.136753,-0.008431,0.018297,-0.293834,-0.753602,-0.212217,-4.114117,-0.6798202729331408,-0.6898192996862971,-0.548036829233295,-0.07290987031571922,0.2691052973511054,-1.543802774451693,-0.5581103699331396,-0.14425927418244003,-1.2285192723221363,-0.17425,-0.1741,-0.1856,Medium,Medium,Medium
70,18,54500,57000,86.278416,86.201919,86.083214,-0.000649,-0.002971,-0.025087,0.523671,0.508589,0.403129,-0.6155630822438393,-0.6080125197666555,-0.408466070865776,0.02962890925514219,-0.0027883024671546677,0.6046818661670793,0.3979765718783661,0.33114513325317735,1.0328047565209415,-0.203733,-0.20385,-0.2163,Medium,Medium,Medium
70,19,57500,60000,83.374116,83.069097,81.081081,-0.006982,-0.001011,-0.030679,0.211055,0.188789,0.119414,-0.7533754189851032,-0.7557105584868582,-0.6454118496373915,-0.05381726024142236,0.02226865896052023,0.5599768978870978,0.163971722953081,0.12022245850031679,0.8907776128047893,-0.2322,-0.2323,-0.2433,Medium,Medium,Medium
70,20,60500,63000,80.211986,79.947022,79.713275,-0.006614,-0.005404,-0.017233,0.031155,0.028265,0.008107,-0.9034220823393204,-0.9029019259623724,-0.7102033811457478,-0.04896834339715649,-0.03389217346385519,0.6674702819165382,0.029309798030304215,0.014349564685344299,0.8350575582232066,-0.256783,-0.2574,-0.2649,Medium,Medium,Medium
70,21,63500,66000,80.283296,80.328688,79.787234,-0.00496,-0.004699,-0.01489,0.036707,0.030466,0.016727,-0.9000383417708456,-0.8849081428345138,-0.7067000211087054,-0.027174570406896307,-0.024879337848288455,0.6862012798922171,0.03346567911519169,0.01580122449500986,0.8393727124407602,-0.268767,-0.26905,-0.2697,Medium,Medium,Medium
70,22,66500,69000,80.579192,79.724078,79.155673,-0.037418,-0.01827,-0.189687,0.15239,0.074083,-0.03804,-0.8859977401827202,-0.9134127023628307,-0.7366164013782387,-0.4548543066329333,-0.1983732274069497,-0.711204718039814,0.12005876116545064,0.04456862382176258,0.8119564652211824,-0.255017,-0.2569,-0.2671,Medium,Medium,Medium
70,23,69500,72000,88.986239,89.150249,87.205874,0.031115,0.010453,-0.097369,0.156883,0.020995,-0.12834,-0.4870738025166287,-0.46901242384676783,-0.35528684752330575,0.44816422078030826,0.16882631498443096,0.026826981114572244,0.12342194086905284,0.009554668358098218,0.766752471503654,-0.193117,-0.19505,-0.2279,Medium,Medium,Medium
70,24,72500,75000,89.436046,89.614103,88.264175,-0.031883,-0.053584,-0.186621,-3.770916,-4.212172,-9.987721,-0.4657299490054285,-0.4471438574065039,-0.3051562423155315,-0.38192290790192357,-0.6498331946808841,-0.6866937322124852,-2.816683529112925,-2.782411892978808,-4.168833317895218,-0.08785,-0.08715,-0.1349,Medium,Medium,Medium
70,25,75500,78000,89.718076,89.748567,87.470247,0.003113,0.005205,-0.033867,1.757496,1.855088,1.386346,-0.4523473048808073,-0.44080450295914864,-0.34276377659112744,0.07919854286418622,0.10173502234543205,0.5344905890751199,1.3215410494650535,1.2192225898887374,1.5250011584142642,0.0001,0.00345,-0.0268,Medium,Medium,Medium
70,26,78500,81000,84.920398,84.947387,83.916084,-0.002939,0.027652,-0.14605,1.465155,1.682354,0.885783,-0.6800025802009021,-0.6671578896318227,-0.5111207394940054,-0.0005450569768383644,0.3887011515122782,-0.3623508731124982,1.1027128015837333,1.1052966446080599,1.274420353240099,0.00575,0.009,-0.0161,Medium,Medium,Medium
70,27,81500,84000,85.531715,86.002063,83.333333,0.016013,0.014099,-0.026254,0.462195,0.443524,0.130098,-0.6509948935777368,-0.6174348039648846,-0.5387250414037983,0.24917416050285393,0.21543737690550377,0.5953523422073621,0.35195947073021366,0.2882318004426868,0.896126001164458,-0.072117,-0.0705,-0.1185,Medium,Medium,Medium
70,28,84500,87000,82.005236,82.038884,79.365079,-0.025605,-0.014663,-0.07622,-0.312221,-0.173068,-1.395889,-0.8183303311905853,-0.8042803270737924,-0.7266970594196285,-0.29920144065110527,-0.15226074788163166,0.19590161883870097,-0.22772006929756353,-0.11843872448294115,0.13222005696700628,-0.193483,-0.19305,-0.2491,Medium,Medium,Medium
70,29,87500,90000,82.616204,83.182491,80.399386,0.005531,0.008434,-0.024809,0.34431,0.35654,0.094778,-0.7893392050141792,-0.7503645568938412,-0.6777030247540295,0.11105908886808533,0.14301508788112707,0.6069043234599683,0.26371810875399604,0.2308618881828281,0.8784448820271036,-0.3275,-0.3282,-0.3812,Low,Low,Low
70,30,90500,93000,84.55611,83.565114,82.417582,-0.018137,-0.012721,-0.073439,0.017135,0.034583,-0.240497,-0.6972884599401858,-0.7323256556510513,-0.5821032030512167,-0.20080005208323154,-0.12743390140584354,0.21813418621828395,0.018815300045772088,0.018516573625583743,0.7106069086755609,-0.442217,-0.4439,-0.4796,Low,Low,Low
70,31,93500,96000,85.625661,85.743294,83.102422,-0.012792,-0.011637,-0.086965,-0.581736,-0.188934,-2.306364,-0.6465370490756216,-0.6296345630899125,-0.5496630525926113,-0.1303721702011634,-0.11357586763666011,0.11000124613333599,-0.42946219656583584,-0.12890307456933542,-0.323561849787884,-0.516683,-0.5181,-0.5382,Low,Low,Low
70,32,96500,99000,81.290651,81.080119,80.567697,0.002944,0.004964,-0.013664,0.246963,0.268734,0.161786,-0.8522382018135429,-0.8494816535754496,-0.6697303097200977,0.07697173050907499,0.09865403882294753,0.6960024764428712,0.19085021322616086,0.17294982946065895,0.9119889485943697,-0.553867,-0.5554,-0.5595,Low,Low,Low
70,33,99500,102000,83.081656,83.269879,81.285419,-0.010993,-1e-06,-0.065651,0.135196,0.136721,-0.049545,-0.7672529784670269,-0.7462446176800328,-0.635732573508061,-0.1066678185630267,0.03518066459416903,0.28039496822194915,0.10718840465004084,0.08588123952273097,0.8061970859551785,-0.550717,-0.5526,-0.5595,Low,Low,Low
70,34,102500,105000,83.133916,83.315423,81.411126,-0.003245,-0.003041,-0.02826,-0.164537,-0.187279,-0.229122,-0.7647731820554651,-0.7440974291466683,-0.6297779651415819,-0.004577036744081178,-0.0036831939467144824,0.579315474115509,-0.11717303360942916,-0.12781152664339426,0.7163012102097456,-0.504067,-0.50465,-0.5294,Low,Low,Low
70,35,105500,108000,81.409471,81.194074,80.862534,-0.043021,-0.000862,-0.379312,-1.663052,0.135079,-5.809722,-0.8466000577335248,-0.8441092034323003,-0.6557641911511418,-0.5286817008677748,0.024173499395583272,-2.227152430860179,-1.2388679442578718,0.08479826568925942,-2.0773356374097283,-0.439117,-0.4393,-0.4662,Low,Low,Low
70,36,108500,111000,87.519206,87.932282,84.626234,0.030394,0.015519,-0.114557,1.459322,1.295527,1.13371,-0.5566861861569367,-0.5264339234167814,-0.47748168095744464,0.4386640331587982,0.23359088977657433,-0.11058163741123633,1.0983465814165596,0.8501666086273696,1.3985320979843476,-0.358583,-0.36135,-0.3985,Low,Low,Low
70,37,111500,114000,88.469651,88.121641,87.244362,-0.021242,-0.004131,-0.224614,0.216893,0.215972,-0.521831,-0.5115864903975279,-0.5175065241218268,-0.3534637114464837,-0.24171278795672485,-0.017617932699860218,-0.9904268974237397,0.16834168580855166,0.13815088585430993,0.569771688647575,-0.215083,-0.2182,-0.2887,Medium,Medium,Low
70,38,114500,117000,89.037956,89.668314,85.479784,0.005488,-0.009946,-0.128083,0.157058,0.026718,-0.212149,-0.4846197720723745,-0.4445880599890126,-0.4370499152545911,0.11049250347595645,-0.09195784632329365,-0.21871457749618428,0.12355293495944465,0.013329247681458508,0.7247978589956549,8.3e-05,0.00075,-0.0962,Medium,Medium,Medium
70,39,117500,120000,84.424828,84.205141,83.916084,0.009143,-0.011403,-0.041871,0.182874,0.085479,-0.06713,-0.7035179400875764,-0.7021513487073515,-0.5111207394940054,0.1586522618069123,-0.11058437326213155,0.47050300572158416,0.1428771831740439,0.05208480518975383,0.7973940712317816,0.198517,0.2033,0.1298,High,High,High
70,40,120500,123000,86.662987,86.569537,83.972577,-0.000121,0.004101,-0.082075,-0.592781,-0.560142,-0.974426,-0.5973147510959125,-0.5906810347355103,-0.5084447255055438,0.03658605081430626,0.08762130529637434,0.14909411002623826,-0.43772979501370723,-0.3737316682205546,0.34320356531884055,0.281667,0.2837,0.2692,High,High,High
70,41,123500,126000,93.107087,93.563784,90.937346,-0.018842,0.008949,-0.137272,-0.284518,-0.280516,-2.152205,-0.29153488014787743,-0.26093470244320005,-0.178530943790942,-0.21008941723325178,0.14959893233788857,-0.29217558492192636,-0.20698333051971088,-0.1893055773811443,-0.24639017240692668,0.24155,0.2438,0.2035,High,High,High
70,42,126500,129000,94.121109,95.069361,89.435058,-0.002726,0.01249,-0.070119,0.614067,0.714416,0.008802,-0.24341838346122338,-0.1899537242573195,-0.24969274618589116,0.0022615171748698714,0.19486765703962164,0.2446757625218495,0.4656413821358388,0.466897420233656,0.835405473789471,0.143967,0.1433,0.1033,High,High,High
70,43,129500,132000,83.970298,83.679913,82.987552,-0.008865,-0.016341,-0.052223,0.224174,0.233096,0.082717,-0.7250859053180991,-0.7269134148192897,-0.5551043236678701,-0.0786284298548806,-0.17371257506307985,0.3877444521389003,0.17379178850651017,0.1494449442735344,0.8724071703080879,0.0545,0.0539,0.0222,High,High,Medium
70,44,132500,135000,87.127035,87.665043,84.111823,-0.012293,-0.008203,-0.074218,-0.053932,-0.04314,-0.216713,-0.5752951459448913,-0.5390330037889024,-0.5018487889499119,-0.12379714437157463,-0.06967504848225418,0.21190650912777864,-0.03438102579351073,-0.032745287068026596,0.722513130010862,-0.019367,-0.01905,-0.0496,Medium,Medium,Medium
70,45,135500,138000,88.073728,88.24769,86.181759,-0.01125,-0.00886,-0.097625,0.133042,0.042124,-0.055437,-0.5303734868509283,-0.5115638979264527,-0.4037980978692465,-0.11005415451133195,-0.07807424422612276,0.024780401736947864,0.10557605453173255,0.023490206803542846,0.803247562909955,-0.0981,-0.09805,-0.1335,Medium,Medium,Medium
70,46,138500,141000,86.598555,86.634867,85.959885,0.011884,-0.000542,-0.052089,0.016654,0.001575,-0.237991,-0.600372122745161,-0.5876010279973071,-0.41430803587352855,0.19476878645401216,0.02826443187357101,0.3888157085318755,0.018455253431609465,-0.0032537067003775588,0.7118614071058612,-0.1787,-0.1796,-0.2079,Medium,Medium,Medium
70,47,141500,144000,86.806443,86.507554,86.161121,-0.022316,-0.044483,-0.123557,-0.096962,-0.120986,-0.215799,-0.590507600808561,-0.5936032459348679,-0.40477569822139425,-0.25586424635547905,-0.533484518174114,-0.18253169365584163,-0.06659060127670742,-0.08408827186731112,0.722970676525345,-0.235033,-0.2364,-0.2493,Medium,Medium,Medium
70,48,144500,147000,90.152949,90.791417,87.71664,-0.006974,-0.011661,-0.036467,-0.789416,-0.943521,-1.154054,-0.43171208664726224,-0.3916389583864397,-0.33109239934688506,-0.05371184900567746,-0.11388268757250919,0.5137050172711227,-0.5849184976662376,-0.6265875910600698,0.2532821590786172,-0.258167,-0.2592,-0.261,Medium,Medium,Medium
70,49,147500,150000,86.791271,86.489867,85.332597,-0.010473,-0.011709,-0.050348,0.347781,0.62774,-0.838644,-0.5912275294567859,-0.5944371060171973,-0.44402200862756913,-0.09981608823960755,-0.11449632744420735,0.4027340471898598,0.2663162829697101,0.4097306480107699,0.4111757544102407,-0.257183,-0.2576,-0.2607,Medium,Medium,Medium
70,50,150500,153000,90.815069,90.958054,89.52004,-0.024016,-0.00972,-0.139279,0.340881,0.255558,-0.066741,-0.4002937399189202,-0.38378279608988414,-0.24566723823327002,-0.2782641339512725,-0.0890686252607148,-0.3082204474644732,0.26115137311997605,0.16425965696990324,0.7975888038293023,-0.242783,-0.2428,-0.2502,Medium,Medium,Medium
70,51,153500,156000,89.543558,89.77477,88.153309,0.002675,-0.011644,-0.064519,-0.009697,0.045345,-0.463463,-0.4606283823808627,-0.4395691529429055,-0.31040784812235317,0.07342727770715238,-0.11366535678461609,0.2894446864073817,-0.0012694624307590257,0.02561460309928695,0.5989905890385462,-0.228283,-0.2276,-0.2325,Medium,Medium,Medium
70,52,156500,159000,87.06153,87.299013,85.703343,0.006348,0.012409,-0.046582,0.158224,0.122491,0.048972,-0.5784034326639756,-0.5562896219793885,-0.42646016057265723,0.12182421131853428,0.193832139756131,0.4328411485028802,0.12442572987028377,0.0764959059963607,0.8555144929216206,-0.231467,-0.2304,-0.2397,Medium,Medium,Medium
70,53,159500,162000,84.310702,84.264391,83.56546,-0.006695,-0.005438,-0.04992,-0.033649,-0.067163,-0.087275,-0.7089333485312403,-0.6993579857923271,-0.5277294295740209,-0.050035632159073716,-0.03432683503964139,0.40615567208682546,-0.019198436448270698,-0.04858955040632544,0.7873095257894824,-0.261283,-0.26045,-0.28,Medium,Medium,Low
70,54,162500,165000,82.764301,82.783592,82.424838,-0.011658,-0.004971,-0.057024,-0.0007,-0.097333,-0.146069,-0.782311834000726,-0.7691707961080225,-0.5817594939633602,-0.11543012753432239,-0.028356630454578025,0.3493630943577503,0.005465130890698578,-0.06848804039160938,0.757877370677319,-0.310617,-0.31105,-0.3317,Low,Low,Low
70,55,165500,168000,83.61177,83.792044,82.673835,-0.012657,-0.008435,-0.050598,0.119961,0.059101,-0.060646,-0.7420984665091507,-0.721626957823094,-0.5699647679781062,-0.12859335559796803,-0.0726409745287953,0.40073543451639854,0.0957844334093599,0.03468731202330305,0.8006399482557511,-0.351583,-0.35295,-0.3607,Low,Low,Low
70,56,168500,171000,83.958371,84.260096,82.417582,0.013301,-0.013908,-0.065349,-0.263369,-0.127567,-1.003748,-0.725651855027259,-0.6995604751378127,-0.5821032030512167,0.21343975158532938,-0.14260870406637932,0.2828092923314903,-0.19115250756144628,-0.08842874129366689,0.3285250326080391,-0.357683,-0.3587,-0.3615,Low,Low,Low
70,57,171500,174000,88.411423,88.14536,84.846396,-0.003539,0.040374,-0.230756,-0.919723,0.661935,-8.948204,-0.5143494751937854,-0.5163882831938698,-0.4670528385924142,-0.008450899657706628,0.5513412858402782,-1.039528813585336,-0.6824581944472953,0.4322838089337658,-3.6484532521447868,-0.3428,-0.3416,-0.3481,Low,Low,Low
70,58,174500,177000,88.937772,88.521283,86.554856,-0.005053,-0.002988,-0.04345,0.91569,0.919373,0.511744,-0.4893736167661343,-0.4986652559009642,-0.3861248854172078,-0.02839997602243089,-0.0030056332550477674,0.45787976807600284,0.6914175565715402,0.602075902564244,1.0871772014559287,-0.356217,-0.3547,-0.3737,Low,Low,Low
70,59,177500,180000,83.451388,83.248646,82.079343,-0.005999,-0.006905,-0.03086,0.263854,0.245565,0.153687,-0.7497087747387547,-0.7472456552289735,-0.5981252287082579,-0.04086485464926652,-0.053081203618416416,0.5585299023115119,0.203493762830778,0.1576688180430573,0.9079346059020301,-0.411217,-0.4108,-0.4403,Low,Low,Low
70,60,180500,183000,83.325798,83.625237,81.802395,-0.00668,-0.005592,-0.020712,0.112332,0.056282,0.037427,-0.7556681630152184,-0.7294911348318106,-0.6112439641635605,-0.049837986092052006,-0.03629559629467298,0.6396575879526514,0.09007383960593653,0.032828053048542846,0.8497350897381338,-0.475833,-0.47695,-0.4969,Low,Low,Low
70,61,183500,186000,84.192567,84.206549,83.728953,-0.002595,0.001927,-0.0222,-0.049935,-0.051746,-0.09345,-0.7145389885825196,-0.7020849680325102,-0.5199849381323283,0.003987626160192777,0.05982853277404515,0.62776184532021,-0.03138912076896187,-0.03842133628292065,0.7842183335280678,-0.517817,-0.5184,-0.5309,Low,Low,Low
70,62,186500,189000,81.525094,81.616878,79.770435,-0.007212,-0.006556,-0.017632,-0.078465,-0.072886,-0.101248,-0.8411136149380026,-0.8241759542521502,-0.7074957720688623,-0.05684783326908852,-0.048619530384611045,0.6642804960896941,-0.052744900191123184,-0.05236412972968574,0.7803146708147868,-0.54705,-0.54685,-0.5592,Low,Low,Low
70,63,189500,192000,78.952221,79.051383,79.051383,-0.005978,-0.00877,-0.017794,-0.07511,-0.074767,-0.117706,-0.9631993637478726,-0.945127154111729,-0.7415565089819529,-0.040588150155436126,-0.07692366946668872,0.662985395077291,-0.050233556343897416,-0.05360473495548351,0.7720758299664691,-0.57695,-0.5772,-0.5889,Low,Low,Low
70,64,192500,195000,83.599276,84.10338,80.106809,-0.002543,-0.00404,-0.033407,0.193943,0.210107,-0.165708,-0.7426913210129023,-0.7069489082617105,-0.6915620895001419,0.004672799192534692,-0.016454573776432457,0.5381680363942885,0.1511627465257405,0.1342826510593583,0.748046127791178,-0.5993,-0.60025,-0.6033,Low,Low,Low
70,65,195500,198000,79.784952,79.29691,76.726343,-0.012872,-0.006288,-0.047976,0.256902,0.35634,-0.259709,-0.9236853311111304,-0.9335516939186972,-0.8516912082142918,-0.1314262825586125,-0.045193374434296316,0.4216968842356602,0.19828992902275608,0.23072997906791073,0.7009894211085491,-0.596917,-0.5976,-0.6029,Low,Low,Low
70,66,198500,201000,82.402372,82.518883,81.411126,-0.006236,-0.000916,-0.039017,-0.028985,-0.071242,-0.259433,-0.7994857765081906,-0.7816505987050375,-0.6297779651415819,-0.043987662508209485,0.023483154539922838,0.49331916800181785,-0.015707256804914214,-0.051279836805065024,0.7011275861391808,-0.574733,-0.57465,-0.5851,Low,Low,Low
70,67,201500,204000,83.777288,83.31886,82.079343,-0.00803,-0.011957,-0.037813,-0.093566,-0.008983,-0.731544,-0.7342444492407075,-0.7439353905249139,-0.5981252287082579,-0.0676261321240056,-0.11766680011464786,0.5029444866372074,-0.064048567385447,-0.010217188876865058,0.4647897934705649,-0.555667,-0.55455,-0.561,Low,Low,Low
70,68,204500,207000,86.473318,86.709415,84.985836,-0.012609,-0.005231,-0.038117,-0.068876,-0.067339,-0.385817,-0.6063147607703188,-0.5840864352785012,-0.46044771246083877,-0.1279608881834986,-0.03168051309294307,0.5005141736262785,-0.0455671725753116,-0.04870563042745272,0.6378600164603757,-0.5609,-0.5601,-0.5695,Low,Low,Low
70,69,207500,210000,84.774818,85.049254,83.208103,-0.013364,-0.020489,-0.037634,-0.237118,-0.308359,-0.860695,-0.6869105167029145,-0.6623553326687042,-0.5446570547820051,-0.13790907355692447,-0.2267412873089959,0.5043754933114055,-0.17150264546501595,-0.20766930481436477,0.4001370692998839,-0.587683,-0.58725,-0.6023,Low,Low,Low
70,70,210500,213000,83.004158,82.987711,81.680745,-0.008057,-0.009476,-0.039163,-0.326703,-0.287204,-0.988181,-0.7709303466703025,-0.7595475312160083,-0.6170063967073508,-0.06798189504464466,-0.08594928924624916,0.4921519782005165,-0.23856039168073,-0.1937166181839809,0.3363178406944264,-0.623783,-0.6241,-0.6383,Low,Low,Low
70,71,213500,216000,82.419823,82.478941,81.0228,-0.001164,-0.003963,-0.032044,0.008488,0.067611,-0.718893,-0.7986577067190948,-0.783533678900006,-0.6481725593051646,0.02284306095406359,-0.01547019314891666,0.5490644726899994,0.012342694905098095,0.040300044863036774,0.47112285797245257,-0.64865,-0.65005,-0.6509,Low,Low,Low
70,72,216500,219000,82.096415,81.620366,81.190798,-0.010057,-0.005087,-0.073428,0.084754,0.378156,-1.00825,-0.8140037839841221,-0.8240115112167473,-0.6402146707520068,-0.09433470398087222,-0.02983959347784859,0.21822212517591633,0.06943066803550663,0.2451186253230965,0.32627134069534464,-0.6376,-0.6393,-0.6491,Low,Low,Low
70,73,219500,222000,82.816347,82.739977,81.548763,-0.012375,-0.01173,-0.05225,0.025757,-0.049373,-0.605441,-0.7798421921324499,-0.7712270412310401,-0.6232582452235412,-0.12487760953795997,-0.11476479488807528,0.38752860197016653,0.025269191744961533,-0.036856234634426166,0.527916695129053,-0.586033,-0.58625,-0.6125,Low,Low,Low
70,74,222500,225000,82.687014,82.454418,82.079343,0.002026,0.007702,-0.06032,-0.159865,-0.278872,-0.506957,-0.7859791900141275,-0.7846898247019494,-0.5981252287082579,0.06487579120734654,0.13365707983773012,0.32301338487083703,-0.11367586566479763,-0.1882212844565236,0.577217582363572,-0.5291,-0.52725,-0.5487,Low,Low,Low
70,75,225500,228000,83.122419,83.088856,82.417582,-0.002309,-0.001612,-0.041558,0.169219,0.169401,-0.424256,-0.7653187277757815,-0.7547790132068922,-0.5821032030512167,0.00775607783807332,0.01458537640029951,0.47300526878875765,0.13265590143518613,0.10743518890022778,0.6186175323572963,-0.5156,-0.51365,-0.5244,Low,Low,Low
70,76,228500,231000,81.671012,81.862697,80.994637,0.003827,0.005224,-0.023222,-0.233605,-0.134557,-0.953904,-0.8341896399517363,-0.8125867276123471,-0.6495066109922242,0.08860649565441946,0.10197792146131257,0.6195915167111002,-0.16887303266760786,-0.09303896486002866,0.35347683618341547,-0.55215,-0.5514,-0.5752,Low,Low,Low
70,77,231500,234000,83.512859,83.436834,81.967213,-0.02058,-0.029886,-0.048698,-0.339316,-0.100992,-1.568463,-0.7467919059057059,-0.7383734631571995,-0.6034367088655548,-0.23299000819883353,-0.34687407635790457,0.4159248908347041,-0.248001697178512,-0.07090131764902251,0.045829868574883,-0.606283,-0.60705,-0.6261,Low,Low,Low
70,78,234500,237000,84.249632,84.819021,82.117122,-0.021278,-0.027061,-0.050075,0.413738,0.343325,0.062136,-0.7118311894584135,-0.6732097516394175,-0.596335677215682,-0.24218713851757692,-0.3107588130756691,0.4049165322292794,0.31568758136955216,0.22214599341466343,0.8621043641652257,-0.64675,-0.6474,-0.659,Low,Low,Low
70,79,237500,240000,82.542715,82.595102,81.967213,-0.008102,-0.01506,-0.040128,0.18376,0.159552,-0.083442,-0.7928263416098401,-0.7780572260802238,-0.6034367088655548,-0.06857483324570979,-0.15733606098713518,0.48443733328095606,0.14354038754025614,0.10093932453612232,0.7892283176822763,-0.668667,-0.66915,-0.6736,Low,Low,Low
70,80,240500,243000,84.575736,84.648762,83.449235,-0.001593,-0.008861,-0.037592,-0.146615,-0.20732,-0.395729,-0.69635718392845,-0.6812366744503731,-0.5332348855740374,0.017190383437242784,-0.07808702839011648,0.504711260240547,-0.10375774167798944,-0.14102947950368844,0.6328980897081261,-0.677017,-0.6772,-0.6787,Low,Low,Low
70,81,243500,246000,84.123933,84.181848,83.625212,0.00242,0.00818,-0.033641,-0.081491,-0.045825,-0.884998,-0.7177957499087946,-0.7032495057095397,-0.5248990401835024,0.07006729456778336,0.1397679102267243,0.5362973349319289,-0.05500997514841236,-0.034516166935792174,0.3879710376352428,-0.680933,-0.68075,-0.683,Low,Low,Low
70,82,246500,249000,84.87414,84.507042,84.151473,-0.015096,-0.012587,-0.054908,-0.183997,0.145089,-1.87601,-0.6821975748891156,-0.6879181156709173,-0.499970610155327,-0.16073060609569756,-0.1257208234306862,0.3662793520259264,-0.13173957646099801,0.09140031689087334,-0.10812752517754981,-0.686517,-0.6865,-0.6892,Low,Low,Low
70,83,249500,252000,86.069067,85.899454,85.031245,-0.013464,-0.001428,-0.07409,0.06809,0.031715,-0.965738,-0.6254969302913712,-0.6222723427893186,-0.45829673589379455,-0.13922671400373587,0.016937662575142457,0.21292979881659083,0.056957036479569144,0.01662499691766878,0.34755276019611503,-0.694583,-0.69445,-0.699,Low,Low,Low
70,84,252500,255000,88.799323,89.015422,86.570605,-0.007702,-0.00282,-0.045103,-0.023811,-0.003741,-0.792766,-0.4959431792112985,-0.475368892061856,-0.38537887185261965,-0.06330427145846429,-0.0008578937041042027,0.444664941079077,-0.011834322955273043,-0.006759850974881021,0.43414218656719267,-0.706117,-0.70585,-0.7121,Low,Low,Low
70,85,255500,258000,85.763965,85.769335,85.169515,-0.000696,-0.001511,-0.034548,0.027283,-0.023932,-0.308159,-0.6399743670452994,-0.6284068506229061,-0.45174703143156764,0.02900961824514084,0.01587657696366439,0.5290463681526113,0.02641146021317808,-0.020076735671363224,0.67673545105745,-0.725633,-0.7251,-0.7373,Low,Low,Low
70,86,258500,261000,87.04658,87.500994,85.432625,-0.004924,-0.003737,-0.030782,0.037468,-0.059897,-0.292702,-0.5791128271598204,-0.5467671538791434,-0.4392837874809171,-0.026700219846044215,-0.012580972086337813,0.5591534694656317,0.0340353162739812,-0.04379729226137771,0.6844731933707594,-0.759333,-0.7589,-0.7767,Low,Low,Low
70,87,261500,264000,87.413455,87.516068,86.595836,-0.002461,-0.000138,-0.042601,0.006921,0.042253,-0.590934,-0.561704191329517,-0.5460564846372689,-0.38418370592156825,0.005753264358920023,0.03342923412703053,0.46466705671507724,0.011169736392846893,0.023575288182664543,0.5351788694021449,-0.801433,-0.80155,-0.8188,Low,Low,Low
70,88,264500,267000,85.26885,85.28789,84.528585,-0.010349,-0.017806,-0.028749,0.100119,0.109058,-0.234541,-0.6634681366647088,-0.6511047511903967,-0.4821072113764213,-0.09818221408556145,-0.19244137531386743,0.5754061877262188,0.08093194917190721,0.06763623029293614,0.7135884699887568,-0.839033,-0.8395,-0.8517,Low,Low,Low
70,89,267500,270000,83.932687,83.869424,82.750836,-0.005991,-0.014001,-0.033405,0.080364,0.037901,-0.171992,-0.7268705900260065,-0.7179788494287557,-0.5663173116007577,-0.040759443413521605,-0.1437976313177945,0.5381840252956762,0.06614458771082075,0.02070494584206276,0.7449003703546226,-0.864083,-0.8646,-0.8708,Low,Low,Low
70,90,270500,273000,86.142564,85.126722,84.151473,-0.043585,-0.039223,-0.255808,-0.364086,0.446687,-4.196016,-0.6220094140866158,-0.658703075482188,-0.499970610155327,-0.5361131929877909,-0.46623981556719063,-1.2398057923675414,-0.26654297500139795,0.2903179430951049,-1.2695177427703295,-0.87065,-0.87165,-0.8725,Low,Low,Low
70,91,273500,276000,92.590601,92.125572,90.821468,0.054332,0.057617,-0.077177,0.530213,1.027054,-2.215032,-0.3160427280128185,-0.3287397330717703,-0.18401996276594715,0.7540808033165057,0.7717786255838487,0.18825092952469127,0.40287350524604154,0.6730964295813258,-0.27784123899929825,-0.849333,-0.85015,-0.8628,Low,Low,Low
70,92,276500,279000,93.280056,93.673224,90.497738,-0.01629,-0.016497,-0.182761,-0.230031,0.419171,-3.674753,-0.28332730445879606,-0.2557751136259803,-0.19935471235411972,-0.1764632330306254,-0.1757069046460989,-0.6558351525342433,-0.16619775907297749,0.27216988706477435,-1.0085745602987906,-0.806117,-0.80655,-0.8264,Low,Low,Low
70,93,279500,282000,93.832903,93.802411,92.449923,-0.020038,-0.02192,-0.136037,-0.336276,-0.348229,-0.624681,-0.2570940858070048,-0.24968454527318304,-0.10688176228836457,-0.22584839697711587,-0.2450354259839973,-0.28230243831502766,-0.2457261426939915,-0.23396538687314075,0.5182851908198033,-0.755617,-0.7555,-0.7764,Low,Low,Low
70,94,282500,285000,89.743072,89.270217,87.719298,0.011593,0.018727,-0.111451,-0.136577,-0.275861,-0.813356,-0.4511612162642096,-0.4633564886199387,-0.33096649268267314,0.19093445275379103,0.2746024878684014,-0.08575087355615356,-0.09624392065311545,-0.18623539273144277,0.4238348750428969,-0.706167,-0.70625,-0.7269,Low,Low,Low
70,95,285500,288000,84.174856,83.905083,81.533134,-0.007669,-0.021408,-0.07225,-1.153049,-1.094834,-2.341885,-0.7153793956671952,-0.7162976928348843,-0.6239985745143496,-0.06286945011101652,-0.23848993401921695,0.2276395880932658,-0.8571114923602013,-0.7263854105875233,-0.34134358911058976,-0.660483,-0.6599,-0.6773,Low,Low,Low
70,96,288500,291000,80.47565,80.494419,78.259949,0.000157,0.004973,-0.021024,-0.627449,-0.982166,-1.128023,-0.8909109257940084,-0.8770946942392419,-0.7790459051008354,0.040249091256441896,0.09876909629889094,0.6371633193361717,-0.46368009858915377,-0.6520757297899769,0.2663132239785172,-0.6308,-0.62985,-0.6399,Low,Low,Low
70,97,291500,294000,75.049766,74.707782,73.83823,-0.017992,-0.018632,-0.026119,-0.599619,-0.665369,-1.052741,-1.1483752899874575,-1.1499078115136214,-0.9884980831945108,-0.19888947343535507,-0.2030010947726733,0.5964315930510311,-0.44284829552855964,-0.44313367039760043,0.3039992378771105,-0.623017,-0.623,-0.623,Low,Low,Low
70,98,294500,297000,74.78869,74.865414,73.982737,-0.012031,-0.008767,-0.045764,0.607799,0.601806,-0.851584,-1.1607636429906125,-1.142476193234784,-0.9816529386026035,-0.12034492640092882,-0.07688531697470759,0.4393806091704454,0.4609495480868339,0.3926259930794357,0.40469801710453945,-0.578633,-0.5985,-0.622,Low,Low,Low
